data;horario;n_da_ocorrencia;tipo_de_ocorrencia;km;trecho;sentido;tipo_de_acidente;automovel;bicicleta;caminhao;moto;onibus;outros;tracao_animal;transporte_de_cargas_especiais;trator_maquinas;utilitarios;ilesos;levemente_feridos;moderadamente_feridos;gravemente_feridos;mortos
09/12/2014;19:06:00;121;sem vítima;21;BR-050/MG;Sul;Saida de Pista;1;;;;;;;;;;4;;;;
09/12/2014;00:47:00;3;sem vítima;150,5;BR-050/MG;Sul;Saida de Pista;1;;;;;;;;;;1;;;;
10/12/2014;12:44:00;75;sem vítima;27;BR-050/MG;Sul;Saida de Pista;1;;;;;;;;;;3;;;;
10/12/2014;13:21:00;77;sem vítima;30,1;BR-050/MG;Sul;Choque - Defensa, barreira ou meio fio;;;;;;;;;;1;1;;;;
10/12/2014;18:37:00;127;sem vítima;96;BR-050/MG;Norte;Colisão Lateral;1;;1;;;;;;;;3;;;;
11/12/2014;17:46:00;97;sem vítima;60,28;BR-050/MG;Norte;Saida de Pista;1;;;;;;;;;;3;;;;
11/12/2014;17:48:00;99;com vítima;93,64;BR-050/MG;Sul;Saida de Pista;1;;;;;;;;;;0;1;;;
11/12/2014;15:29:00;83;sem vítima;175,43;BR-050/MG;Sul;Choque - Defensa, barreira ou meio fio;1;;;;;;;;;;1;;;;
12/12/2014;17:00:00;95;sem vítima;17;BR-050/MG;Norte;Choque - Elemento de Drenagem;1;;;;;;;;;;3;;;;
12/12/2014;20:06:00;122;sem vítima;22;BR-050/MG;Sul;Choque - Defensa, barreira ou meio fio;1;;;;;;;;;;2;;;;
12/12/2014;20:00:00;120;sem vítima;54;BR-050/MG;Sul;Tombamento;;;1;;;;;;;;1;;;;
12/12/2014;05:58:00;21;sem vítima;96,5;BR-050/MG;Norte;Saida de Pista;;;1;;;;;;;;1;;;;
12/12/2014;09:10:00;40;com vítima;208;BR-050/GO;Norte;Colisão Lateral;;;;1;;;;;;1;2;1;;;
12/12/2014;14:38:00;74;sem vítima;247,7;BR-050/GO;Norte;Choque - Barranco;1;;;;;;;;;;2;;;;
13/12/2014;05:30:00;11;sem vítima;19;CONTORNO;Norte;Saida de Pista;1;;;;;;;;;;2;;;;
13/12/2014;06:56:00;14;sem vítima;29;BR-050/MG;Norte;Saida de Pista;1;;;;;;;;;;1;;;;
13/12/2014;05:23:00;10;sem vítima;36;BR-050/MG;Sul;Saida de Pista;1;;;;;;;;;;2;;;;
13/12/2014;04:01:00;8;com vítima;49,6;BR-050/MG;Sul;Choque - Defensa, barreira ou meio fio;1;;;;;;;;;;0;1;;;
13/12/2014;22:24:00;149;com vítima;62;BR-050/MG;Norte;Capotamento;1;;;;;;;;;;0;2;;;
13/12/2014;01:10:00;2;sem vítima;130;BR-050/MG;Norte;Colisão Traseira;;;1;;;;;;;1;2;;;;
13/12/2014;23:36:00;160;sem vítima;183,8;BR-050/MG;Sul;Choque - Defensa, barreira ou meio fio;1;;;;;;;;;;2;;;;
14/12/2014;06:42:00;61;sem vítima;30,1;BR-050/MG;Norte;Colisão Traseira;1;;;;;;;;;;2;;;;
14/12/2014;11:32:00;98;sem vítima;100;BR-050/GO;Norte;Colisão Traseira;2;;;;;;;;;;5;;;;
14/12/2014;06:34:00;60;com vítima;104,6;BR-050/GO;Sul;Capotamento;;;;;;;;;;1;0;1;;;
14/12/2014;06:05:00;56;sem vítima;144,5;BR-050/GO;Sul;Saida de Pista;;;;;1;;;;;;33;;;;
14/12/2014;08:39:00;76;sem vítima;120,4;BR-050/MG;Norte;Saida de Pista;1;;;;;;;;;;1;;;;
14/12/2014;08:25:00;75;com vítima;226;BR-050/GO;Norte;Colisão Traseira;;;;2;;;;;;;0;2;;;
14/12/2014;00:29:00;5;com vítima;252,2;BR-050/GO;Norte;Colisão Frontal;1;;1;;;;;;;;2;2;;2;
14/12/2014;16:01:00;141;sem vítima;171;BR-050/MG;Sul;Queda de Ciclista;;1;;;;;;;;;2;;;;
15/12/2014;19:28:00;157;sem vítima;6;CONTORNO;Norte;Tombamento;;;1;;;;;;;;1;;;;
15/12/2014;22:22:00;175;com vítima;39,6;BR-050/MG;Sul;Capotamento;1;;;;;;;;;;0;1;;;
15/12/2014;07:47:00;73;com vítima;212,3;BR-050/GO;Sul;Choque - Arvore;1;;;;;;;;;;1;2;1;;
16/12/2014;00:18:00;1;com vítima;29,9;BR-050/MG;Norte;Tombamento;;;1;;;;;;;;0;;;1;
16/12/2014;17:55:00;107;sem vítima;30;BR-050/MG;Sul;Choque - Veiculo parado na pista;;;2;;;;;;;;2;;;;
16/12/2014;11:10:00;47;com vítima;96,4;BR-050/GO;Sul;Colisão Lateral;;;;1;;;;;;1;1;1;;;
17/12/2014;05:50:00;15;com vítima;9,2;BR-050/MG;Norte;Colisão Lateral;1;;;;;1;;;;;5;1;;;
17/12/2014;10:45:00;58;sem vítima;122,8;BR-050/MG;Norte;Capotamento;1;;1;;;;;;;;2;;;;
17/12/2014;21:50:00;138;com vítima;124,7;BR-050/MG;Norte;Colisão Lateral;1;;1;;;;;;;;2;2;;;
17/12/2014;18:03:00;115;sem vítima;134,2;BR-050/MG;Sul;Saida de Pista;1;;;;;;;;;;5;;;;
17/12/2014;13:02:00;80;sem vítima;313,6;BR-050/GO;Sul;Carreta deu L;;;1;;;;;;;;1;;;;
18/12/2014;02:44:00;14;sem vítima;2,1;BR-050/MG;Norte;Choque - Defensa, barreira ou meio fio;1;;;;;;;;;;2;;;;
18/12/2014;12:28:00;83;sem vítima;52;BR-050/MG;Sul;Tombamento;;;;;;;;;;1;1;;;;
18/12/2014;08:21:00;46;sem vítima;81;BR-050/MG;Norte;Saida de Pista;1;;;;;;;;;;1;;;;
18/12/2014;14:45:00;109;com vítima;192;BR-050/MG;Sul;Saida de Pista;1;;;;;;;;;;3;1;;;
19/12/2014;12:39:00;70;sem vítima;5,7;BR-050/MG;Norte;Choque - Barranco;1;;;;;;;;;;1;;;;
19/12/2014;21:49:00;148;sem vítima;54;BR-050/MG;Sul;Colisão Traseira;;;2;;;;;;;;2;;;;
19/12/2014;03:27:00;8;sem vítima;61;BR-050/MG;Norte;Saida de Pista;1;;;;;;;;;;1;;;;
19/12/2014;04:05:00;12;sem vítima;61;BR-050/MG;Sul;Choque - Defensa, barreira ou meio fio;1;;;;;;;;;;2;;;;
19/12/2014;17:57:00;117;com vítima;153,06;BR-050/MG;Sul;Capotamento;;;;;;;;;;1;0;;2;;
19/12/2014;01:38:00;5;com vítima;239;BR-050/GO;Sul;Tombamento;;;1;;;;;;;;0;1;;;
19/12/2014;13:24:00;80;sem vítima;177,72;BR-050/MG;Sul;Choque - Poste;;;;;;;;;;1;1;;;;
19/12/2014;22:05:00;120;com vítima;98;BR-050/GO;Norte;Colisão Lateral;1;;;1;;;;;;;1;1;1;;
20/12/2014;20:07:00;147;sem vítima;14;BR-050/MG;Sul;Capotamento;1;;;;;;;;;;1;;;;
20/12/2014;13:31:00;88;sem vítima;64,1;BR-050/MG;Sul;Capotamento;1;;;;;;;;;;4;;;;
20/12/2014;23:08:00;163;com vítima;130,8;BR-050/GO;Sul;Capotamento;1;;;;;;;;;;0;1;;;
20/12/2014;12:50:00;77;sem vítima;139,5;BR-050/GO;Sul;Saida de Pista;;;1;;;;;;;;2;;;;
20/12/2014;05:28:00;12;sem vítima;96;BR-050/MG;Norte;Colisão Traseira;1;;1;;;;;;;;2;;;;
20/12/2014;08:54:00;36;sem vítima;114;BR-050/MG;Norte;Saida de Pista;1;;;;;;;;;;4;;;;
20/12/2014;15:59:00;109;com vítima;116;BR-050/MG;Norte;Capotamento;1;;;;;;;;;;0;1;;;
20/12/2014;04:12:00;11;com vítima;243,95;BR-050/GO;Norte;Colisão Lateral;1;;;;1;;;;;;3;1;;;
20/12/2014;16:18:00;113;sem vítima;176,3;BR-050/MG;Norte;Colisão Traseira;2;;;;;;;;;;3;;;;
20/12/2014;15:02:00;103;com vítima;192,1;BR-050/MG;Sul;Capotamento;1;;;;;;;;;;0;;2;;1
20/12/2014;18:32:00;133;sem vítima;196,1;BR-050/MG;Sul;Saida de Pista;1;;;;;;;;;;1;;;;
20/12/2014;14:03:00;92;sem vítima;9,9;CONTORNO;Sul;Saida de Pista;1;;;;;;;;;;5;;;;
21/12/2014;05:22:00;19;sem vítima;55,1;BR-050/MG;Norte;Colisão Traseira;2;;;;;;;;;;10;;;;
21/12/2014;18:08:00;142;com vítima;64,8;BR-050/MG;Norte;Tombamento;;;1;;;;;;;;0;1;;;
21/12/2014;11:40:00;86;sem vítima;225;BR-050/GO;Norte;Engavetamento;;;;;;;;;;3;3;;;;
21/12/2014;01:56:00;5;com vítima;280;BR-050/GO;Norte;Queda de Moto;;;;1;;;;;;;0;1;;;
21/12/2014;12:15:00;91;sem vítima;281;BR-050/GO;Norte;Engavetamento;1;;;;;1;;;;1;7;;;;
22/12/2014;07:13:00;25;sem vítima;10;BR-050/MG;Norte;Capotamento;;;;;;;;;;1;5;;;;
22/12/2014;17:15:00;161;sem vítima;128,2;BR-050/GO;Norte;Tombamento;;;;;;;;;;1;2;;;;
22/12/2014;07:32:00;26;sem vítima;134,08;BR-050/GO;Sul;Saida de Pista;;;1;;;;;;;;1;;;;
22/12/2014;16:04:00;146;sem vítima;102,1;BR-050/MG;Norte;Saida de Pista;1;;;;;;;;;;4;;;;
22/12/2014;16:04:00;147;com vítima;123,5;BR-050/MG;Sul;Capotamento;1;;;;;;;;;;0;;;1;
22/12/2014;22:33:00;203;sem vítima;149,2;BR-050/MG;Sul;Saida de Pista;1;;;;;;;;;;2;;;;
22/12/2014;17:58:00;168;sem vítima;252,9;BR-050/GO;Sul;Colisão Lateral;2;;;;;;;;;;5;;;;
22/12/2014;06:00:00;17;sem vítima;311;BR-050/GO;Norte;Saida de Pista;;;1;;;;;;;;1;;;;
23/12/2014;13:05:00;86;com vítima;46,1;BR-050/MG;Norte;Saida de Pista;1;;;;;;;;;;1;3;;;
23/12/2014;00:35:00;4;com vítima;62;BR-050/MG;Norte;Saida de Pista;1;;;;;;;;;;4;1;;;
23/12/2014;20:37:00;151;sem vítima;93;BR-050/MG;Sul;Saida de Pista;1;;;;;;;;;;1;;;;
23/12/2014;17:15:00;126;sem vítima;147,5;BR-050/MG;Sul;Saida de Pista;;;;;;;;;;1;3;;;;
23/12/2014;19:50:00;145;sem vítima;155,2;BR-050/MG;Sul;Saida de Pista;1;;;;;;;;;;2;;;;
23/12/2014;15:34:00;111;sem vítima;241,75;BR-050/GO;Sul;Saida de Pista;1;;;;;;;;;;1;;;;
23/12/2014;12:12:00;81;sem vítima;178,4;BR-050/MG;Sul;Saida de Pista;1;;;;;;;;;;2;;;;
23/12/2014;17:51:00;131;sem vítima;312,9;BR-050/GO;Sul;Saida de Pista;;;1;;;;;;;;1;;;;
23/12/2014;16:33:00;120;sem vítima;195,8;BR-050/MG;Sul;Colisão Traseira;2;;;;;;;;;;5;;;;
24/12/2014;05:34:00;16;sem vítima;30,5;BR-050/MG;Norte;Saida de Pista;1;;;;;;;;;;2;;;;
24/12/2014;07:33:00;25;sem vítima;91,1;BR-050/MG;Norte;Saida de Pista;1;;;;;;;;;;4;;;;
24/12/2014;16:14:00;146;com vítima;166,8;BR-050/GO;Sul;Queda de Moto;;;;1;;;;;;;0;1;;;
24/12/2014;04:37:00;14;sem vítima;125,7;BR-050/MG;Norte;Capotamento;1;;;;;;;;;;1;;;;
24/12/2014;01:47:00;8;sem vítima;139;BR-050/MG;Norte;Choque - Elemento de Drenagem;1;;;;;;;;;;1;;;;
24/12/2014;20:04:00;186;sem vítima;204;BR-050/GO;Sul;Choque - Veiculo parado na pista;1;;1;;;;;;;;2;;;;
24/12/2014;13:06:00;101;sem vítima;280,7;BR-050/GO;Sul;Colisão Transversal;1;;1;;;;;;;;4;;;;
24/12/2014;17:05:00;155;sem vítima;183,9;BR-050/MG;Norte;Choque - Defensa, barreira ou meio fio;1;;;;;;;;;;3;;;;
24/12/2014;07:50:00;30;sem vítima;97,5;BR-050/GO;Sul;Colisão Frontal;2;;;;;;;;;;2;;;;
24/12/2014;03:14:00;11;com vítima;98,2;BR-050/GO;Sul;Colisão Traseira;2;;;;;;;;;;1;1;;;
25/12/2014;17:46:00;103;com vítima;27;BR-050/MG;Sul;Queda de Moto;;;;1;;;;;;;0;1;;;
25/12/2014;11:01:00;53;com vítima;208;BR-050/GO;Norte;Colisão Transversal;2;;;;;;;;;;2;1;;;
26/12/2014;02:47:00;9;com vítima;134,4;BR-050/MG;Sul;Capotamento;1;;;;;;;;;;0;;1;;
27/12/2014;06:59:00;15;sem vítima;17,23;BR-050/MG;Sul;Saida de Pista;1;;;;;;;;;;2;;;;
27/12/2014;04:28:00;8;sem vítima;129;BR-050/GO;Norte;Saida de Pista;1;;;;;;;;;;4;;;;
27/12/2014;11:20:00;47;com vítima;135;BR-050/MG;Sul;Choque - Elemento de Drenagem;1;;;;;;;;;;0;6;1;;
28/12/2014;06:24:00;17;sem vítima;78,8;BR-050/MG;Sul;Saida de Pista;1;;;;;;;;;;1;;;;
28/12/2014;15:50:00;76;sem vítima;132;BR-050/MG;Sul;Choque - Arvore;1;;;;;;;;;;4;;;;
29/12/2014;03:45:00;16;sem vítima;164;BR-050/GO;Norte;Colisão Lateral;;;2;;;;;;;;2;;;;
29/12/2014;01:16:00;9;com vítima;188,1;BR-050/MG;Norte;Atropelamento - Outros;;;;;;;;;;;1;;1;;
30/12/2014;20:35:00;146;com vítima;209,5;BR-050/GO;Norte;Saida de Pista;2;;;;;;;;;;8;2;;;
30/12/2014;15:34:00;99;sem vítima;96;BR-050/GO;Sul;Colisão Transversal;2;;;;;;;;;;7;;;;
31/12/2014;07:05:00;17;sem vítima;29,7;BR-050/MG;Norte;Saida de Pista;1;;;;;;;;;;2;;;;
31/12/2014;13:01:00;86;sem vítima;160,5;BR-050/GO;Norte;Choque - Arvore;1;;;;;;;;;;2;;;;
31/12/2014;07:47:00;21;sem vítima;235;BR-050/GO;Sul;Queda de Moto;;;;1;;;;;;;2;;;;
01/01/2015;02:19:00;5;sem vítima;36;BR-050/MG;Sul;Choque - Barranco;1;;;;;;;;;;3;;;;
01/01/2015;08:35:00;25;com vítima;42;BR-050/MG;Norte;Choque - Barranco;;;;1;;;;;;;0;1;;;
02/01/2015;04:08:00;11;sem vítima;30,9;BR-050/MG;Norte;Tombamento;;;1;;;;;;;;1;;;;
02/01/2015;07:10:00;12;com vítima;80,6;BR-050/MG;Norte;Capotamento;1;;;;;;;;;;0;;1;;
02/01/2015;08:11:00;19;com vítima;84,8;BR-050/MG;Norte;Tombamento;;;1;;;;;;;;0;1;;;
02/01/2015;14:58:00;73;sem vítima;250,815;BR-050/GO;Sul;Colisão Traseira;1;;;;;;;;;1;7;;;;
02/01/2015;18:34:00;103;com vítima;178;BR-050/MG;Sul;Choque - Defensa, barreira ou meio fio;2;;;;;;;;;;2;4;;;
03/01/2015;02:49:00;16;sem vítima;61,5;BR-050/MG;Sul;Capotamento;1;;;;;;;;;;2;;;;
03/01/2015;02:26:00;13;sem vítima;62;BR-050/MG;Norte;Atropelamento - Animal;;;;1;;;;;;;2;;;;
03/01/2015;17:36:00;110;sem vítima;120;BR-050/GO;Norte;Capotamento;1;;;;;;;;;;1;;;;
03/01/2015;07:29:00;30;com vítima;168,4;BR-050/GO;Sul;Choque - Suporte de Sinalização;1;;;;;;;;;;2;1;;;
03/01/2015;04:52:00;20;sem vítima;176;BR-050/MG;Norte;Saida de Pista;1;;;;;;;;;;1;;;;
03/01/2015;14:11:00;86;sem vítima;189;BR-050/MG;Sul;Colisão Lateral;2;;;;;;;;;;4;;;;
04/01/2015;03:01:00;9;sem vítima;24,8;BR-050/MG;Sul;Saida de Pista;1;;;;;;;;;;2;;;;
05/01/2015;17:51:00;103;com vítima;17,1;BR-050/MG;Sul;Capotamento;1;;;;;;;;;;0;;1;;
05/01/2015;10:03:00;52;com vítima;115;BR-050/MG;Norte;Tombamento;;;1;;;;;;;;0;1;;;
05/01/2015;13:00:00;68;com vítima;271;BR-050/GO;Sul;Colisão Transversal;1;;;;;;;;;1;2;1;;;
05/01/2015;16:18:00;92;sem vítima;178;BR-050/MG;Sul;Choque - Defensa, barreira ou meio fio;1;;;;;;;;;;1;;;;
06/01/2015;06:40:00;24;com vítima;273,1;BR-050/GO;Sul;Capotamento;1;;;;;;;;;;2;2;;;
06/01/2015;20:45:00;131;com vítima;278,5;BR-050/GO;Sul;Colisão Transversal;1;;;;;;;;;1;2;1;;;
07/01/2015;07:52:00;32;com vítima;126,4;BR-050/MG;Norte;Tombamento;;;1;;;;;;;;0;1;;;
09/01/2015;14:26:00;77;com vítima;62,8;BR-050/MG;Norte;Saida de Pista;;;;1;;;;;;;0;;1;;
10/01/2015;16:05:00;113;com vítima;107;BR-050/GO;Norte;Capotamento;1;;;;;;;;;;0;3;1;;
10/01/2015;14:40:00;100;com vítima;141;BR-050/MG;Sul;Colisão Traseira;1;;1;;;;;;;;2;1;;;
10/01/2015;10:25:00;59;sem vítima;209;BR-050/GO;Sul;Colisão Transversal;;;;1;;;;;;1;2;;;;
11/01/2015;22:36:00;174;sem vítima;61,5;BR-050/MG;Norte;Saida de Pista;1;;;;;;;;;;2;;;;
11/01/2015;14:57:00;92;sem vítima;193;BR-050/MG;Sul;Colisão Traseira;;;1;;;;;;;1;4;;;;
11/01/2015;11:37:00;69;com vítima;200,8;BR-050/MG;Sul;Saida de Pista;1;;;;;;;;;;2;1;;;
11/01/2015;17:55:00;130;com vítima;99,05;BR-050/GO;Norte;Colisão Frontal;;;1;1;;;;;;;2;;;;1
12/01/2015;18:38:00;113;com vítima;133;BR-050/MG;Sul;Tombamento;;;1;;;;;;;;0;;1;;
12/01/2015;08:42:00;35;sem vítima;135;BR-050/MG;Norte;Capotamento;1;;;;;;;;;;1;;;;
13/01/2015;11:04:00;56;sem vítima;0,5;BR-050/MG;Norte;Choque - Suporte de Sinalização;;;;;;;;;;1;1;;;;
13/01/2015;23:45:00;173;com vítima;14,3;CONTORNO;Norte;Tombamento;;;1;;;;;;;;0;1;;;
13/01/2015;10:28:00;47;sem vítima;29,8;BR-050/MG;Norte;Choque - Elemento de Drenagem;1;;;;;;;;;;2;;;;
13/01/2015;17:39:00;128;sem vítima;271,8;BR-050/GO;Sul;Colisão Traseira;2;;;;;;;;;;6;;;;
13/01/2015;14:28:00;91;sem vítima;283,9;BR-050/GO;Norte;Saida de Pista;1;;;;;;;;;;1;;;;
13/01/2015;07:52:00;23;sem vítima;193,05;BR-050/MG;Sul;Colisão Lateral;2;;;;;;;;;;5;;;;
14/01/2015;03:54:00;8;sem vítima;167,5;BR-050/GO;Sul;Tombamento;;;1;;;;;;;;1;;;;
15/01/2015;16:52:00;115;sem vítima;36,5;BR-050/MG;Sul;Saida de Pista;1;;;;;;;;;;5;;;;
15/01/2015;21:29:00;159;sem vítima;124,5;BR-050/GO;Norte;Colisão Lateral;;;;;;1;;;;1;3;;;;
15/01/2015;11:22:00;63;sem vítima;126,17;BR-050/GO;Norte;Colisão Lateral;1;;1;;;;;;;;5;;;;
15/01/2015;05:08:00;18;sem vítima;184,2;BR-050/GO;Norte;Saida de Pista;;;1;;;;;;;;3;;;;
15/01/2015;08:29:00;31;sem vítima;229,15;BR-050/GO;Norte;Saida de Pista;;;2;;;;;;;;3;;;;
15/01/2015;06:57:00;21;sem vítima;190,5;BR-050/MG;Norte;Colisão Traseira;;;1;;;;;;;1;2;;;;
16/01/2015;12:11:00;72;sem vítima;109;BR-050/MG;Sul;Colisão Lateral;1;;1;;;;;;;;3;;;;
16/01/2015;07:44:00;38;sem vítima;118,5;BR-050/MG;Sul;Saida de Pista;;;1;;;;;;;;2;;;;
17/01/2015;17:02:00;101;sem vítima;89;BR-050/MG;Sul;Choque - Suporte de Sinalização;1;;;;;;;;;;1;;;;
18/01/2015;15:26:00;82;com vítima;119,2;BR-050/GO;Norte;Colisão Transversal;1;;1;;;;;;;;1;1;;1;
18/01/2015;00:39:00;7;sem vítima;81,4;BR-050/MG;Sul;Colisão Lateral;1;;1;;;;;;;;2;;;;
18/01/2015;21:51:00;163;sem vítima;178;BR-050/GO;Sul;Colisão Lateral;2;;;;;;;;;;2;;;;
18/01/2015;06:20:00;19;sem vítima;191,99;BR-050/GO;Sul;Saida de Pista;1;;;;;;;;;;1;;;;
19/01/2015;16:17:00;113;com vítima;313,6;BR-050/GO;Norte;Atropelamento - Usuário;;;;;;1;;;;;1;;1;;
20/01/2015;13:19:00;79;com vítima;30,82;BR-050/MG;Norte;Capotamento;1;;;;;;;;;;0;;1;;
20/01/2015;05:41:00;15;com vítima;200;BR-050/MG;Norte;Queda de Moto;;;;1;;;;;;;0;2;;;
21/01/2015;12:42:00;60;sem vítima;104,05;BR-050/GO;Sul;Choque - Suporte de Sinalização;;;1;;;;;;;;2;;;;
21/01/2015;02:40:00;6;sem vítima;253,9;BR-050/GO;Norte;Atropelamento - Animal;;;;;;;;;;1;1;;;;
21/01/2015;07:58:00;25;com vítima;280,05;BR-050/GO;Norte;Colisão Transversal;1;;;1;;;;;;;2;1;;;
22/01/2015;07:12:00;36;sem vítima;123,82;BR-050/GO;Norte;Saida de Pista;1;;;;;;;;;;1;;;;
22/01/2015;22:13:00;173;com vítima;263,5;BR-050/GO;Norte;Colisão Frontal;;;;1;;;;;;1;1;;;;1
23/01/2015;13:47:00;74;com vítima;17;BR-050/MG;Norte;Tombamento;;;1;;;;;;;;0;;;;1
23/01/2015;02:21:00;6;sem vítima;111,5;BR-050/MG;Norte;Tombamento;;;1;;;;;;;;1;;;;
23/01/2015;11:50:00;55;sem vítima;238,44;BR-050/GO;Sul;Choque - Defensa, barreira ou meio fio;;;;;;;;;;1;1;;;;
24/01/2015;14:25:00;78;sem vítima;9,9;BR-050/MG;Norte;Choque - Barranco;;;;;;;;;;1;2;;;;
24/01/2015;04:28:00;11;sem vítima;129,33;BR-050/GO;Norte;Tombamento;;;1;;;;;;;;2;;;;
25/01/2015;18:40:00;90;sem vítima;31;BR-050/MG;Norte;Choque - Suporte de Sinalização;1;;;;;;;;;;5;;;;
25/01/2015;16:04:00;69;com vítima;132,1;BR-050/MG;Sul;Choque - Barranco;1;;;;;;;;;;2;2;;;
25/01/2015;10:39:00;39;com vítima;148,4;BR-050/MG;Sul;Choque - Arvore;1;;;;;;;;;;0;;1;;
25/01/2015;16:20:00;70;sem vítima;155;BR-050/MG;Sul;Capotamento;;;;;;;;;;1;1;;;;
25/01/2015;01:27:00;6;sem vítima;209;BR-050/GO;Norte;Choque - Suporte de Sinalização;;;;;;;;;;1;1;;;;
25/01/2015;11:51:00;43;com vítima;99;BR-050/GO;Norte;Colisão Traseira;1;;;;;;;;;1;0;4;;;
26/01/2015;14:47:00;92;sem vítima;16,35;CONTORNO;Sul;Colisão Traseira;2;;;;;;;;;;4;;;;
26/01/2015;20:01:00;124;sem vítima;18,9;BR-050/MG;Norte;Choque - Defensa, barreira ou meio fio;1;;;;;;;;;;3;;;;
26/01/2015;18:44:00;113;com vítima;97,6;BR-050/MG;Norte;Saida de Pista;1;;;;;;;;;;0;1;;;
26/01/2015;10:37:00;61;com vítima;145;BR-050/MG;Sul;Capotamento;1;;;;;;;;;;0;;1;;
26/01/2015;13:08:00;84;com vítima;150,8;BR-050/MG;Norte;Capotamento;;;;;;;;;;1;0;1;;;
26/01/2015;13:52:00;86;com vítima;161,2;BR-050/MG;Sul;Tombamento;1;;;;;;;;;;0;1;;;
27/01/2015;16:21:00;100;com vítima;277,1;BR-050/GO;Sul;Choque - Veiculo parado no acostamento;;;;;;;;;;2;1;1;;;
27/01/2015;21:10:00;141;com vítima;197;BR-050/MG;Sul;Choque - Suporte de Sinalização;1;;2;;;;;;;;2;2;;;
28/01/2015;01:11:00;3;com vítima;109,6;BR-050/GO;Norte;Capotamento;1;;;;;;;;;;1;2;;;
28/01/2015;07:50:00;30;com vítima;174,9;BR-050/GO;Sul;Capotamento;;;;;;;;;;1;0;2;;;
29/01/2015;13:50:00;84;com vítima;109,5;BR-050/GO;Norte;Queda de Moto;;;;1;;;;;;;0;1;;;
29/01/2015;07:48:00;28;com vítima;116,3;BR-050/GO;Sul;Colisão Frontal;1;;1;;;;;;;;2;;1;;
29/01/2015;15:45:00;103;sem vítima;126,6;BR-050/MG;Norte;Colisão Traseira;1;;1;;;;;;;;2;;;;
29/01/2015;10:16:00;56;com vítima;131,62;BR-050/MG;Norte;Choque - Elemento de Drenagem;1;;;;;;;;;;0;1;1;;
29/01/2015;13:54:00;86;sem vítima;139,1;BR-050/MG;Sul;Colisão Traseira;1;;1;;;;;;;;2;;;;
29/01/2015;07:21:00;22;sem vítima;281;BR-050/GO;Norte;Colisão Lateral;1;;1;;;;;;;;2;;;;
29/01/2015;14:38:00;94;sem vítima;177,5;BR-050/MG;Sul;Colisão Lateral;2;;;;;;;;;;2;;;;
29/01/2015;02:35:00;11;sem vítima;311;BR-050/GO;Sul;Tombamento;;;;;;;;;;1;1;;;;
30/01/2015;20:55:00;178;sem vítima;60;BR-050/MG;Sul;Queda de Moto;;;;1;;;;;;;1;;;;
30/01/2015;18:53:00;153;sem vítima;93,7;BR-050/MG;Norte;Saida de Pista;1;;;;;;;;;;1;;;;
30/01/2015;12:24:00;89;sem vítima;148;BR-050/GO;Sul;Colisão Transversal;;;2;;;;;;;;3;;;;
30/01/2015;18:07:00;141;sem vítima;189,8;BR-050/MG;Norte;Colisão Lateral;1;;1;;;;;;;;3;;;;
31/01/2015;08:02:00;36;sem vítima;99;BR-050/MG;Sul;Colisão Traseira;2;;;;;;;;;;2;;;;
31/01/2015;13:26:00;71;sem vítima;231,9;BR-050/GO;Sul;Queda de Moto;;;;1;;;;;;;1;;;;
31/01/2015;12:46:00;69;com vítima;313,9;BR-050/GO;Norte;Colisão Transversal;2;;;;;;;;;;1;2;;;
31/01/2015;12:51:00;70;sem vítima;193;BR-050/MG;Sul;Colisão Traseira;;;2;;;;;;;;2;;;;
01/02/2015;20:03:00;134;sem vítima;77,4;BR-050/MG;Sul;Saida de Pista;1;;;;;;;;;;2;;;;
01/02/2015;06:45:00;17;sem vítima;79,98;BR-050/MG;Sul;Saida de Pista;1;;;;;;;;;;1;;;;
01/02/2015;07:16:00;20;sem vítima;229,4;BR-050/GO;Norte;Carreta deu L;;;1;;;;;;;;1;;;;
01/02/2015;19:21:00;124;com vítima;172;BR-050/MG;Sul;Choque - Defensa, barreira ou meio fio;;;;1;;;;;;;0;1;;;
01/02/2015;21:24:00;155;com vítima;180,8;BR-050/MG;Norte;Atropelamento - Usuário;1;;;;;;;;;;5;;1;;
02/02/2015;03:05:00;14;sem vítima;55,2;BR-050/MG;Sul;Atropelamento - Animal;1;;;;;;;;;;1;;;;
03/02/2015;03:14:00;10;sem vítima;100;BR-050/GO;Sul;Atropelamento - Animal;;;;;1;;;;;;1;;;;
03/02/2015;00:25:00;1;sem vítima;161,24;BR-050/MG;Sul;Choque - Suporte de Sinalização;1;;;;;;;;;;1;;;;
03/02/2015;21:12:00;143;sem vítima;237,7;BR-050/GO;Sul;Colisão Lateral;2;;;;;;;;;;2;;;;
03/02/2015;19:18:00;130;com vítima;279,8;BR-050/GO;Sul;Colisão Transversal;1;;;1;;;;;;;1;1;;;
04/02/2015;13:12:00;61;sem vítima;180;BR-050/MG;Sul;Choque - Defensa, barreira ou meio fio;;;1;;;;;;;;1;;;;
04/02/2015;14:36:00;70;sem vítima;312;BR-050/GO;Norte;Saida de Pista;;;1;;;;;;;;1;;;;
04/02/2015;23:12:00;119;sem vítima;183,75;BR-050/MG;Norte;Tombamento;;;1;;;;;;;;1;;;;
05/02/2015;13:01:00;80;sem vítima;93,5;BR-050/MG;Sul;Choque - Defensa, barreira ou meio fio;1;;;;;;;;;;4;;;;
05/02/2015;13:03:00;81;sem vítima;124,2;BR-050/MG;Sul;Choque - Defensa, barreira ou meio fio;;;;;;;;;;1;2;;;;
05/02/2015;15:13:00;92;sem vítima;161,52;BR-050/MG;Sul;Choque - Suporte de Sinalização;1;;;;;;;;;;1;;;;