data;horario;n_da_ocorrencia;tipo_de_ocorrencia;km;trecho;sentido;tipo_de_acidente;automovel;bicicleta;caminhao;moto;onibus;outros;tracao_animal;transporte_de_cargas_especiais;trator_maquinas;utilitarios;ilesos;levemente_feridos;moderadamente_feridos;gravemente_feridos;mortos
19/11/2015;07:39:00;62;sem vítima;281;BR-050/GO;Sul;Colisão Transversal;1;;;;;1;;;;;2;;;;
19/11/2015;17:08:00;171;sem vítima;202,4;BR-050/MG;Sul;Capotamento;2;;;;;;;;;;3;;;;
19/11/2015;23:25:00;255;sem vítima;137,6;BR-050/MG;Norte;Saida de Pista;;;;;;;;;;1;1;;;;
20/11/2015;07:46:00;65;com vítima;274;BR-050/GO;Sul;Colisão Transversal;;;;1;1;;;;;;25;;1;;
20/11/2015;10:58:00;141;com vítima;180,1;BR-050/MG;Sul;Capotamento;;;;;;;;;;1;0;;1;;
20/11/2015;12:29:00;159;sem vítima;161;BR-050/MG;Norte;Tombamento;;;1;;;;;;;;1;;;;
20/11/2015;13:20:00;168;sem vítima;55,5;BR-050/MG;Sul;Capotamento;1;;;;;;;;;;1;;;;
20/11/2015;13:30:00;169;sem vítima;52,68;BR-050/MG;Norte;Tombamento;;;1;;;;;;;;1;;;;
20/11/2015;21:47:00;299;com vítima;38,8;BR-050/MG;Norte;Abalroamento - Transversal;;1;;1;;;;;;;1;1;;;
21/11/2015;00:07:00;2;sem vítima;166,4;BR-050/GO;Sul;Tombamento;;;1;;;;;;;;1;;;;
21/11/2015;04:14:00;24;com vítima;137,14;BR-050/MG;Norte;Saida de Pista;1;;;;;;;;;;1;1;;;
21/11/2015;15:43:00;169;com vítima;292;BR-050/GO;Norte;Choque - Suporte de Sinalização;1;;;;;;;;;;1;2;;;
21/11/2015;17:47:00;193;com vítima;179,6;BR-050/MG;Sul;Atropelamento - Morador;1;;;;;;;;;;1;;1;;
21/11/2015;18:52:00;211;sem vítima;108,7;BR-050/MG;Norte;Choque - Barranco;1;;;;;;;;;;4;;;;
21/11/2015;18:53:00;212;com vítima;56,4;BR-050/MG;Sul;Queda de Moto;;;;1;;;;;;;0;1;;;
21/11/2015;22:00:00;266;com vítima;266,7;BR-050/GO;Norte;Choque - Suporte de Sinalização;;;;1;;;;;;;0;1;;;
22/11/2015;06:42:00;33;com vítima;112;BR-050/MG;Sul;Colisão Traseira;1;;1;;;;;;;;1;;;1;
22/11/2015;15:38:00;140;sem vítima;129,5;BR-050/MG;Norte;Saida de Pista;1;;;;;;;;;;5;;;;
22/11/2015;18:00:00;167;sem vítima;108;BR-050/GO;Norte;Colisão Lateral;2;;;;;;;;;;6;;;;
22/11/2015;18:09:00;171;sem vítima;19,7;CONTORNO;Sul;Tombamento;;;;;;;;;;1;2;;;;
22/11/2015;18:14:00;173;sem vítima;139,7;BR-050/MG;Sul;Colisão Lateral;2;;;;;;;;;;8;;;;
22/11/2015;20:46:00;224;sem vítima;99;BR-050/GO;Sul;Colisão Traseira;2;;;;;;;;;;4;;;;
22/11/2015;23:32:00;253;com vítima;166;BR-050/MG;Norte;Choque - Defensa, barreira ou meio fio;1;;;;;;;;;;1;;2;;
23/11/2015;12:11:00;154;sem vítima;173,5;BR-050/MG;Norte;Queda de Moto;;;;1;;;;;;;2;;;;
23/11/2015;14:00:00;174;com vítima;118,1;BR-050/GO;Sul;Capotamento;1;;;;;;;;;;0;;1;;
23/11/2015;14:31:00;175;sem vítima;14,5;CONTORNO;Norte;Colisão Lateral;1;;1;;;;;;;;2;;;;
23/11/2015;17:57:00;216;com vítima;273,4;BR-050/GO;Sul;Colisão Transversal;;1;;1;;;;;;;1;1;;;
23/11/2015;20:19:00;259;sem vítima;300;BR-050/GO;Norte;Objeto lançado contra veículo;1;;;;;;;;;;1;;;;
23/11/2015;21:12:00;272;sem vítima;2;BR-050/MG;Norte;Saida de Pista;;;1;;;;;;;;1;;;;
24/11/2015;09:26:00;112;sem vítima;155,2;BR-050/MG;Sul;Choque - Suporte de Sinalização;1;;;;;;;;;;1;;;;
24/11/2015;10:37:00;130;sem vítima;62;BR-050/MG;Norte;Saida de Pista;1;;;;;;;;;;1;;;;
25/11/2015;02:55:00;11;sem vítima;159,2;BR-050/MG;Norte;Choque - Suporte de Sinalização;1;;;;;;;;;;2;;;;
25/11/2015;11:51:00;124;sem vítima;313;BR-050/GO;Sul;Colisão Lateral;;;2;;;;;;;;2;;;;
25/11/2015;12:44:00;134;com vítima;198,4;BR-050/MG;Sul;Tombamento;;;;;;;;;;1;0;;1;;
26/11/2015;04:09:00;23;sem vítima;185,3;BR-050/MG;Sul;Choque - Veiculo parado na pista;;;2;;;;;;;;2;;;;
26/11/2015;17:35:00;250;com vítima;140;BR-050/MG;Norte;Choque - Arvore;;;1;;;;;;;;0;;;1;
27/11/2015;11:31:00;142;com vítima;54,8;BR-050/MG;Sul;Colisão Traseira;1;;1;;;;;;;;3;2;;;
27/11/2015;16:20:00;184;com vítima;229,6;BR-050/GO;Norte;Choque - Talude;1;;;;;;;;;;3;1;;;
27/11/2015;19:46:00;249;sem vítima;171,1;BR-050/MG;Norte;Colisão Lateral;1;;1;;;;;;;;4;;;;
28/11/2015;00:06:00;1;sem vítima;48,5;BR-050/MG;Sul;Saida de Pista;1;;;;;;;;;;1;;;;
28/11/2015;06:17:00;31;sem vítima;279;BR-050/GO;Sul;Colisão Transversal;;;;1;;;;;;;1;;;;
28/11/2015;21:21:00;285;sem vítima;170;BR-050/MG;Norte;Colisão Traseira;2;;;;;;;;;;4;;;;
29/11/2015;05:30:00;31;sem vítima;41;BR-050/MG;Sul;Saida de Pista;1;;;;;;;;;;1;;;;
29/11/2015;12:39:00;126;sem vítima;178,14;BR-050/MG;Sul;Colisão Traseira;2;;;;;;;;;;7;;;;
29/11/2015;17:32:00;173;sem vítima;56,5;BR-050/MG;Norte;Colisão Transversal;;;1;;;;;;;1;2;;;;
29/11/2015;17:51:00;178;com vítima;29,2;BR-050/MG;Sul;Queda de Moto;;;;1;;;;;;;0;;1;;
29/11/2015;19:03:00;201;sem vítima;166,64;BR-050/MG;Sul;Saida de Pista;1;;;;;;;;;;3;;;;
30/11/2015;12:18:00;145;sem vítima;120;BR-050/MG;Norte;Saida de Pista;1;;;;;;;;;;1;;;;
30/11/2015;17:57:00;202;sem vítima;49,5;BR-050/MG;Norte;Saida de Pista;1;;;;;;;;;;1;;;;
30/11/2015;21:11:00;249;sem vítima;152;BR-050/MG;Norte;Colisão Traseira;1;;;;;;;;;1;2;;;;
01/12/2015;05:08:00;9;sem vítima;175;BR-050/MG;Norte;Saida de Pista;;;;;;;;;;1;1;;;;
01/12/2015;08:03:00;72;sem vítima;9,9;BR-050/MG;Norte;Tombamento;1;;;;;;;;;;2;;;;
01/12/2015;09:35:00;102;sem vítima;125,7;BR-050/MG;Sul;Saida de Pista;1;;;;;;;;;;1;;;;
01/12/2015;10:03:00;111;sem vítima;174,25;BR-050/MG;Sul;Choque - Defensa, barreira ou meio fio;1;;;;;;;;;;1;;;;
01/12/2015;11:39:00;133;sem vítima;3,3;BR-050/MG;Sul;Queda de Moto;;;;1;;;;;;;2;;;;
01/12/2015;13:00:00;147;sem vítima;57,9;BR-050/MG;Sul;Capotamento;1;;;;;;;;;;1;;;;
01/12/2015;13:34:00;149;com vítima;151,27;BR-050/MG;Sul;Colisão Traseira;;;2;;;;;;;;1;;;;1
02/12/2015;16:15:00;181;sem vítima;19,2;CONTORNO;Sul;Choque - Defensa, barreira ou meio fio;;;;;;;;;;1;1;;;;
02/12/2015;19:44:00;254;sem vítima;204,02;BR-050/MG;Sul;Choque - Defensa, barreira ou meio fio;;;1;;;;;;;;1;;;;
02/12/2015;21:13:00;270;sem vítima;158,5;BR-050/MG;Sul;Saida de Pista;1;;;;;;;;;;1;;;;
02/12/2015;22:16:00;288;sem vítima;180;BR-050/MG;Norte;Capotamento;;;;;;;;;;1;1;;;;
03/12/2015;07:38:00;68;sem vítima;153,36;BR-050/GO;Sul;Saida de Pista;1;;;;;;;;;;5;;;;
03/12/2015;10:32:00;106;sem vítima;22;BR-050/MG;Sul;Choque - Defensa, barreira ou meio fio;1;;;;;;;;;;1;;;;
03/12/2015;17:40:00;218;sem vítima;82,58;BR-050/MG;Norte;Saida de Pista;1;;;;;;;;;;5;;;;
03/12/2015;18:23:00;231;sem vítima;106;BR-050/MG;Norte;Capotamento;1;;;;;;;;;;1;;;;
03/12/2015;21:55:00;296;sem vítima;58;BR-050/MG;Norte;Capotamento;1;;;;;;;;;;1;;;;
04/12/2015;01:31:00;18;sem vítima;158,3;BR-050/MG;Norte;Colisão Traseira;1;;;;;;;;;1;2;;;;
04/12/2015;03:00:00;23;sem vítima;59,5;BR-050/MG;Norte;Choque - Defensa, barreira ou meio fio;1;;;;;;;;;;2;;;;
05/12/2015;03:39:00;11;sem vítima;61;BR-050/MG;Norte;Saida de Pista;1;;;;;;;;;;3;;;;
05/12/2015;05:04:00;14;com vítima;129,05;BR-050/MG;Norte;Capotamento;1;;;;;;;;;;2;1;;;
06/12/2015;00:51:00;5;com vítima;173,95;BR-050/MG;Sul;Capotamento;2;;;;;;;;;;2;;1;;
06/12/2015;07:25:00;64;sem vítima;43,25;BR-050/MG;Norte;Colisão Transversal;;;1;;;;;;;1;2;;;;
06/12/2015;12:27:00;111;com vítima;283;BR-050/GO;Sul;Colisão Transversal;1;;;1;;;;;;;1;;;1;
06/12/2015;17:33:00;167;com vítima;167;BR-050/GO;Sul;Tombamento;1;;;;;;;;;;0;1;1;;
06/12/2015;19:07:00;205;sem vítima;114;BR-050/MG;Sul;Capotamento;1;;;;;;;;;;1;;;;
07/12/2015;06:57:00;55;com vítima;178,57;BR-050/MG;Sul;Choque - Defensa, barreira ou meio fio;1;;;;;;;;;;1;;2;;
07/12/2015;07:27:00;73;sem vítima;178,57;BR-050/MG;Sul;Colisão Traseira;2;;;;;;;;;;2;;;;
07/12/2015;20:02:00;279;sem vítima;84;BR-050/MG;Sul;Capotamento;1;;;;;;;;;;1;;;;
07/12/2015;20:56:00;285;sem vítima;22;BR-050/MG;Norte;Choque - Defensa, barreira ou meio fio;1;;;;;;;;;;4;;;;
07/12/2015;21:47:00;293;com vítima;88,6;BR-050/MG;Sul;Queda de Moto;;;;1;;;;;;;0;;1;;
07/12/2015;22:24:00;295;com vítima;138;BR-050/GO;Norte;Capotamento;1;;;;;;;;;;4;1;;;
08/12/2015;12:16:00;138;sem vítima;4,8;BR-050/MG;Sul;Tombamento;;;1;;;;;;;;1;;;;
08/12/2015;14:20:00;162;sem vítima;239,2;BR-050/GO;Sul;Carreta deu L;;;1;;;;;;;;1;;;;
08/12/2015;21:20:00;249;sem vítima;127,3;BR-050/GO;Norte;Saida de Pista;;;1;;;;;;;;1;;;;
09/12/2015;15:30:00;162;sem vítima;99;BR-050/GO;Norte;Colisão Frontal;1;;;;;;;;;1;4;;;;
10/12/2015;04:36:00;17;com vítima;309,8;BR-050/GO;Norte;Colisão Transversal;1;;1;;;;;;;1;1;;1;;1
10/12/2015;05:17:00;21;com vítima;92,48;BR-050/MG;Norte;Capotamento;;;1;;;;;;;;0;;;1;
10/12/2015;09:10:00;83;sem vítima;174;BR-050/MG;Sul;Colisão Traseira;2;;;;;;;;;;4;;;;
10/12/2015;11:12:00;122;sem vítima;117;BR-050/GO;Sul;Colisão Lateral;;;;1;;;;;;;2;;;;
10/12/2015;14:53:00;183;com vítima;29,4;BR-050/MG;Norte;Capotamento;1;;;;;;;;;;1;;1;;
10/12/2015;17:38:00;205;sem vítima;282,9;BR-050/GO;Sul;Queda de Moto;;;;1;;;;;;;1;;;;
11/12/2015;12:05:00;139;com vítima;252,25;BR-050/GO;Sul;Capotamento;;;1;;;;;;;;1;;;;1
11/12/2015;16:58:00;184;com vítima;242,1;BR-050/GO;Sul;Queda de Moto;;;;1;;;;;;;0;1;;;
11/12/2015;17:17:00;186;sem vítima;96,7;BR-050/GO;Sul;Choque - Defensa, barreira ou meio fio;1;;;;;;;;;;3;;;;
11/12/2015;17:21:00;187;sem vítima;224,1;BR-050/GO;Sul;Colisão Traseira;;;1;;1;;;;;;2;;;;
11/12/2015;23:18:00;265;sem vítima;134,25;BR-050/MG;Sul;Colisão Traseira;;;2;;;;;;;;2;;;;
12/12/2015;05:52:00;28;com vítima;106,32;BR-050/MG;Norte;Colisão Traseira;1;;1;;;;;;;;2;;2;;
12/12/2015;08:54:00;86;sem vítima;153,42;BR-050/MG;Sul;Choque - Elemento de Drenagem;1;;;;;;;;;;2;;;;
12/12/2015;10:15:00;113;com vítima;38,95;BR-050/MG;Sul;Queda de Moto;;;;1;;;;;;;0;1;;;
12/12/2015;17:55:00;190;com vítima;11;BR-050/MG;Norte;Queda de Moto;;;;1;;;;;;;0;1;;;
12/12/2015;20:11:00;246;com vítima;145,5;BR-050/GO;Norte;Capotamento;1;;;;;;;;;;0;1;1;1;1
12/12/2015;21:20:00;257;com vítima;137;BR-050/GO;Norte;Colisão Frontal;2;;;;;;;;;;0;4;4;;
12/12/2015;22:41:00;267;sem vítima;177,7;BR-050/MG;Norte;Choque - Suporte de Sinalização;1;;;;;;;;;;1;;;;
12/12/2015;23:09:00;269;com vítima;178,5;BR-050/MG;Sul;Capotamento;1;;;;;;;;;;0;;3;;
13/12/2015;05:42:00;25;sem vítima;151;BR-050/GO;Sul;Saida de Pista;1;;;;;;;;;;2;;;;
13/12/2015;06:33:00;39;sem vítima;121,8;BR-050/MG;Norte;Saida de Pista;1;;;;;;;;;;3;;;;
13/12/2015;08:14:00;77;sem vítima;127,47;BR-050/MG;Norte;Saida de Pista;1;;;;;;;;;;5;;;;
13/12/2015;08:56:00;84;sem vítima;177,2;BR-050/GO;Norte;Saida de Pista;1;;;;;;;;;;1;;;;
13/12/2015;16:20:00;153;com vítima;262,1;BR-050/GO;Norte;Colisão Traseira;;;;1;;;;;;1;1;;;2;
13/12/2015;16:30:00;154;sem vítima;13;BR-050/MG;Norte;Engavetamento;1;;;;1;;;;;1;52;;;;
13/12/2015;16:51:00;158;sem vítima;174,2;BR-050/MG;Norte;Choque - Defensa, barreira ou meio fio;1;;;;1;;;;;;46;;;;
13/12/2015;21:52:00;232;sem vítima;266,9;BR-050/GO;Norte;Saida de Pista;;;;;1;;;;;;46;;;;
13/12/2015;23:26:00;241;sem vítima;119;BR-050/GO;Norte;Queda de Moto;;;;1;;;;;;;1;;;;
13/12/2015;23:35:00;244;com vítima;235,9;BR-050/GO;Norte;Colisão Frontal;;;1;;;;;;;1;0;;;3;6
14/12/2015;09:43:00;89;sem vítima;301;BR-050/GO;Norte;Colisão Traseira;2;;;;;;;;;;2;;;;
14/12/2015;17:29:00;181;sem vítima;186,5;BR-050/MG;Norte;Tombamento;;;1;;;;;;;;1;;;;
15/12/2015;13:41:00;148;sem vítima;182;BR-050/MG;Sul;Choque - Defensa, barreira ou meio fio;1;;;;;;;;;;4;;;;
15/12/2015;15:01:00;171;com vítima;172,1;BR-050/GO;Norte;Capotamento;;;1;;;;;;;;0;;1;;
15/12/2015;15:43:00;182;com vítima;182,1;BR-050/MG;Sul;Colisão Lateral;;;;2;;;;;;;0;;2;;
15/12/2015;16:30:00;189;com vítima;151;BR-050/MG;Norte;Capotamento;1;;;;;;;;;;2;;2;;
15/12/2015;16:31:00;190;sem vítima;178;BR-050/MG;Sul;Choque - Defensa, barreira ou meio fio;1;;;;;;;;;;1;;;;
16/12/2015;03:02:00;26;sem vítima;237;BR-050/GO;Norte;Colisão Lateral;;;;;2;;;;;;25;;;;
16/12/2015;06:11:00;37;sem vítima;131,58;BR-050/MG;Norte;Colisão Traseira;;;2;;;;;;;;3;;;;
16/12/2015;16:11:00;210;com vítima;133,14;BR-050/MG;Norte;Colisão Traseira;1;;1;;;;;;;;1;;;1;
17/12/2015;11:53:00;157;sem vítima;179;BR-050/MG;Sul;Queda de Moto;;;;1;;;;;;;2;;;;
17/12/2015;11:54:00;159;sem vítima;118;BR-050/MG;Norte;Saida de Pista;1;;;;;;;;;;3;;;;
17/12/2015;13:02:00;178;com vítima;181,88;BR-050/MG;Sul;Colisão Traseira;2;;;;;;;;;;2;1;;;
17/12/2015;18:24:00;260;sem vítima;206;BR-050/MG;Norte;Choque - Defensa, barreira ou meio fio;1;;;;;;;;;;3;;;;
17/12/2015;21:27:00;314;com vítima;20,8;BR-050/MG;Sul;Colisão Traseira;2;;;;;;;;;;2;1;;;
18/12/2015;05:19:00;26;sem vítima;138,4;BR-050/MG;Norte;Capotamento;1;;;;;;;;;;4;;;;
18/12/2015;13:27:00;178;sem vítima;171;BR-050/MG;Sul;Choque - Defensa, barreira ou meio fio;1;;;;;;;;;;2;;;;
19/12/2015;05:28:00;36;com vítima;15;CONTORNO;Sul;Queda de Moto;;;;1;;;;;;;0;;1;;
19/12/2015;11:17:00;124;sem vítima;27,75;BR-050/MG;Sul;Carreta deu L;;;1;;;;;;;;1;;;;
19/12/2015;13:53:00;145;com vítima;172,1;BR-050/GO;Norte;Capotamento;1;;;;;;;;;;2;1;1;1;
19/12/2015;23:38:00;271;sem vítima;119;BR-050/MG;Sul;Saida de Pista;1;;;;;;;;;;3;;;;
20/12/2015;05:39:00;31;com vítima;61,645;BR-050/MG;Sul;Choque - Defensa, barreira ou meio fio;;;;1;;;;;;;0;;1;;
20/12/2015;05:59:00;37;com vítima;105;BR-050/GO;Norte;Capotamento;1;;;;;;;;;;0;;1;;1
20/12/2015;07:24:00;79;sem vítima;186,4;BR-050/MG;Sul;Queda de Moto;;;;1;;;;;;;2;;;;
20/12/2015;07:49:00;82;sem vítima;29,3;BR-050/MG;Norte;Choque - Defensa, barreira ou meio fio;1;;;;;;;;;;5;;;;
20/12/2015;10:01:00;121;com vítima;233,2;BR-050/GO;Norte;Colisão Traseira;1;;1;;;;;;;;2;;1;1;
20/12/2015;14:57:00;158;sem vítima;176,5;BR-050/MG;Norte;Saida de Pista;1;;;;;;;;;;1;;;;
20/12/2015;16:00:00;169;sem vítima;124,98;BR-050/MG;Sul;Choque - Defensa, barreira ou meio fio;1;;;;;;;;;;1;;;;
20/12/2015;16:01:00;170;com vítima;111,7;BR-050/MG;Sul;Colisão Lateral;2;;;;;;;;;;5;1;2;1;
20/12/2015;17:41:00;187;sem vítima;53;BR-050/MG;Sul;Choque - Elemento de Drenagem;;;1;;;;;;;;1;;;;
20/12/2015;23:04:00;272;sem vítima;194,5;BR-050/MG;Sul;Choque - Defensa, barreira ou meio fio;1;;;;;;;;;;1;;;;
21/12/2015;00:45:00;9;com vítima;174,8;BR-050/MG;Sul;Capotamento;1;;;;;;;;;;0;;6;1;
21/12/2015;23:01:00;311;sem vítima;60,4;BR-050/MG;Norte;Saida de Pista;1;;;;;;;;;;4;;;;
22/12/2015;03:31:00;13;sem vítima;162;BR-050/MG;Norte;Choque - Suporte de Sinalização;1;;;;;;;;;;2;;;;
22/12/2015;08:09:00;78;sem vítima;231,5;BR-050/GO;Sul;Capotamento;;;;;;;;;;1;1;;;;
22/12/2015;17:18:00;188;com vítima;80,9;BR-050/MG;Sul;Choque - Defensa, barreira ou meio fio;;;;1;;;;;;;0;;1;;
22/12/2015;19:48:00;250;com vítima;175,01;BR-050/MG;Norte;Capotamento;1;;;;;;;;;;0;1;2;;
23/12/2015;03:54:00;19;sem vítima;35,25;BR-050/MG;Sul;Atropelamento - Animal;;;;;;;;;;1;9;;;;
23/12/2015;03:55:00;20;com vítima;35,64;BR-050/MG;Norte;Atropelamento - Animal;;;;;;;;;;1;0;;1;;
23/12/2015;16:47:00;209;com vítima;203,65;BR-050/MG;Norte;Colisão Lateral;;;1;;;;;;;1;1;;2;;
24/12/2015;04:15:00;20;sem vítima;8,1;BR-050/MG;Norte;Saida de Pista;1;;;;;;;;;;1;;;;
24/12/2015;05:31:00;24;com vítima;133,2;BR-050/GO;Sul;Tombamento;;;1;;;;;;;;0;1;;;
24/12/2015;06:46:00;39;sem vítima;112,18;BR-050/MG;Norte;Saida de Pista;1;;;;;;;;;;4;;;;
24/12/2015;08:34:00;93;sem vítima;145;BR-050/MG;Sul;Choque - Suporte de Sinalização;1;;;;;;;;;1;2;;;;
24/12/2015;14:21:00;162;sem vítima;174,5;BR-050/MG;Norte;Colisão Traseira;1;;;;;;;;;1;2;;;;
24/12/2015;17:37:00;203;com vítima;3,6;BR-050/MG;Sul;Choque - Defensa, barreira ou meio fio;;;;1;;;;;;;0;1;;;
24/12/2015;21:14:00;284;sem vítima;249;BR-050/GO;Sul;Tombamento;1;;;;;;;;;;1;;;;
25/12/2015;00:57:00;2;com vítima;173,2;BR-050/GO;Norte;Choque - Arvore;;;1;;;;;;;;1;1;;;
26/12/2015;06:49:00;23;com vítima;115,7;BR-050/MG;Norte;Choque - Elemento de Drenagem;1;;;;;;;;;;0;;1;;
26/12/2015;07:20:00;45;com vítima;133,56;BR-050/GO;Norte;Choque - Arvore;1;;;;;;;;;;0;1;;;
26/12/2015;14:14:00;98;sem vítima;114,5;BR-050/GO;Norte;Colisão Lateral;2;;;;;;;;;;5;;;;
28/12/2015;01:20:00;8;com vítima;250;BR-050/GO;Norte;Choque - Veiculo parado no acostamento;1;;1;;;;;;;;2;;;;1
28/12/2015;10:00:00;117;sem vítima;53;BR-050/MG;Sul;Choque - Elemento de Drenagem;1;;;;;;;;;;3;;;;
28/12/2015;17:00:00;178;com vítima;310,4;BR-050/GO;Norte;Capotamento;1;;;;;;;;;;0;;1;1;
28/12/2015;17:40:00;180;sem vítima;52,8;BR-050/MG;Sul;Queda de Moto;;;;1;;;;;;;1;;;;
28/12/2015;17:47:00;181;sem vítima;165,57;BR-050/MG;Norte;Capotamento;1;;;;;;;;;;1;;;;
28/12/2015;18:00:00;187;sem vítima;130,5;BR-050/GO;Sul;Choque - Defensa, barreira ou meio fio;1;;;;;;;;;;5;;;;
28/12/2015;18:15:00;190;sem vítima;25;BR-050/MG;Norte;Saida de Pista;1;;;;;;;;;;1;;;;
29/12/2015;04:25:00;10;com vítima;25,6;BR-050/MG;Sul;Saida de Pista;1;;;;;;;;;;0;;1;;
29/12/2015;05:55:00;14;com vítima;152,3;BR-050/MG;Norte;Queda de Moto;;;;1;;;;;;;0;;1;;
29/12/2015;13:40:00;115;com vítima;19,1;CONTORNO;Sul;Capotamento;1;;;;;;;;;;0;;1;;
29/12/2015;14:06:00;118;sem vítima;47;BR-050/MG;Sul;Saida de Pista;1;;;;;;;;;;1;;;;
29/12/2015;15:02:00;128;sem vítima;202,45;BR-050/MG;Sul;Choque - Defensa, barreira ou meio fio;;;;;;;;;;1;1;;;;
29/12/2015;15:24:00;132;sem vítima;161;BR-050/MG;Sul;Saida de Pista;1;;;;;;;;;;1;;;;
30/12/2015;22:36:00;263;com vítima;256,2;BR-050/GO;Norte;Atropelamento - Animal;;;;;;;;;;1;0;;;1;
31/12/2015;01:25:00;6;com vítima;141;BR-050/MG;Norte;Capotamento;;;;;;;;;;1;0;;;2;
31/12/2015;07:52:00;66;sem vítima;280;BR-050/GO;Sul;Colisão Transversal;2;;;;;;;;;;2;;;;
31/12/2015;10:33:00;98;com vítima;258,5;BR-050/GO;Norte;Colisão Frontal;2;;;;;;;;;1;1;;2;1;1
01/01/2016;01:12:00;2;com vítima;60,95;BR-050/MG;Norte;Colisão Traseira;2;;;;;;;;;;6;;1;;
01/01/2016;02:31:00;5;sem vítima;16;BR-050/MG;Sul;Saida de Pista;1;;;;;;;;;;1;;;;
01/01/2016;03:29:00;11;sem vítima;34,77;BR-050/MG;Norte;Choque - Elemento de Drenagem;1;;;;;;;;;;2;;;;
01/01/2016;04:26:00;17;com vítima;202,37;BR-050/MG;Norte;Capotamento;1;;;;;;;;;;0;;;1;
01/01/2016;13:44:00;96;sem vítima;22;BR-050/MG;Norte;Choque - Defensa, barreira ou meio fio;1;;;;;;;;;;1;;;;
01/01/2016;15:14:00;102;com vítima;180;BR-050/MG;Sul;Colisão Lateral;;;1;1;;;;;;;2;;1;;
01/01/2016;15:29:00;105;sem vítima;9,8;CONTORNO;Sul;Choque - Elemento de Drenagem;1;;;;;;;;;;2;;;;
01/01/2016;17:49:00;120;sem vítima;51;BR-050/MG;Norte;Colisão Traseira;2;;;;;;;;;;6;;;;
02/01/2016;01:48:00;2;sem vítima;107;BR-050/GO;Norte;Saida de Pista;;;;;;;;;;1;1;;;;
02/01/2016;06:20:00;19;sem vítima;60,8;BR-050/MG;Norte;Saida de Pista;;;;;;;;;;1;1;;;;
02/01/2016;13:25:00;88;com vítima;268,1;BR-050/GO;Sul;Saida de Pista;1;;;;;;;;;;2;2;;;
02/01/2016;18:22:00;139;sem vítima;265,5;BR-050/GO;Sul;Saida de Pista;1;;;;;;;;;;3;;;;
02/01/2016;21:30:00;195;sem vítima;77;BR-050/MG;Sul;Capotamento;1;;;;;;;;;;1;;;;
03/01/2016;00:33:00;6;sem vítima;263;BR-050/GO;Sul;Capotamento;1;;;;;;;;;;2;;;;
03/01/2016;08:51:00;86;sem vítima;17;BR-050/MG;Norte;Choque - Suporte de Sinalização;1;;;;;;;;;;2;;;;
03/01/2016;09:26:00;90;sem vítima;278,8;BR-050/GO;Sul;Colisão Lateral;1;;;1;;;;;;;5;;;;
03/01/2016;10:51:00;99;sem vítima;16;CONTORNO;Sul;Choque - Defensa, barreira ou meio fio;1;;;;;;;;;;5;;;;
03/01/2016;15:48:00;154;sem vítima;145,3;BR-050/MG;Norte;Choque - Elemento de Drenagem;1;;;;;;;;;;5;;;;
04/01/2016;09:26:00;97;com vítima;161,3;BR-050/MG;Norte;Capotamento;1;;;;;;;;;;0;;1;;
04/01/2016;09:59:00;105;sem vítima;206,2;BR-050/MG;Norte;Tombamento;;;1;;;;;;;;1;;;;
05/01/2016;05:27:00;22;sem vítima;194,7;BR-050/GO;Sul;Saida de Pista;;;;;1;;;;;;2;;;;
05/01/2016;14:04:00;140;com vítima;180;BR-050/MG;Sul;Colisão Lateral;1;;;1;;;;;;;1;;1;;
05/01/2016;14:26:00;143;sem vítima;25,05;BR-050/MG;Sul;Choque - Defensa, barreira ou meio fio;1;;;;;;;;;;1;;;;
05/01/2016;14:26:00;144;com vítima;25,1;BR-050/MG;Sul;Choque - Elemento de Drenagem;1;;;;;;;;;;0;2;;;
06/01/2016;02:04:00;10;sem vítima;62,9;BR-050/MG;Sul;Choque - Defensa, barreira ou meio fio;;;1;;;;;;;;1;;;;
06/01/2016;12:32:00;147;sem vítima;116,96;BR-050/MG;Norte;Choque - Defensa, barreira ou meio fio;1;;;;;;;;;;1;;;;
06/01/2016;23:15:00;291;sem vítima;92;BR-050/MG;Norte;Capotamento;;;;;;;;;;1;1;;;;
08/01/2016;02:23:00;14;sem vítima;144,6;BR-050/GO;Norte;Saida de Pista;;;;;1;;;;;;51;;;;
08/01/2016;04:45:00;20;sem vítima;171,9;BR-050/MG;Sul;Choque - Suporte de Sinalização;1;;;;;;;;;;1;;;;
09/01/2016;01:46:00;12;com vítima;98,9;BR-050/GO;Norte;Colisão Lateral;1;;;;1;;;;;;39;;;1;
09/01/2016;11:08:00;108;sem vítima;177;BR-050/MG;Norte;Choque - Defensa, barreira ou meio fio;1;;;;;;;;;;1;;;;
09/01/2016;13:15:00;124;sem vítima;147,6;BR-050/MG;Sul;Choque - Defensa, barreira ou meio fio;1;;;;;;;;;;4;;;;
09/01/2016;13:33:00;126;sem vítima;89,4;BR-050/MG;Sul;Choque - Elemento de Drenagem;1;;;;;;;;;;2;;;;
09/01/2016;14:26:00;131;com vítima;84;BR-050/MG;Sul;Colisão Traseira;1;;1;;;;;;;;6;1;;;
09/01/2016;16:39:00;146;sem vítima;161,18;BR-050/MG;Sul;Capotamento;1;;;;;;;;;;1;;;;