data;horario;n_da_ocorrencia;tipo_de_ocorrencia;km;trecho;sentido;tipo_de_acidente;automovel;bicicleta;caminhao;moto;onibus;outros;tracao_animal;transporte_de_cargas_especiais;trator_maquinas;utilitarios;ilesos;levemente_feridos;moderadamente_feridos;gravemente_feridos;mortos
04/03/2016;11:05:00;138;sem vítima;47,4;BR-050/MG;Norte;Colisão Traseira;1;;;;;;;;;1;2;;;;
04/03/2016;14:46:00;181;sem vítima;110,55;BR-050/MG;Sul;Choque - Arvore;1;;;;;;;;;;1;;;;
04/03/2016;17:29:00;218;sem vítima;161,419;BR-050/MG;Sul;Choque - Elemento de Drenagem;1;;;;;;;;;;5;;;;
04/03/2016;17:50:00;228;sem vítima;39;BR-050/MG;Sul;Capotamento;;;;;;;;;;1;1;;;;
04/03/2016;17:54:00;230;sem vítima;175;BR-050/MG;Norte;Colisão Traseira;2;;;;;;;;;;2;;;;
04/03/2016;18:59:00;256;com vítima;270;BR-050/GO;Sul;Colisão Lateral;1;;1;;;;;;;1;1;2;1;;
04/03/2016;21:50:00;293;sem vítima;17,13;BR-050/MG;Sul;Tombamento;1;;;;;;;;;;1;;;;
05/03/2016;06:29:00;34;com vítima;42,8;BR-050/MG;Norte;Capotamento;1;;;;;;;;;;0;1;;;
05/03/2016;07:53:00;74;sem vítima;201,12;BR-050/MG;Norte;Choque - Defensa, barreira ou meio fio;;;;;;;;;;1;1;;;;
05/03/2016;08:35:00;88;com vítima;99;BR-050/GO;Sul;Atropelamento - Usuário;1;;;;;;;;;;2;;;1;
05/03/2016;14:24:00;137;com vítima;17;BR-050/MG;Norte;Capotamento;1;;;;;;;;;;0;;;1;
05/03/2016;17:36:00;168;com vítima;129,16;BR-050/MG;Norte;Capotamento;;;;;;;;;;1;0;;1;;
06/03/2016;01:37:00;6;com vítima;178,8;BR-050/MG;Sul;Capotamento;;;;;;;;;;1;0;;1;;
06/03/2016;09:06:00;81;sem vítima;279;BR-050/GO;Norte;Colisão Transversal;2;;;;;;;;;;6;;;;
07/03/2016;04:51:00;19;com vítima;283,2;BR-050/GO;Norte;Atropelamento - Morador;;;;;1;;;;;;31;;;;1
07/03/2016;12:14:00;143;com vítima;20,2;BR-050/MG;Norte;Tombamento;;;1;;;;;;;;0;;1;;
07/03/2016;15:28:00;178;com vítima;79,6;BR-050/MG;Sul;Choque - Veiculo parado no acostamento;;;;1;;;;;;1;2;;;1;
07/03/2016;17:17:00;200;sem vítima;164,9;BR-050/GO;Norte;Saida de Pista;1;;;;;;;;;;1;;;;
07/03/2016;18:20:00;224;com vítima;145,3;BR-050/MG;Norte;Capotamento;;;;;;;;;;1;0;2;;;
07/03/2016;19:06:00;239;com vítima;280,5;BR-050/GO;Sul;Colisão Lateral;1;;;1;;;;;;;1;1;;;
08/03/2016;01:03:00;11;com vítima;41;BR-050/MG;Norte;Tombamento;;;1;;;;;;;;0;;1;;
08/03/2016;09:30:00;100;sem vítima;41;BR-050/MG;Norte;Colisão Lateral;1;;1;;;;;;;;2;;;;
08/03/2016;15:36:00;171;sem vítima;270,9;BR-050/GO;Sul;Capotamento;2;;;;;;;;;;5;;;;
08/03/2016;19:08:00;248;sem vítima;182,25;BR-050/GO;Sul;Atropelamento - Animal;;;;;;;;;;1;1;;;;
09/03/2016;00:15:00;3;com vítima;78,6;BR-050/MG;Sul;Capotamento;1;;1;;;;;;;;1;;;2;
09/03/2016;21:15:00;303;com vítima;124,24;BR-050/GO;Sul;Colisão Transversal;;;1;;;;;;;1;1;;1;;
09/03/2016;23:08:00;319;sem vítima;43,22;BR-050/MG;Sul;Colisão Traseira;1;;1;;;;;;;;4;;;;
10/03/2016;09:38:00;119;sem vítima;19,5;BR-050/MG;Norte;Saida de Pista;;;1;;;;;;;;1;;;;
10/03/2016;10:45:00;133;com vítima;56,1;BR-050/MG;Norte;Capotamento;;;1;;;;;;;;0;;;;1
10/03/2016;13:55:00;172;sem vítima;296,8;BR-050/GO;Norte;Capotamento;;;;;;;;;;1;2;;;;
10/03/2016;15:32:00;190;sem vítima;2;BR-050/MG;Norte;Colisão Lateral;;;1;;;;;;;1;2;;;;
10/03/2016;19:13:00;242;sem vítima;61,5;BR-050/MG;Norte;Saida de Pista;1;;;;;;;;;;1;;;;
10/03/2016;20:30:00;261;com vítima;200,8;BR-050/MG;Sul;Saida de Pista;1;;;;;;;;;;0;2;;;
11/03/2016;07:30:00;64;sem vítima;65;BR-050/MG;Norte;Objeto lançado contra veículo;;;;;1;;;;;;1;;;;
11/03/2016;09:40:00;109;sem vítima;119,2;BR-050/GO;Sul;Colisão Transversal;1;;;;;;;;;1;3;;;;
11/03/2016;20:55:00;326;sem vítima;29,9;BR-050/MG;Sul;Colisão Traseira;;;2;;;;;;;;2;;;;
12/03/2016;09:20:00;105;sem vítima;50,9;BR-050/MG;Sul;Saida de Pista;1;;;;;;;;;;1;;;;
12/03/2016;19:03:00;221;sem vítima;209,7;BR-050/GO;Norte;Saida de Pista;1;;;;;;;;;;3;;;;
12/03/2016;19:13:00;230;com vítima;102,08;BR-050/GO;Norte;Colisão Traseira;;;;1;;1;;;;;1;;;1;
13/03/2016;04:59:00;36;sem vítima;36;BR-050/MG;Sul;Choque - Defensa, barreira ou meio fio;1;;;;;;;;;;1;;;;
13/03/2016;05:33:00;37;sem vítima;148,28;BR-050/MG;Sul;Tombamento;;;;;1;;;;;;31;;;;
13/03/2016;12:14:00;128;sem vítima;186,4;BR-050/MG;Norte;Atropelamento - Usuário;;;;1;;;;;;;2;;;;
13/03/2016;16:29:00;156;sem vítima;64,85;BR-050/MG;Norte;Choque - Defensa, barreira ou meio fio;1;;;;;;;;;;1;;;;
13/03/2016;17:14:00;163;sem vítima;60;BR-050/MG;Norte;Queda de Ciclista;;1;;;;;;;;;1;;;;
13/03/2016;18:16:00;183;sem vítima;27;BR-050/MG;Sul;Choque - Suporte de Sinalização;1;;;;;;;;;;4;;;;
13/03/2016;19:28:00;221;sem vítima;147,4;BR-050/GO;Norte;Saida de Pista;1;;;;;;;;;;5;;;;
13/03/2016;21:36:00;241;sem vítima;152;BR-050/MG;Sul;Capotamento;1;;;;;;;;;;1;;;;
13/03/2016;23:48:00;262;sem vítima;252,5;BR-050/GO;Norte;Choque - Suporte de Sinalização;;;1;;;;;;;;1;;;;
14/03/2016;00:47:00;5;sem vítima;99;BR-050/GO;Sul;Saida de Pista;;;1;;;;;;;;1;;;;
14/03/2016;09:54:00;120;sem vítima;22;BR-050/MG;Sul;Choque - Defensa, barreira ou meio fio;;;;;;;;;;1;1;;;;
14/03/2016;17:26:00;212;com vítima;55;BR-050/MG;Sul;Queda de Moto;;;;1;;;;;;;0;;1;;
14/03/2016;23:44:00;308;com vítima;282,9;BR-050/GO;Sul;Colisão Transversal;2;;;;;;;;;;2;1;;;
16/03/2016;06:37:00;44;sem vítima;22;BR-050/MG;Norte;Colisão Traseira;1;;1;;;;;;;;3;;;;
16/03/2016;13:16:00;155;sem vítima;168,18;BR-050/MG;Norte;Tombamento;;;1;;;;;;;;2;;;;
16/03/2016;19:56:00;262;sem vítima;197,9;BR-050/MG;Sul;Choque - Defensa, barreira ou meio fio;;;;;;;;;;1;2;;;;
16/03/2016;20:38:00;268;sem vítima;116,6;BR-050/MG;Norte;Saida de Pista;;;;;;;;;;1;2;;;;
17/03/2016;02:36:00;6;sem vítima;19,3;CONTORNO;Norte;Choque - Defensa, barreira ou meio fio;1;;;;;;;;;;2;;;;
17/03/2016;08:10:00;69;sem vítima;226;BR-050/GO;Sul;Engavetamento;1;;2;;;;;;;;5;;;;
17/03/2016;09:12:00;85;sem vítima;128,28;BR-050/GO;Norte;Colisão Lateral;2;;;;;;;;;;3;;;;
17/03/2016;11:21:00;109;sem vítima;39,9;BR-050/MG;Norte;Choque - Defensa, barreira ou meio fio;1;;;;;;;;;;2;;;;
17/03/2016;12:29:00;124;sem vítima;181,1;BR-050/MG;Sul;Colisão Lateral;1;;1;;;;;;;;2;;;;
17/03/2016;14:31:00;139;com vítima;128;BR-050/GO;Sul;Capotamento;1;;;;;;;;;;0;;1;;
17/03/2016;16:07:00;170;com vítima;146,42;BR-050/MG;Sul;Capotamento;1;;;;;;;;;;1;1;;;
17/03/2016;17:40:00;194;sem vítima;39;BR-050/MG;Sul;Choque - Defensa, barreira ou meio fio;1;;;;;;;;;;2;;;;
17/03/2016;21:31:00;268;sem vítima;152;BR-050/MG;Norte;Colisão Lateral;1;;;;;;;;;;1;;;;
18/03/2016;05:35:00;33;sem vítima;43;BR-050/MG;Norte;Colisão Traseira;1;;;;;;;;;;1;;;;
18/03/2016;07:42:00;80;sem vítima;186,4;BR-050/MG;Sul;Choque - Defensa, barreira ou meio fio;;;1;;;;;;;;1;;;;
18/03/2016;13:51:00;153;sem vítima;222,5;BR-050/GO;Norte;Tombamento;;;1;;;;;;;;1;;;;
18/03/2016;20:13:00;278;sem vítima;156,4;BR-050/MG;Norte;Saida de Pista;;;1;;;;;;;;1;;;;
18/03/2016;22:05:00;292;sem vítima;41,3;BR-050/MG;Norte;Capotamento;1;;;;;;;;;;1;;;;
18/03/2016;23:12:00;303;sem vítima;137,3;BR-050/MG;Norte;Tombamento;;;;;;;;;;1;3;;;;
19/03/2016;14:21:00;156;sem vítima;85,11;BR-050/MG;Sul;Capotamento;;;1;;;;;;;;2;;;;
20/03/2016;00:43:00;3;com vítima;123,1;BR-050/GO;Sul;Saida de Pista;;;;;;;;;;1;0;;1;;
20/03/2016;04:29:00;15;sem vítima;179;BR-050/MG;Norte;Choque - Defensa, barreira ou meio fio;1;;;;;;;;;;2;;;;
20/03/2016;17:52:00;166;com vítima;34;BR-050/MG;Norte;Capotamento;1;;;;;;;;;;0;;;1;
20/03/2016;18:27:00;180;sem vítima;87;BR-050/MG;Norte;Saida de Pista;1;;;;;;;;;;3;;;;
20/03/2016;18:38:00;181;com vítima;163,1;BR-050/MG;Norte;Capotamento;1;;;;;;;;;;0;;1;;
21/03/2016;07:49:00;58;sem vítima;277,4;BR-050/GO;Sul;Colisão Traseira;2;;;;;;;;;;2;;;;
21/03/2016;09:09:00;75;com vítima;95,7;BR-050/GO;Norte;Tombamento;;;1;;;;;;;;0;1;;;
21/03/2016;17:00:00;192;sem vítima;195,4;BR-050/MG;Sul;Colisão Lateral;1;;;;;;;;;1;2;;;;
22/03/2016;18:56:00;225;sem vítima;148,5;BR-050/GO;Norte;Colisão Lateral;;;2;;;;;;;;4;;;;
23/03/2016;11:22:00;174;com vítima;159;BR-050/MG;Sul;Capotamento;1;;1;;;;;;;;1;;1;;
23/03/2016;15:42:00;221;com vítima;229,8;BR-050/GO;Norte;Saida de Pista;1;;;;;;;;;;0;1;;;
23/03/2016;23:27:00;340;sem vítima;185,92;BR-050/MG;Sul;Saida de Pista;1;;;;;;;;;;2;;;;
25/03/2016;08:09:00;74;sem vítima;9,6;BR-050/MG;Sul;Tombamento;;;;;;;;;;1;3;;;;
25/03/2016;10:20:00;92;sem vítima;50;BR-050/MG;Sul;Capotamento;1;;;;;;;;;;3;;;;
25/03/2016;10:28:00;94;sem vítima;55;BR-050/MG;Sul;Saida de Pista;1;;;;;;;;;;2;;;;
25/03/2016;11:13:00;102;com vítima;17;BR-050/MG;Norte;Capotamento;1;;;;;;;;;;0;2;;;
25/03/2016;11:18:00;104;com vítima;145,26;BR-050/MG;Norte;Capotamento;1;;;;;;;;;;0;;;2;
25/03/2016;18:26:00;178;sem vítima;203,4;BR-050/MG;Norte;Tombamento;;;1;;;;;;;;1;;;;
26/03/2016;02:10:00;6;sem vítima;177,5;BR-050/GO;Sul;Saida de Pista;;;;;;;;;;1;1;;;;
27/03/2016;00:07:00;1;sem vítima;11;BR-050/MG;Sul;Choque - Defensa, barreira ou meio fio;;;1;;;;;;;;1;;;;
27/03/2016;13:38:00;135;com vítima;53,15;BR-050/MG;Norte;Colisão Frontal;;;2;;;;;;;1;2;;;2;1
27/03/2016;16:49:00;166;sem vítima;177,45;BR-050/MG;Norte;Tombamento;;;1;;;;;;;;1;;;;
28/03/2016;05:43:00;28;sem vítima;25;BR-050/MG;Sul;Saida de Pista;1;;;;;;;;;;4;;;;
28/03/2016;07:42:00;81;com vítima;49;BR-050/MG;Sul;Capotamento;;;;;;;;;;1;0;;1;;
29/03/2016;17:33:00;188;sem vítima;155,08;BR-050/MG;Sul;Colisão Lateral;1;;1;;;;;;;;3;;;;
30/03/2016;17:06:00;201;com vítima;15,58;CONTORNO;Sul;Colisão Lateral;;1;;;;;;;;1;1;;1;;
30/03/2016;22:34:00;298;com vítima;280,5;BR-050/GO;Norte;Queda de Moto;;;;1;;;;;;;0;2;;;
31/03/2016;08:08:00;75;com vítima;174,5;BR-050/MG;Sul;Queda de Moto;;;1;1;;;;;;;1;;1;;
01/04/2016;05:08:00;26;com vítima;4,6;CONTORNO;Sul;Colisão Traseira;;;1;;;;;;;1;1;;1;;
01/04/2016;16:18:00;230;sem vítima;43;BR-050/MG;Norte;Saida de Pista;1;;;;;;;;;;2;;;;
01/04/2016;18:59:00;276;sem vítima;147;BR-050/GO;Sul;Choque - Elemento de Drenagem;1;;;;;;;;;;1;;;;
01/04/2016;22:19:00;319;com vítima;39;BR-050/MG;Sul;Choque - Talude;1;;;;;;;;;;0;;1;;
01/04/2016;23:21:00;330;sem vítima;160,2;BR-050/MG;Sul;Colisão Lateral;;;2;;;;;;;;2;;;;
01/04/2016;23:37:00;332;sem vítima;154;BR-050/MG;Sul;Colisão Traseira;1;;;;;;;;;1;3;;;;
02/04/2016;07:38:00;79;sem vítima;182,8;BR-050/MG;Norte;Queda de Moto;;;;1;;;;;;;1;;;;
02/04/2016;07:58:00;85;com vítima;278,8;BR-050/GO;Norte;Colisão Transversal;;;;2;;;;;;;1;1;;;
02/04/2016;08:47:00;90;sem vítima;0,5;BR-050/MG;Norte;Tombamento;;;1;;;;;;;;1;;;;
03/04/2016;05:48:00;31;com vítima;271,8;BR-050/GO;Norte;Queda de Moto;;;;1;;;;;;;1;;1;;
03/04/2016;18:41:00;174;sem vítima;146;BR-050/MG;Sul;Tombamento;1;;;;;;;;;;2;;;;
03/04/2016;19:15:00;190;com vítima;96;BR-050/GO;Norte;Colisão Transversal;1;;1;;;;;;;;5;;1;;
03/04/2016;20:26:00;206;sem vítima;180,6;BR-050/MG;Sul;Queda de Moto;;;;1;;;;;;;1;;;;
04/04/2016;09:30:00;112;com vítima;13;BR-050/MG;Norte;Colisão Traseira;1;;1;;;;;;;;4;1;;;
04/04/2016;19:50:00;257;sem vítima;17,95;CONTORNO;Sul;Colisão Traseira;2;;;;;;;;;;4;;;;
05/04/2016;03:52:00;13;sem vítima;163,5;BR-050/MG;Norte;Saida de Pista;1;;;;;;;;;;1;;;;
05/04/2016;08:00:00;79;sem vítima;102,6;BR-050/MG;Norte;Saida de Pista;;;1;;;;;;;;1;;;;
05/04/2016;14:52:00;162;com vítima;100;BR-050/GO;Norte;Saida de Pista;1;;;;;;;;;;0;;1;;
05/04/2016;14:54:00;164;sem vítima;47,3;BR-050/MG;Sul;Capotamento;1;;;;;;;;;;1;;;;
05/04/2016;17:19:00;196;com vítima;194;BR-050/MG;Norte;Choque - Defensa, barreira ou meio fio;;;;1;;;;;;;0;;1;;
06/04/2016;12:31:00;121;sem vítima;15,4;BR-050/MG;Sul;Colisão Traseira;1;;1;;;;;;;;2;;;;
06/04/2016;19:04:00;217;com vítima;274;BR-050/GO;Norte;Colisão Frontal;1;;;;;;;;;1;0;;2;;1
06/04/2016;22:38:00;268;sem vítima;52,6;BR-050/MG;Norte;Colisão Traseira;1;;1;;;;;;;;2;;;;
07/04/2016;11:46:00;129;sem vítima;115,05;BR-050/GO;Sul;Saida de Pista;1;;;;;;;;;;4;;;;
07/04/2016;16:28:00;203;sem vítima;270;BR-050/GO;Norte;Tombamento;;;1;;;;;;;;1;;;;
07/04/2016;17:29:00;215;sem vítima;113,3;BR-050/MG;Sul;Saida de Pista;1;;;;;;;;;;1;;;;
08/04/2016;21:17:00;288;sem vítima;41;BR-050/MG;Norte;Saida de Pista;;;;;;;;;;1;2;;;;
09/04/2016;01:11:00;7;sem vítima;5,9;CONTORNO;Sul;Choque - Defensa, barreira ou meio fio;1;;;;;;;;;;1;;;;
09/04/2016;02:34:00;12;com vítima;49,4;BR-050/MG;Sul;Colisão Traseira;1;1;;;;;;;;;1;;;;1
09/04/2016;14:48:00;142;sem vítima;103;BR-050/MG;Norte;Capotamento;1;;;;;;;;;;1;;;;
09/04/2016;14:58:00;144;com vítima;191,4;BR-050/MG;Sul;Choque - Defensa, barreira ou meio fio;1;;;;;;;;;;0;;1;;
09/04/2016;19:07:00;209;sem vítima;116,6;BR-050/MG;Sul;Colisão Traseira;1;;1;;;;;;;;2;;;;
10/04/2016;06:53:00;42;sem vítima;109,8;BR-050/GO;Sul;Saida de Pista;1;;;;;;;;;;1;;;;
10/04/2016;08:12:00;81;sem vítima;172;BR-050/MG;Norte;Choque - Defensa, barreira ou meio fio;1;;;;;;;;;;2;;;;
10/04/2016;14:51:00;144;sem vítima;38,8;BR-050/MG;Sul;Colisão Traseira;1;;;;;1;;;;;5;;;;
10/04/2016;18:39:00;197;sem vítima;191,16;BR-050/MG;Norte;Saida de Pista;1;;;;;;;;;1;4;;;;
10/04/2016;19:33:00;234;sem vítima;33;BR-050/MG;Sul;Saida de Pista;1;;;;;;;;;;1;;;;
10/04/2016;19:45:00;237;sem vítima;168,6;BR-050/MG;Norte;Saida de Pista;1;;;;;;;;;;1;;;;
11/04/2016;04:41:00;20;sem vítima;40,9;BR-050/MG;Sul;Choque - Defensa, barreira ou meio fio;1;;;;;;;;;;1;;;;
11/04/2016;07:41:00;66;sem vítima;155,5;BR-050/MG;Norte;Saida de Pista;1;;;;;;;;;;1;;;;
11/04/2016;13:58:00;139;com vítima;134;BR-050/MG;Sul;Choque - Elemento de Drenagem;1;;;;;;;;;;1;;1;;
11/04/2016;17:09:00;176;sem vítima;136;BR-050/MG;Norte;Choque - Elemento de Drenagem;1;;;;;;;;;;2;;;;
11/04/2016;17:35:00;178;com vítima;175,98;BR-050/MG;Norte;Queda de Moto;;;;1;;;;;;;0;;2;;
12/04/2016;13:13:00;159;sem vítima;179,2;BR-050/MG;Sul;Choque - Defensa, barreira ou meio fio;1;;;;;;;;;;1;;;;
12/04/2016;13:36:00;163;sem vítima;131,9;BR-050/MG;Norte;Colisão Traseira;1;;1;;;;;;;;3;;;;
12/04/2016;17:02:00;204;com vítima;229,3;BR-050/GO;Norte;Tombamento;;;1;;;;;;;;1;1;;;
14/04/2016;08:54:00;78;com vítima;60,6;BR-050/MG;Norte;Capotamento;1;;;;;;;;;;0;;1;;
14/04/2016;09:25:00;87;sem vítima;163,6;BR-050/GO;Sul;Choque - Objeto não identificado;1;;;;;;;;;;2;;;;
15/04/2016;01:09:00;11;sem vítima;201,3;BR-050/MG;Sul;Colisão Lateral;1;;;;;;;;;;1;;;;
15/04/2016;16:18:00;177;sem vítima;15;CONTORNO;Norte;Engavetamento;1;;1;;;;;;;1;6;;;;
15/04/2016;20:36:00;263;com vítima;46,36;BR-050/MG;Sul;Capotamento;1;;;;;;;;;;0;;1;;
16/04/2016;00:12:00;2;com vítima;61,51;BR-050/MG;Sul;Choque - Elemento de Drenagem;;;;;;;;;;1;4;;3;;
16/04/2016;06:47:00;48;sem vítima;275,1;BR-050/GO;Sul;Choque - Arvore;1;;;;;;;;;;1;;;;
17/04/2016;14:33:00;146;com vítima;15;CONTORNO;Sul;Queda de Moto;;;;1;;;;;;;0;;1;;
17/04/2016;17:24:00;170;sem vítima;256,2;BR-050/GO;Sul;Choque - Defensa, barreira ou meio fio;;;;;;;;;;1;1;;;;
18/04/2016;12:03:00;136;com vítima;80;BR-050/MG;Sul;Queda de Moto;;;;1;;;;;;;0;1;1;;
18/04/2016;13:12:00;142;sem vítima;97,2;BR-050/GO;Norte;Colisão Transversal;;;1;;;;;;;1;3;;;;
19/04/2016;09:33:00;104;sem vítima;177;BR-050/MG;Norte;Choque - Defensa, barreira ou meio fio;1;;1;;;;;;;;3;;;;
19/04/2016;17:54:00;222;sem vítima;247,6;BR-050/GO;Sul;Saida de Pista;1;;;;;;;;;;1;;;;
19/04/2016;18:37:00;238;sem vítima;127,5;BR-050/MG;Sul;Saida de Pista;;;;;;;;;;1;1;;;;
20/04/2016;06:34:00;39;sem vítima;29,6;BR-050/MG;Sul;Saida de Pista;1;;;;;;;;;;1;;;;
20/04/2016;10:51:00;132;sem vítima;142,9;BR-050/MG;Norte;Colisão Traseira;;;;;;;;;;2;11;;;;
20/04/2016;20:29:00;299;com vítima;175;BR-050/MG;Norte;Colisão Frontal;1;;;1;;;;;;;1;;1;1;
21/04/2016;03:08:00;12;sem vítima;97,8;BR-050/MG;Norte;Capotamento;1;;;;;;;;;;6;;;;
21/04/2016;03:32:00;14;sem vítima;33,6;BR-050/MG;Norte;Choque - Poste;1;;;;;;;;;;5;;;;
21/04/2016;15:26:00;205;sem vítima;151,6;BR-050/MG;Norte;Capotamento;1;;;;;;;;;;5;;;;
21/04/2016;18:25:00;247;com vítima;47;BR-050/MG;Norte;Colisão Traseira;;;2;;;;;;;;1;;1;;
21/04/2016;18:54:00;258;sem vítima;62,5;BR-050/MG;Sul;Saida de Pista;1;;;;;;;;;;1;;;;
22/04/2016;00:53:00;6;sem vítima;115;BR-050/MG;Norte;Choque - Defensa, barreira ou meio fio;1;;;;;;;;;;1;;;;
22/04/2016;05:28:00;25;sem vítima;222,34;BR-050/GO;Sul;Colisão Lateral;;;1;;;;;;1;;2;;;;
22/04/2016;20:27:00;246;sem vítima;15;BR-050/MG;Norte;Saida de Pista;;;;;;;;;;1;1;;;;
23/04/2016;16:26:00;130;com vítima;177,1;BR-050/MG;Norte;Queda de Moto;;;;1;;;;;;;0;1;;;
23/04/2016;16:45:00;136;sem vítima;139,6;BR-050/MG;Norte;Choque - Suporte de Sinalização;1;;;;;;;;;;1;;;;
24/04/2016;17:24:00;185;sem vítima;314,2;BR-050/GO;Sul;Choque - Defensa, barreira ou meio fio;1;;;;;;;;;;2;;;;
25/04/2016;14:59:00;187;sem vítima;165,42;BR-050/GO;Sul;Tombamento;;;1;;;;;;;;1;;;;
25/04/2016;17:43:00;216;sem vítima;57;BR-050/MG;Sul;Colisão Traseira;;;1;;1;;;;;;13;;;;
25/04/2016;21:57:00;287;sem vítima;187,3;BR-050/MG;Sul;Choque - Defensa, barreira ou meio fio;1;;;;;;;;;;4;;;;
26/04/2016;05:15:00;31;com vítima;119,8;BR-050/GO;Norte;Capotamento;1;;;;;;;;;;0;;1;;
26/04/2016;15:38:00;163;com vítima;280,6;BR-050/GO;Norte;Colisão Transversal;;;;1;;;;;;1;1;1;;;
26/04/2016;17:18:00;174;sem vítima;180;BR-050/MG;Sul;Colisão Lateral;1;;1;;;;;;;;2;;;;
26/04/2016;18:24:00;193;sem vítima;179,7;BR-050/MG;Sul;Colisão Lateral;1;;1;;;;;;;;2;;;;
27/04/2016;06:49:00;36;sem vítima;55;BR-050/MG;Norte;Queda de Ciclista;;1;;;;;;;;;1;;;;
28/04/2016;07:06:00;48;com vítima;281;BR-050/GO;Sul;Colisão Traseira;1;;;1;;;;;;;1;1;1;;
28/04/2016;08:16:00;78;com vítima;27;BR-050/MG;Sul;Colisão Transversal;1;;1;;;;;;;;3;;3;;
28/04/2016;08:46:00;81;sem vítima;179,1;BR-050/MG;Sul;Colisão Traseira;;;1;;;;;;;1;3;;;;
29/04/2016;09:47:00;107;com vítima;9;CONTORNO;Norte;Colisão Traseira;;;1;;;;;;;1;1;1;;;
29/04/2016;11:32:00;126;com vítima;126,6;BR-050/MG;Norte;Colisão Lateral;;;1;1;;;;;;;1;;1;;
29/04/2016;15:29:00;172;sem vítima;21;CONTORNO;Norte;Tombamento;;;1;;;;;;;;1;;;;
01/05/2016;03:09:00;9;sem vítima;77,1;BR-050/MG;Sul;Choque - Defensa, barreira ou meio fio;1;;;;;;;;;;2;;;;
01/05/2016;12:51:00;104;com vítima;138,8;BR-050/MG;Norte;Capotamento;1;;;;;;;;;;0;;2;;
01/05/2016;16:33:00;139;com vítima;154,18;BR-050/MG;Norte;Colisão Traseira;;;;2;;;;;;;0;;2;1;
01/05/2016;17:44:00;148;sem vítima;268;BR-050/GO;Sul;Colisão Traseira;1;;;;;;;;;1;3;;;;
01/05/2016;18:50:00;166;com vítima;265;BR-050/GO;Sul;Queda de Moto;;;;1;;;;;;;0;;1;;
01/05/2016;19:41:00;200;com vítima;82,8;BR-050/MG;Norte;Colisão Traseira;1;;1;;;;;;;;1;;2;;
01/05/2016;21:43:00;223;sem vítima;244;BR-050/GO;Norte;Queda de Moto;;;;1;;;;;;;1;;;;
02/05/2016;02:22:00;14;sem vítima;11,5;BR-050/MG;Norte;Saida de Pista;1;;;;;;;;;;2;;;;
02/05/2016;05:45:00;25;com vítima;153,03;BR-050/MG;Norte;Colisão Traseira;;;2;;;;;;;;1;;;;1
02/05/2016;07:56:00;78;sem vítima;280,6;BR-050/GO;Sul;Colisão Traseira;2;;;;;;;;;;2;;;;
02/05/2016;23:03:00;300;sem vítima;41,2;BR-050/MG;Norte;Queda de Moto;;;;1;;;;;;;1;;;;
03/05/2016;07:41:00;75;com vítima;132,5;BR-050/GO;Norte;Queda de Moto;;;;1;;;;;;;0;2;;;
03/05/2016;11:08:00;127;sem vítima;176;BR-050/MG;Sul;Tombamento;;;1;;;;;;;;1;;;;
05/05/2016;07:47:00;71;com vítima;180;BR-050/MG;Sul;Colisão Traseira;2;;;;;;;;;;1;;1;;
05/05/2016;17:00:00;168;com vítima;170,2;BR-050/MG;Sul;Choque - Talude;;;;;;;;;;1;0;;1;;
05/05/2016;20:34:00;243;sem vítima;295,8;BR-050/GO;Sul;Capotamento;1;;;;;;;;;;1;;;;
05/05/2016;22:30:00;260;sem vítima;141,5;BR-050/GO;Sul;Atropelamento - Animal;1;;;;;;;;;;4;;;;
06/05/2016;03:39:00;18;com vítima;180,48;BR-050/MG;Sul;Choque - Arvore;;;;;;;;;;1;0;;;;1
06/05/2016;11:40:00;146;sem vítima;193,5;BR-050/GO;Sul;Tombamento;1;;;;;;;;;;1;;;;
06/05/2016;17:13:00;221;com vítima;184,2;BR-050/GO;Sul;Colisão Lateral;;;1;;1;;;;;;46;1;6;;
06/05/2016;17:31:00;224;sem vítima;175;BR-050/MG;Norte;Colisão Traseira;1;;1;;;;;;;;2;;;;
06/05/2016;19:01:00;252;com vítima;82,6;BR-050/MG;Norte;Colisão Lateral;1;1;;;;;;;;1;2;;;;1
07/05/2016;18:56:00;190;sem vítima;186,2;BR-050/MG;Sul;Choque - Defensa, barreira ou meio fio;1;;;;;;;;;;1;;;;
07/05/2016;22:04:00;246;sem vítima;62,2;BR-050/MG;Sul;Saida de Pista;1;;;;;;;;;;1;;;;
08/05/2016;16:23:00;150;sem vítima;51,4;BR-050/MG;Norte;Colisão Traseira;1;;;;;1;;;;;6;;;;
09/05/2016;06:29:00;32;com vítima;175,1;BR-050/GO;Norte;Capotamento;1;;;;;;;;;;0;;1;;
09/05/2016;06:41:00;35;com vítima;100,15;BR-050/GO;Sul;Queda de Moto;;;;1;;;;;;;0;;1;;
09/05/2016;16:05:00;179;sem vítima;82;BR-050/MG;Norte;Saida de Pista;1;;;;;;;;;;1;;;;
09/05/2016;17:35:00;200;sem vítima;174,3;BR-050/MG;Norte;Colisão Traseira;1;;1;;;;;;;;2;;;;
09/05/2016;21:58:00;278;sem vítima;0,3;BR-050/MG;Sul;Tombamento;;;1;;;;;;;;1;;;;
11/05/2016;08:32:00;95;sem vítima;199;BR-050/GO;Sul;Tombamento;;;1;;;;;;;;1;;;;
12/05/2016;21:33:00;285;com vítima;99,3;BR-050/GO;Sul;Colisão Traseira;1;;;;;;;;;1;3;1;;;