data;horario;n_da_ocorrencia;tipo_de_ocorrencia;km;trecho;sentido;tipo_de_acidente;automovel;bicicleta;caminhao;moto;onibus;outros;tracao_animal;transporte_de_cargas_especiais;trator_maquinas;utilitarios;ilesos;levemente_feridos;moderadamente_feridos;gravemente_feridos;mortos
20/07/2016;19:03:00;215;sem vítima;185,7;BR-050/MG;Sul;Colisão Traseira;1;;;;;;;;;1;2;;;;
21/07/2016;17:04:00;193;sem vítima;97,8;BR-050/GO;Norte;Colisão Lateral;;;;1;;;;;;1;3;;;;
21/07/2016;19:03:00;226;sem vítima;234,9;BR-050/GO;Norte;Colisão Traseira;;;2;1;;;;;;;3;;;;
22/07/2016;00:09:00;1;com vítima;93,7;BR-050/MG;Norte;Colisão Traseira;;;2;;;;;;;;0;;1;2;
22/07/2016;13:05:00;167;com vítima;112,28;BR-050/MG;Norte;Capotamento;1;;;;;;;;;;0;;1;;
22/07/2016;20:49:00;291;sem vítima;1;BR-050/MG;Sul;Colisão Traseira;2;;;;;;;;;1;4;;;;
23/07/2016;21:03:00;228;sem vítima;287,25;BR-050/GO;Norte;Saida de Pista;1;;;;;;;;;;1;;;;
24/07/2016;02:58:00;10;sem vítima;54,06;BR-050/MG;Sul;Choque - Defensa, barreira ou meio fio;1;;;;;;;;;;2;;;;
24/07/2016;04:53:00;23;sem vítima;9,2;CONTORNO;Sul;Choque - Defensa, barreira ou meio fio;1;;;;;;;;;;1;;;;
24/07/2016;08:51:00;81;sem vítima;61;BR-050/MG;Norte;Choque - Elemento de Drenagem;1;;;;;;;;;;1;;;;
24/07/2016;09:36:00;86;sem vítima;51,8;BR-050/MG;Norte;Colisão Lateral;;;;2;;;;;;;3;;;;
24/07/2016;14:48:00;130;com vítima;6,07;BR-050/MG;Sul;Capotamento;1;;;;;;;;;;0;1;;;
25/07/2016;02:01:00;10;sem vítima;21,1;CONTORNO;Norte;Choque - Poste;1;;;;;;;;;;1;;;;
25/07/2016;10:35:00;122;sem vítima;193,9;BR-050/GO;Norte;Choque - Arvore;;;;;;;;;;1;1;;;;
25/07/2016;13:25:00;148;com vítima;154;BR-050/GO;Sul;Colisão Transversal;1;;;;;;;;;1;6;2;;;
25/07/2016;18:44:00;209;sem vítima;190;BR-050/MG;Sul;Choque - Defensa, barreira ou meio fio;1;;;;;;;;;;1;;;;
28/07/2016;16:53:00;191;sem vítima;117;BR-050/MG;Norte;Choque - Talude;1;;;;;;;;;;1;;;;
29/07/2016;12:36:00;154;com vítima;17;BR-050/MG;Norte;Choque - Suporte de Sinalização;;;;1;;;;;;;0;;1;;
29/07/2016;14:55:00;171;sem vítima;49;BR-050/MG;Sul;Saida de Pista;1;;;;;;;;;;1;;;;
30/07/2016;02:52:00;26;sem vítima;192,43;BR-050/GO;Sul;Saida de Pista;;;1;;;;;;;;2;;;;
30/07/2016;11:48:00;143;sem vítima;138,1;BR-050/MG;Norte;Capotamento;1;;;;;;;;;;3;;;;
30/07/2016;18:17:00;227;sem vítima;273;BR-050/GO;Sul;Queda de Moto;;;;1;;;;;;;1;;;;
30/07/2016;18:54:00;242;com vítima;104;BR-050/GO;Norte;Colisão Traseira;1;;1;;;;;;;;1;1;;;
30/07/2016;20:56:00;278;com vítima;314;BR-050/GO;Norte;Colisão Frontal;;;1;;;;;;;1;1;1;;;
31/07/2016;00:48:00;6;sem vítima;288,5;BR-050/GO;Sul;Atropelamento de Animal;1;;;;;;;;;;4;;;;
31/07/2016;04:46:00;25;com vítima;40;BR-050/MG;Norte;Capotamento;1;;;;;;;;;;0;;1;;
31/07/2016;10:11:00;86;sem vítima;87,4;BR-050/MG;Sul;Colisão Lateral;;;1;;;;;;;1;3;;;;
31/07/2016;11:38:00;108;sem vítima;268,3;BR-050/GO;Sul;Capotamento;1;;;;;;;;;;4;;;;
01/08/2016;05:56:00;28;com vítima;173,46;BR-050/MG;Norte;Atropelamento - Andarilho;;;;;;;;;;1;2;;;;1
01/08/2016;07:51:00;73;sem vítima;39;BR-050/MG;Norte;Queda de Moto;;;;1;;;;;;;1;;;;
01/08/2016;11:24:00;141;com vítima;160,46;BR-050/MG;Norte;Queda de Moto;;;;1;;;;;;;1;;1;;
01/08/2016;14:15:00;168;com vítima;21;CONTORNO;Sul;Choque - Elemento de Drenagem;1;;;;;;;;;;0;1;;;
01/08/2016;15:29:00;189;sem vítima;27;BR-050/MG;Sul;Choque - Defensa, barreira ou meio fio;1;;;;;;;;;;1;;;;
01/08/2016;19:26:00;260;sem vítima;281;BR-050/GO;Sul;Colisão Lateral;1;;;;1;;;;;;2;;;;
01/08/2016;20:33:00;279;sem vítima;166,5;BR-050/GO;Norte;Saida de Pista;1;;;;;;;;;;2;;;;
02/08/2016;18:55:00;230;com vítima;199,4;BR-050/GO;Norte;Colisão Lateral;1;;1;;;;;;;;3;1;;;
02/08/2016;19:24:00;256;com vítima;55,982;BR-050/MG;Norte;Atropelamento de Animal;1;;;;;;;;;;1;;3;;
03/08/2016;05:57:00;48;sem vítima;313,5;BR-050/GO;Sul;Tombamento;;;1;;;;;;;;1;;;;
03/08/2016;08:37:00;103;com vítima;173,95;BR-050/GO;Sul;Colisão Transversal;;;1;;;;;;;1;1;;;1;
04/08/2016;18:09:00;223;com vítima;135,5;BR-050/MG;Sul;Tombamento;;;1;;;;;;;;0;;;1;
04/08/2016;18:28:00;224;com vítima;283;BR-050/GO;Norte;Colisão Lateral;2;;;;;;;;;;0;7;;;
04/08/2016;20:05:00;254;sem vítima;98,3;BR-050/GO;Sul;Colisão Lateral;1;;;;;;;;;;4;;;;
04/08/2016;20:22:00;259;sem vítima;177;BR-050/MG;Norte;Colisão Traseira;2;;;;;;;;;;2;;;;
04/08/2016;21:20:00;265;com vítima;195,5;BR-050/MG;Sul;Colisão Traseira;;;2;;;;;;;;1;;;1;
04/08/2016;23:01:00;278;com vítima;21;BR-050/MG;Sul;Colisão Traseira;1;;1;;;;;;;;4;2;;;
05/08/2016;05:20:00;27;sem vítima;98,6;BR-050/MG;Norte;Atropelamento de Animal;1;;;;;;;;;;1;;;;
05/08/2016;06:11:00;36;sem vítima;160,6;BR-050/MG;Sul;Atropelamento de Animal;;;1;;;;;;;;1;;;;
05/08/2016;15:31:00;193;com vítima;15,9;CONTORNO;Norte;Choque - Defensa, barreira ou meio fio;1;;;;;;;;;;0;;;1;
05/08/2016;19:12:00;251;sem vítima;165,95;BR-050/MG;Sul;Atropelamento de Animal;;;;;;;;;;1;2;;;;
05/08/2016;19:46:00;267;com vítima;53,96;BR-050/MG;Sul;Colisão Traseira;;;2;;;;;;;;1;;1;;
06/08/2016;07:27:00;74;sem vítima;42;BR-050/MG;Sul;Colisão Traseira;1;;1;;;;;;;;3;;;;
07/08/2016;03:23:00;36;com vítima;176;BR-050/MG;Norte;Queda de Moto;;;;1;;;;;;;0;;1;;
07/08/2016;08:25:00;92;com vítima;171,86;BR-050/MG;Sul;Tombamento;;;;;;;;;;1;0;;1;;
07/08/2016;13:19:00;134;sem vítima;57;BR-050/MG;Norte;Queda de Moto;;;;1;;;;;;;2;;;;
07/08/2016;15:21:00;146;sem vítima;270;BR-050/GO;Sul;Saida de Pista;;;;1;;;;;;;1;;;;
07/08/2016;20:27:00;248;com vítima;174;BR-050/MG;Sul;Choque - Defensa, barreira ou meio fio;1;;;;;;;;;;3;;2;;
07/08/2016;21:27:00;259;sem vítima;195,95;BR-050/GO;Sul;Queda de Moto;;;;1;;;;;;;1;;;;
08/08/2016;17:57:00;244;sem vítima;28;BR-050/MG;Sul;Carreta deu L;;;1;;;;;;;;1;;;;
08/08/2016;18:38:00;250;sem vítima;273;BR-050/GO;Sul;Colisão Lateral;1;;;;;;;;;;3;;;;
08/08/2016;20:13:00;290;com vítima;182,6;BR-050/MG;Sul;Choque - Objeto sobre a pista;;;;1;;;;;;;0;;;1;
09/08/2016;04:50:00;22;com vítima;218,8;BR-050/GO;Norte;Capotamento;;;1;;;;;;;;0;1;;;
10/08/2016;15:11:00;196;com vítima;55,44;BR-050/MG;Norte;Choque - Barranco;;;;;;;;;;1;1;;1;;
10/08/2016;16:46:00;212;sem vítima;180,63;BR-050/MG;Norte;Choque - Defensa, barreira ou meio fio;1;;;;;;;;;;1;;;;
10/08/2016;20:24:00;285;com vítima;81,95;BR-050/MG;Norte;Colisão Traseira;1;;3;;;;;;;;6;;;;1
11/08/2016;09:47:00;123;sem vítima;169,6;BR-050/MG;Sul;Saida de Pista;;;;;;;;;;1;1;;;;
11/08/2016;10:58:00;134;sem vítima;43;BR-050/MG;Norte;Colisão Traseira;;;2;;;;;;;;3;;;;
11/08/2016;14:47:00;172;sem vítima;92,8;BR-050/MG;Norte;Saida de Pista;;;;;;;;;;1;1;;;;
11/08/2016;22:40:00;278;com vítima;54,19;BR-050/MG;Sul;Capotamento;1;;;;;;;;;;0;;2;;
12/08/2016;02:17:00;9;com vítima;209,6;BR-050/GO;Norte;Choque - Talude;1;;;;;;;;;;0;;1;1;1
12/08/2016;06:21:00;46;sem vítima;189,6;BR-050/MG;Norte;Colisão Traseira;;;2;;;;;;;;2;;;;
12/08/2016;07:05:00;62;com vítima;171,7;BR-050/MG;Sul;Colisão Traseira;1;;;1;;;;;;;1;1;;;
12/08/2016;18:25:00;229;sem vítima;168,62;BR-050/MG;Norte;Capotamento;;;;;;;;;;1;2;;;;
12/08/2016;20:24:00;280;com vítima;138,22;BR-050/MG;Sul;Colisão Traseira;1;;1;;;;;;;;1;;;1;
12/08/2016;20:35:00;285;com vítima;236,3;BR-050/GO;Sul;Capotamento;1;;;;;;;;;;0;;;1;
13/08/2016;01:56:00;17;sem vítima;64,4;BR-050/MG;Norte;Atropelamento de Animal;;;;;;;;;;1;1;;;;
13/08/2016;10:11:00;121;sem vítima;174,1;BR-050/MG;Sul;Colisão Traseira;1;;1;;;;;;;;2;;;;
13/08/2016;16:21:00;182;sem vítima;17;BR-050/MG;Norte;Choque - Defensa, barreira ou meio fio;1;;;;;;;;;;1;;;;
13/08/2016;18:00:00;199;com vítima;179,7;BR-050/MG;Norte;Queda de Moto;;;;1;;;;;;;0;;1;;
13/08/2016;18:54:00;212;sem vítima;51,7;BR-050/MG;Sul;Choque - Veiculo parado na pista;2;;1;;;;;;;;6;;;;
14/08/2016;07:05:00;37;com vítima;82;BR-050/MG;Sul;Saida de Pista;1;;;;;;;;;;0;1;;;
14/08/2016;08:03:00;65;com vítima;97,7;BR-050/GO;Norte;Colisão Transversal;;;;1;;;;;;1;1;;1;;
14/08/2016;09:30:00;75;com vítima;149,2;BR-050/GO;Sul;Capotamento;1;;;;;;;;;;0;;1;;
14/08/2016;21:47:00;220;sem vítima;238,4;BR-050/GO;Norte;Queda de Moto;;;;1;;;;;;;1;;;;
15/08/2016;13:52:00;135;sem vítima;309,8;BR-050/GO;Norte;Colisão Traseira;;;;;;1;;;;1;3;;;;
15/08/2016;15:30:00;155;com vítima;154,8;BR-050/MG;Norte;Capotamento;1;;;;;;;;;;0;2;;;
15/08/2016;18:16:00;196;com vítima;105,45;BR-050/GO;Norte;Capotamento;1;;;;;;;;;;2;2;;;
15/08/2016;18:49:00;206;com vítima;41,95;BR-050/MG;Sul;Colisão Traseira;2;;;;;;;;;;8;2;;;
15/08/2016;21:24:00;255;sem vítima;169,6;BR-050/MG;Sul;Carreta deu L;;;1;;;;;;;;1;;;;
15/08/2016;22:03:00;260;sem vítima;169,95;BR-050/MG;Norte;Tombamento;;;1;;;;;;;;1;;;;
16/08/2016;07:08:00;56;sem vítima;47,06;BR-050/MG;Norte;Choque - Defensa, barreira ou meio fio;1;;;;;;;;;;2;;;;
16/08/2016;09:29:00;94;sem vítima;177,6;BR-050/MG;Sul;Choque - Defensa, barreira ou meio fio;1;;;;;;;;;;1;;;;
16/08/2016;09:53:00;107;com vítima;177,5;BR-050/MG;Norte;Colisão Traseira;1;;1;;;;;;;;1;;1;;
16/08/2016;15:25:00;157;sem vítima;48,8;BR-050/MG;Norte;Choque - Defensa, barreira ou meio fio;1;;;;;;;;;;1;;;;
16/08/2016;18:39:00;186;sem vítima;98,5;BR-050/MG;Sul;Atropelamento de Animal;1;;;;;;;;;;1;;;;
16/08/2016;23:32:00;254;sem vítima;63,94;BR-050/MG;Sul;Choque - Defensa, barreira ou meio fio;;;1;;;;;;;;1;;;;
18/08/2016;09:33:00;116;com vítima;15;CONTORNO;Sul;Colisão Lateral;;;1;;;;;;;1;1;1;;1;
18/08/2016;15:10:00;174;sem vítima;155;BR-050/MG;Sul;Colisão Traseira;;;2;;;;;;;;4;;;;
19/08/2016;21:55:00;283;sem vítima;162,38;BR-050/MG;Sul;Colisão Traseira;2;;;;;;;;;;5;;;;
20/08/2016;03:13:00;12;sem vítima;264;BR-050/GO;Norte;Saida de Pista;;;;;;;;;;1;1;;;;
20/08/2016;08:25:00;72;com vítima;260,2;BR-050/GO;Norte;Choque - Talude;;1;;;;;;;;;0;1;;;
21/08/2016;01:44:00;13;com vítima;181,8;BR-050/GO;Norte;Capotamento;1;;;;;;;;;;0;;;1;1
21/08/2016;06:04:00;32;com vítima;173,4;BR-050/MG;Norte;Capotamento;;;;;;;;;;1;1;;5;3;1
21/08/2016;07:56:00;67;sem vítima;53,04;BR-050/MG;Norte;Choque - Talude;;;1;;;;;;;;1;;;;
21/08/2016;08:29:00;72;sem vítima;25;BR-050/MG;Norte;Choque - Talude;1;;;;;;;;;;2;;;;
21/08/2016;12:04:00;95;sem vítima;56,4;BR-050/MG;Norte;Choque - Defensa, barreira ou meio fio;1;;;;;;;;;;1;;;;
21/08/2016;19:00:00;155;sem vítima;44,2;BR-050/MG;Sul;Choque - Elemento de Drenagem;1;;;;;;;;;;1;;;;
22/08/2016;17:06:00;203;sem vítima;170,95;BR-050/MG;Norte;Engavetamento;;;2;;;;;;;1;3;;;;
22/08/2016;19:18:00;253;sem vítima;280;BR-050/GO;Norte;Colisão Transversal;1;;1;;;;;;;;3;;;;
23/08/2016;16:50:00;181;sem vítima;46,6;BR-050/MG;Sul;Choque - Defensa, barreira ou meio fio;1;;;;;;;;;;1;;;;
23/08/2016;19:39:00;242;com vítima;176,8;BR-050/MG;Norte;Colisão Traseira;1;;;1;;;;;;;1;;1;;
24/08/2016;08:21:00;69;com vítima;176;BR-050/MG;Norte;Choque - Talude;;;;;;;;;;1;1;;1;;
24/08/2016;20:15:00;275;sem vítima;166;BR-050/MG;Norte;Choque - Suporte de Sinalização;;;;;;;;;;1;1;;;;
25/08/2016;00:54:00;2;sem vítima;210,35;BR-050/GO;Sul;Capotamento;;;1;;;;;;;;1;;;;
25/08/2016;03:41:00;17;sem vítima;102;BR-050/MG;Sul;Atropelamento de Animal;;;1;;;;;;;;1;;;;
25/08/2016;17:26:00;216;sem vítima;54,14;BR-050/MG;Norte;Carreta deu L;;;1;;;;;;;;1;;;;
25/08/2016;19:27:00;259;sem vítima;39,6;BR-050/MG;Norte;Choque - Defensa, barreira ou meio fio;;;;;;;;;;1;2;;;;
26/08/2016;06:42:00;38;sem vítima;171,6;BR-050/MG;Norte;Choque - Defensa, barreira ou meio fio;1;;;;;;;;;;1;;;;
27/08/2016;01:47:00;11;com vítima;102,4;BR-050/MG;Norte;Atropelamento de Animal;;;2;;;;;;;1;2;;;1;
27/08/2016;06:48:00;54;sem vítima;39;BR-050/MG;Norte;Choque - Defensa, barreira ou meio fio;;;;;;;;;;1;1;;;;
27/08/2016;12:52:00;143;sem vítima;92;BR-050/MG;Norte;Saida de Pista;1;;;;;;;;;;1;;;;
27/08/2016;14:26:00;157;sem vítima;5;BR-050/MG;Sul;Saida de Pista;1;;;;;;;;;;4;;;;
27/08/2016;15:26:00;172;com vítima;201,5;BR-050/GO;Norte;Colisão Frontal;1;;2;;;;;;;;3;;;;1
27/08/2016;16:50:00;178;com vítima;174,5;BR-050/MG;Norte;Choque - Defensa, barreira ou meio fio;1;;;;;;;;;;2;;1;;
28/08/2016;08:08:00;59;sem vítima;6,1;CONTORNO;Norte;Choque - Elemento de Drenagem;1;;;;;;;;;;1;;;;
28/08/2016;11:59:00;92;sem vítima;221,8;BR-050/GO;Sul;Colisão Frontal;1;;;;;;;;;1;6;;;;
28/08/2016;12:37:00;99;sem vítima;163,8;BR-050/MG;Sul;Choque - Defensa, barreira ou meio fio;1;;;;;;;;;;2;;;;
28/08/2016;16:04:00;133;com vítima;159,96;BR-050/MG;Sul;Capotamento;1;;;;;;;;;;0;;1;;4
28/08/2016;17:37:00;151;sem vítima;300;BR-050/GO;Norte;Colisão Traseira;2;;;;;;;;;;7;;;;
28/08/2016;22:09:00;238;com vítima;177,4;BR-050/MG;Norte;Colisão Traseira;1;;;1;;;;;;;1;;;1;
29/08/2016;06:44:00;29;com vítima;36;BR-050/MG;Norte;Queda de Moto;;;;1;;;;;;;0;;1;;
29/08/2016;07:20:00;59;sem vítima;179;BR-050/MG;Sul;Saida de Pista;;;1;;;;;;;;1;;;;
29/08/2016;10:26:00;126;com vítima;186,92;BR-050/MG;Norte;Capotamento;1;;;;;;;;;;0;;1;;
29/08/2016;13:36:00;151;sem vítima;54;BR-050/MG;Norte;Choque - Defensa, barreira ou meio fio;1;;;;;;;;;;1;;;;
30/08/2016;00:27:00;3;sem vítima;203,9;BR-050/MG;Norte;Choque - Elemento de Drenagem;;;1;;;;;;;;1;;;;
30/08/2016;12:33:00;155;sem vítima;110,7;BR-050/GO;Sul;Tombamento;;;;;;;;;;1;1;;;;
30/08/2016;16:17:00;185;sem vítima;15;CONTORNO;Sul;Tombamento;;;1;;;;;;;;1;;;;
30/08/2016;19:44:00;252;com vítima;22;BR-050/MG;Sul;Colisão Traseira;1;;1;;;;;;;;1;;1;;
30/08/2016;20:32:00;259;sem vítima;10;BR-050/MG;Norte;Saida de Pista;;;;;;;;;;1;1;;;;
31/08/2016;03:16:00;11;com vítima;53,3;BR-050/MG;Norte;Colisão Traseira;1;;1;;;;;;;;1;;2;;
31/08/2016;08:21:00;73;sem vítima;77;BR-050/MG;Norte;Choque - Poste;1;;;;;;;;;;2;;;;
01/09/2016;08:04:00;71;com vítima;281,7;BR-050/GO;Norte;Colisão Frontal;;;1;1;;;;;;;1;;;;1
02/09/2016;22:15:00;306;sem vítima;77;BR-050/MG;Norte;Choque - Defensa, barreira ou meio fio;;;;1;;;;;;;1;;;;
03/09/2016;04:38:00;32;sem vítima;42,2;BR-050/MG;Norte;Choque - Defensa, barreira ou meio fio;;;1;;;;;;;;1;;;;
03/09/2016;18:02:00;199;com vítima;204;BR-050/MG;Sul;Capotamento;1;;;;;;;;;;0;;2;;
03/09/2016;20:08:00;239;com vítima;279;BR-050/GO;Norte;Colisão Transversal;1;;;;;;;;;1;1;1;;;
04/09/2016;05:31:00;20;sem vítima;22;BR-050/MG;Sul;Choque - Defensa, barreira ou meio fio;;;;;;;;;;1;5;;;;
04/09/2016;06:09:00;25;sem vítima;270,18;BR-050/GO;Sul;Saida de Pista;1;;;;;;;;;;1;;;;
04/09/2016;06:16:00;27;com vítima;264;BR-050/GO;Sul;Capotamento;1;;;;;;;;;;0;;1;;
04/09/2016;06:58:00;36;sem vítima;60,7;BR-050/MG;Norte;Saida de Pista;1;;;;;;;;;;2;;;;
04/09/2016;12:58:00;105;sem vítima;18;CONTORNO;Sul;Colisão Lateral;1;;;1;;;;;;;4;;;;
04/09/2016;14:42:00;114;sem vítima;96,5;BR-050/MG;Norte;Colisão Traseira;;;2;;;;;;;;2;;;;
04/09/2016;19:32:00;212;com vítima;279;BR-050/GO;Sul;Colisão Transversal;;;1;1;;;;;;;1;;;1;
04/09/2016;19:44:00;215;sem vítima;175,8;BR-050/MG;Sul;Choque - Defensa, barreira ou meio fio;1;;;;;;;;;;1;;;;
04/09/2016;20:22:00;228;sem vítima;175,7;BR-050/MG;Sul;Colisão Lateral;;;1;;;;;;;1;2;;;;
05/09/2016;02:22:00;10;com vítima;272,6;BR-050/GO;Sul;Choque - Defensa, barreira ou meio fio;1;;;;;;;;;;0;1;;;
06/09/2016;06:41:00;34;sem vítima;13;BR-050/MG;Norte;Colisão Traseira;;;1;;;;;;;1;2;;;;
06/09/2016;08:01:00;73;com vítima;78,1;BR-050/MG;Norte;Queda de Moto;;;;1;;;;;;;1;1;;;
06/09/2016;19:15:00;242;com vítima;278,9;BR-050/GO;Sul;Colisão Traseira;1;;;1;;;;;;;1;;1;;
07/09/2016;05:29:00;24;com vítima;85,89;BR-050/MG;Sul;Colisão Lateral;;;;1;;2;;;;;2;;1;;
07/09/2016;10:11:00;103;com vítima;192,2;BR-050/MG;Norte;Tombamento;;;1;;;;;;;;0;1;;;
07/09/2016;17:24:00;183;sem vítima;172;BR-050/MG;Sul;Capotamento;1;;;;;;;;;;1;;;;
07/09/2016;19:12:00;222;sem vítima;186,78;BR-050/GO;Sul;Saida de Pista;;;;;;;;;;1;2;;;;
07/09/2016;23:53:00;264;sem vítima;136;BR-050/MG;Norte;Saida de Pista;1;;;;;;;;;;1;;;;
07/09/2016;23:53:00;265;com vítima;80,3;BR-050/MG;Norte;Colisão Traseira;;;1;;;1;;;;;1;;1;;
09/09/2016;15:09:00;179;sem vítima;113;BR-050/MG;Norte;Capotamento;;;1;;;;;;;;1;;;;
09/09/2016;19:13:00;244;com vítima;143,6;BR-050/GO;Norte;Colisão Lateral;1;;1;;;;;;;;3;2;;;
09/09/2016;23:38:00;291;com vítima;0,8;BR-050/MG;Norte;Capotamento;1;;;;;;;;;;0;;1;;
10/09/2016;00:52:00;2;com vítima;78,68;BR-050/MG;Sul;Colisão Frontal;1;;;;;;;;;1;2;1;1;1;
10/09/2016;08:03:00;57;com vítima;139,125;BR-050/GO;Sul;Colisão Traseira;1;;;1;;;;;;;3;;1;;
11/09/2016;04:56:00;17;com vítima;133;BR-050/MG;Norte;Choque - Arvore;1;;;;;;;;;;0;;;2;
11/09/2016;11:16:00;99;sem vítima;296,5;BR-050/GO;Sul;Choque - Veiculo parado na pista;2;;;;;;;;;;3;;;;
11/09/2016;19:34:00;214;com vítima;110,78;BR-050/MG;Norte;Capotamento;1;;;;;;;;;;0;1;;;
12/09/2016;15:07:00;163;com vítima;313,4;BR-050/GO;Norte;Choque - Defensa, barreira ou meio fio;;;;1;;;;;;;0;;1;;
12/09/2016;22:11:00;272;sem vítima;168;BR-050/MG;Norte;Choque - Defensa, barreira ou meio fio;1;;;;;;;;;;1;;;;
13/09/2016;14:53:00;197;sem vítima;271,2;BR-050/GO;Sul;Colisão Traseira;2;;;;;;;;;;4;;;;
14/09/2016;04:58:00;27;sem vítima;99,5;BR-050/MG;Norte;Colisão Traseira;;;2;;;;;;;;2;;;;
14/09/2016;07:00:00;56;com vítima;161,1;BR-050/MG;Sul;Capotamento;1;;;;;;;;;;0;;1;;
14/09/2016;09:42:00;106;sem vítima;233,8;BR-050/GO;Sul;Choque - Defensa, barreira ou meio fio;1;;;;;;;;;;1;;;;
14/09/2016;10:50:00;122;sem vítima;25,9;BR-050/MG;Sul;Choque - Defensa, barreira ou meio fio;1;;;;;;;;;;1;;;;
14/09/2016;12:07:00;146;com vítima;206;BR-050/GO;Norte;Colisão Traseira;1;;;1;;;;;;;1;1;;;
15/09/2016;11:04:00;143;sem vítima;41;BR-050/MG;Norte;Colisão Lateral;1;;;1;;;;;;;2;;;;
15/09/2016;16:14:00;197;sem vítima;178,5;BR-050/MG;Sul;Carreta deu L;;;1;;;;;;;;1;;;;
16/09/2016;04:56:00;20;sem vítima;150;BR-050/MG;Sul;Tombamento;;;1;;;;;;;;2;;;;
16/09/2016;09:57:00;133;com vítima;80,6;BR-050/MG;Norte;Colisão Traseira;1;;1;;;;;;;;1;2;;;
16/09/2016;19:21:00;262;sem vítima;243;BR-050/GO;Sul;Atropelamento de Animal;2;;;;;;;;;;5;;;;
17/09/2016;08:19:00;83;sem vítima;6;BR-050/MG;Norte;Queda de Moto;;;;1;;;;;;;1;;;;
17/09/2016;15:13:00;155;com vítima;132,9;BR-050/MG;Sul;Capotamento;1;;;;;;;;;;0;;1;;
17/09/2016;22:50:00;251;sem vítima;13,05;BR-050/MG;Sul;Atropelamento de Animal;;;;;;;;;;1;3;;;;
18/09/2016;00:09:00;1;sem vítima;165;BR-050/MG;Sul;Choque - Defensa, barreira ou meio fio;2;;;;;;;;;;10;;;;
18/09/2016;01:40:00;14;com vítima;35;BR-050/MG;Norte;Saida de Pista;1;;;;;;;;;;1;1;;;
18/09/2016;04:58:00;36;sem vítima;28;BR-050/MG;Sul;Saida de Pista;1;;;;;;;;;;3;;;;
18/09/2016;10:12:00;115;sem vítima;182,02;BR-050/MG;Sul;Colisão Traseira;1;;;;;;;;;1;6;;;;
19/09/2016;00:26:00;4;sem vítima;93;BR-050/MG;Sul;Colisão Traseira;;;2;;;;;;;;2;;;;
19/09/2016;07:56:00;92;com vítima;169,1;BR-050/MG;Sul;Atropelamento - Morador;;;3;;;;;;;;3;1;;;2
19/09/2016;08:34:00;105;sem vítima;227,7;BR-050/GO;Norte;Colisão Lateral;;;2;;;;;;;1;3;;;;
19/09/2016;18:30:00;236;com vítima;173,2;BR-050/MG;Norte;Capotamento;1;;;;;;;;;;0;1;;;
19/09/2016;18:52:00;242;com vítima;190,3;BR-050/MG;Sul;Choque - Objeto sobre a pista;2;;3;;;;;;;1;5;;1;;
20/09/2016;02:17:00;7;sem vítima;84,18;BR-050/MG;Norte;Saida de Pista;1;;;;;;;;;;4;;;;
20/09/2016;18:27:00;231;sem vítima;64;BR-050/MG;Norte;Saida de Pista;1;;;;;;;;;;1;;;;
20/09/2016;20:24:00;273;com vítima;164;BR-050/MG;Sul;Capotamento;1;;;;;;;;;;0;;1;;
21/09/2016;04:21:00;11;com vítima;130;BR-050/MG;Norte;Tombamento;;;1;;;;;;;;0;;1;;
21/09/2016;05:10:00;16;com vítima;60,16;BR-050/MG;Norte;Colisão Traseira;1;;1;;;;;;;;0;;3;1;
21/09/2016;17:42:00;175;com vítima;173,2;BR-050/MG;Sul;Queda de Moto;;;;1;;;;;;;0;2;;;
21/09/2016;18:25:00;187;com vítima;56,2;BR-050/MG;Norte;Capotamento;;;1;1;;;;;;;0;;2;;
21/09/2016;18:47:00;192;sem vítima;169,5;BR-050/MG;Norte;Colisão Lateral;;;2;;;;;;;1;3;;;;
23/09/2016;06:28:00;32;com vítima;129,8;BR-050/MG;Sul;Tombamento;;;1;;;;;;;;1;;1;;
23/09/2016;11:07:00;136;com vítima;83,1;BR-050/MG;Norte;Capotamento;1;;;;;;;;;;0;;4;;
23/09/2016;14:47:00;173;sem vítima;135,32;BR-050/MG;Norte;Choque - Elemento de Drenagem;1;;;;;;;;;;1;;;;
23/09/2016;15:13:00;175;sem vítima;185;BR-050/GO;Sul;Saida de Pista;;;1;;;;;;;;1;;;;
23/09/2016;16:38:00;191;sem vítima;21;CONTORNO;Sul;Colisão Lateral;1;;;;;;;;;1;2;;;;
24/09/2016;02:15:00;14;com vítima;54,5;BR-050/MG;Sul;Colisão Frontal;2;;;;;;;;;;0;2;2;;
24/09/2016;05:58:00;31;com vítima;227,8;BR-050/GO;Sul;Colisão Frontal;1;;1;;;;;;;;1;;;;2
24/09/2016;20:13:00;262;sem vítima;249,75;BR-050/GO;Norte;Capotamento;;;;;;;;;;1;1;;;;
24/09/2016;21:27:00;273;com vítima;64,6;BR-050/MG;Sul;Capotamento;1;;;;;;;;;;0;;1;1;
25/09/2016;04:18:00;20;com vítima;61,48;BR-050/MG;Sul;Saida de Pista;1;;;;;;;;;;1;;1;;
25/09/2016;16:11:00;139;com vítima;21;CONTORNO;Norte;Queda de Moto;;;;1;;;;;;;0;2;;;
25/09/2016;16:21:00;140;com vítima;272,5;BR-050/GO;Sul;Capotamento;;;;;;;;;;2;3;1;;;