data;horario;n_da_ocorrencia;tipo_de_ocorrencia;km;trecho;sentido;tipo_de_acidente;automovel;bicicleta;caminhao;moto;onibus;outros;tracao_animal;transporte_de_cargas_especiais;trator_maquinas;utilitarios;ilesos;levemente_feridos;moderadamente_feridos;gravemente_feridos;mortos
25/09/2016;18:01:00;159;sem vítima;161,3;BR-050/GO;Norte;Colisão Traseira;;;2;;;;;;;;3;;;;
26/09/2016;17:51:00;221;com vítima;198,8;BR-050/MG;Sul;Choque - Suporte de Sinalização;1;;;;;;;;;;2;;;1;
28/09/2016;18:44:00;239;com vítima;39,2;BR-050/MG;Norte;Atropelamento - Outros;;;;1;;;;;;;0;;2;;
29/09/2016;08:05:00;82;sem vítima;282;BR-050/GO;Sul;Colisão Transversal;;;2;;;;;;;;2;;;;
29/09/2016;10:30:00;136;sem vítima;105;BR-050/MG;Sul;Colisão Traseira;;;2;;;;;;;;2;;;;
29/09/2016;10:40:00;140;sem vítima;142,4;BR-050/MG;Sul;Colisão Lateral;;;2;;;;;;;;10;;;;
29/09/2016;13:19:00;173;sem vítima;165;BR-050/GO;Sul;Tombamento;;;1;;;;;;;;1;;;;
29/09/2016;13:21:00;174;sem vítima;86;BR-050/MG;Norte;Carreta deu L;;;2;;;;;;;;2;;;;
30/09/2016;09:39:00;114;sem vítima;114,3;BR-050/MG;Norte;Saida de Pista;;;1;;;;;;;;1;;;;
30/09/2016;11:56:00;154;com vítima;102,7;BR-050/GO;Norte;Capotamento;1;;;;;;;;;;2;1;;;
30/09/2016;16:57:00;225;sem vítima;272;BR-050/GO;Norte;Saida de Pista;1;;;;;;;;;;1;;;;
30/09/2016;19:40:00;271;sem vítima;201,7;BR-050/MG;Sul;Atropelamento de Animal;1;;;;;;;;;;1;;;;
30/09/2016;21:39:00;312;sem vítima;163;BR-050/MG;Sul;Saida de Pista;1;;;;;;;;;;2;;;;
01/10/2016;02:26:00;15;sem vítima;91;BR-050/MG;Norte;Saida de Pista;1;;;;;;;;;;2;;;;
01/10/2016;15:49:00;158;sem vítima;24,3;BR-050/MG;Norte;Saida de Pista;1;;;;;;;;;;1;;;;
01/10/2016;16:00:00;160;sem vítima;37,5;BR-050/MG;Norte;Saida de Pista;1;;;;;;;;;;1;;;;
01/10/2016;22:26:00;262;com vítima;47,6;BR-050/MG;Norte;Capotamento;1;;;;;;;;;;0;;1;;
02/10/2016;07:13:00;28;com vítima;187,28;BR-050/MG;Norte;Capotamento;1;;;;;;;;;;0;;3;;1
02/10/2016;16:38:00;157;sem vítima;158,9;BR-050/MG;Sul;Capotamento;;;;;;;;;;1;1;;;;
02/10/2016;16:42:00;158;sem vítima;84,98;BR-050/MG;Norte;Engavetamento;2;;;;;;;;;1;5;;;;
03/10/2016;01:28:00;8;sem vítima;202,3;BR-050/GO;Norte;Tombamento;;;1;;;;;;;;1;;;;
03/10/2016;16:13:00;175;com vítima;93,5;BR-050/MG;Norte;Colisão Lateral;1;;1;;;;;;;;5;;;1;
03/10/2016;16:26:00;179;sem vítima;90,8;BR-050/MG;Sul;Capotamento;;;;;;;;;;1;1;;;;
03/10/2016;17:47:00;196;sem vítima;178,9;BR-050/MG;Sul;Colisão Traseira;1;;;;;1;;;;;5;;;;
03/10/2016;17:52:00;198;sem vítima;151;BR-050/MG;Sul;Choque - Elemento de Drenagem;1;;;;;;;;;;5;;;;
03/10/2016;18:27:00;203;sem vítima;177,5;BR-050/MG;Sul;Saida de Pista;1;;;;;;;;;;1;;;;
03/10/2016;18:28:00;204;sem vítima;273;BR-050/GO;Sul;Colisão Traseira;2;;;;;;;;;;4;;;;
03/10/2016;18:57:00;208;com vítima;98,3;BR-050/GO;Norte;Atropelamento - Sem Informação;1;;;;;;;;;;0;2;;;1
04/10/2016;06:50:00;30;sem vítima;136,54;BR-050/MG;Norte;Carreta deu L;;;1;;;;;;;;2;;;;
04/10/2016;07:18:00;57;sem vítima;131,65;BR-050/GO;Sul;Saida de Pista;;;;;;;;;;1;1;;;;
04/10/2016;14:46:00;150;com vítima;189,5;BR-050/MG;Norte;Colisão Traseira;;;2;;;;;;;;1;;1;;
04/10/2016;16:34:00;167;sem vítima;304,8;BR-050/GO;Sul;Choque - Talude;;;1;;;;;;;;2;;;;
04/10/2016;17:01:00;172;sem vítima;136,4;BR-050/MG;Sul;Choque - Talude;;;;;;;;;;1;1;;;;
04/10/2016;23:05:00;256;com vítima;24;BR-050/MG;Sul;Colisão Traseira;;;2;;;;;;;;1;;;1;
05/10/2016;11:41:00;146;com vítima;81;BR-050/MG;Norte;Capotamento;1;;;;;;;;;;0;;1;;
05/10/2016;12:22:00;150;sem vítima;149,2;BR-050/GO;Norte;Choque - Poste;1;;;;;;;;;;1;;;;
05/10/2016;18:32:00;226;sem vítima;41,068;BR-050/MG;Norte;Saida de Pista;1;;;;;;;;;;1;;;;
05/10/2016;18:37:00;242;sem vítima;41,03;BR-050/MG;Norte;Colisão Traseira;1;;;;;1;;;;;4;;;;
06/10/2016;04:37:00;12;sem vítima;204,5;BR-050/MG;Sul;Saida de Pista;;;;;;;;;;1;1;;;;
06/10/2016;18:55:00;226;sem vítima;43,1;BR-050/MG;Sul;Saida de Pista;;;1;;;;;;;;1;;;;
07/10/2016;15:12:00;170;sem vítima;53;BR-050/MG;Norte;Colisão Traseira;1;;;;;;;;;1;3;;;;
07/10/2016;19:05:00;239;com vítima;184,4;BR-050/MG;Sul;Queda de Moto;;;;1;;;;;;;0;;;;1
07/10/2016;22:59:00;286;sem vítima;281;BR-050/GO;Sul;Colisão Lateral;2;;;;;;;;;;3;;;;
08/10/2016;22:02:00;239;sem vítima;122;BR-050/MG;Norte;Capotamento;1;;;;;;;;;;1;;;;
08/10/2016;22:56:00;243;sem vítima;58;BR-050/MG;Norte;Colisão Traseira;2;;;;;;;;;;7;;;;
08/10/2016;23:32:00;246;sem vítima;172,2;BR-050/MG;Sul;Colisão Traseira;1;;1;;;;;;;;3;;;;
09/10/2016;03:21:00;14;com vítima;39,1;BR-050/MG;Norte;Choque - Defensa, barreira ou meio fio;;;;;;;;;;1;0;;1;;
09/10/2016;03:34:00;16;sem vítima;61;BR-050/MG;Norte;Choque - Suporte de Sinalização;1;;;;;;;;;;1;;;;
09/10/2016;16:46:00;160;com vítima;22;BR-050/MG;Sul;Queda de Moto;;;;1;;;;;;;0;;2;;
09/10/2016;17:54:00;174;com vítima;16,5;BR-050/MG;Norte;Saida de Pista;;;;;;;;;;1;0;2;;;
10/10/2016;08:07:00;89;com vítima;35,7;BR-050/MG;Norte;Capotamento;1;;;;;;;;;;1;1;;;
10/10/2016;08:43:00;103;sem vítima;205;BR-050/MG;Norte;Colisão Traseira;2;;;;;;;;;;3;;;;
10/10/2016;16:43:00;211;sem vítima;21,85;BR-050/MG;Sul;Choque - Defensa, barreira ou meio fio;1;;;;;;;;;;5;;;;
10/10/2016;17:56:00;232;com vítima;19;CONTORNO;Sul;Queda de Moto;;;;1;;;;;;;1;;;1;
10/10/2016;22:48:00;307;sem vítima;32;BR-050/MG;Sul;Atropelamento de Animal;;;1;;;;;;;;1;;;;
11/10/2016;07:26:00;63;com vítima;302,7;BR-050/GO;Norte;Queda de Moto;;;;1;;;;;;;0;1;;;
11/10/2016;07:39:00;69;sem vítima;22;BR-050/MG;Sul;Choque - Defensa, barreira ou meio fio;1;;;;;;;;;;2;;;;
11/10/2016;07:48:00;72;com vítima;170,6;BR-050/MG;Sul;Colisão Traseira;;;1;;;;;;;1;1;;2;;
11/10/2016;14:04:00;161;sem vítima;54,9;BR-050/MG;Sul;Queda de Moto;;;;1;;;;;;;1;;;;
11/10/2016;14:14:00;165;sem vítima;47,9;BR-050/MG;Sul;Tombamento;2;;2;;;;;;;;4;;;;
11/10/2016;15:42:00;181;sem vítima;45,3;BR-050/MG;Sul;Saida de Pista;;;1;;;;;;;;1;;;;
11/10/2016;16:07:00;184;sem vítima;165,32;BR-050/MG;Norte;Saida de Pista;1;;;;;;;;;;1;;;;
11/10/2016;16:16:00;185;com vítima;280;BR-050/GO;Sul;Colisão Transversal;1;;;1;;;;;;;1;1;;;
11/10/2016;18:48:00;211;com vítima;97,7;BR-050/GO;Sul;Colisão Lateral;1;;;1;;;;;;;1;;;2;
11/10/2016;18:50:00;215;sem vítima;43;BR-050/MG;Sul;Colisão Traseira;2;;;;;;;;;;3;;;;
11/10/2016;19:40:00;234;sem vítima;155,8;BR-050/MG;Norte;Tombamento;;;1;;;;;;;;2;;;;
12/10/2016;08:47:00;87;com vítima;155,26;BR-050/MG;Sul;Capotamento;1;;;;;;;;;;0;;3;;
12/10/2016;16:15:00;193;sem vítima;271;BR-050/GO;Sul;Colisão Traseira;;;;;;;;;;2;5;;;;
12/10/2016;23:11:00;290;com vítima;281,1;BR-050/GO;Norte;Colisão Traseira;;;;;;1;;;;1;1;5;;;
13/10/2016;05:35:00;16;sem vítima;198;BR-050/MG;Sul;Colisão Traseira;;;1;;;;;;;1;4;;;;
13/10/2016;06:50:00;36;sem vítima;60;BR-050/MG;Norte;Queda de Moto;;;;1;;;;;;;1;;;;
13/10/2016;12:32:00;157;sem vítima;176,5;BR-050/MG;Sul;Choque - Defensa, barreira ou meio fio;1;;1;;;;;;;;3;;;;
13/10/2016;16:56:00;204;sem vítima;174,8;BR-050/GO;Norte;Saida de Pista;1;;;;;;;;;;1;;;;
13/10/2016;20:14:00;262;com vítima;178;BR-050/MG;Sul;Colisão Lateral;2;;;;;;;;;;6;;1;;
13/10/2016;20:35:00;269;sem vítima;41,36;BR-050/MG;Sul;Saida de Pista;1;;;;;;;;;;1;;;;
14/10/2016;05:28:00;33;com vítima;62;BR-050/MG;Sul;Choque - Defensa, barreira ou meio fio;1;;;;;;;;;;1;1;;;
14/10/2016;06:04:00;41;sem vítima;91,2;BR-050/MG;Norte;Colisão Traseira;;;2;;;;;;;;2;;;;
14/10/2016;08:13:00;97;com vítima;96,36;BR-050/MG;Sul;Saida de Pista;1;;;;;;;;;;0;1;;;
14/10/2016;12:25:00;175;com vítima;0;BR-050/MG;Norte;Colisão Transversal;1;;1;;;;;;;;1;;2;;
14/10/2016;18:00:00;231;sem vítima;13,8;BR-050/MG;Norte;Colisão Traseira;1;;1;;;;;;;;3;;;;
14/10/2016;18:13:00;240;sem vítima;17;BR-050/MG;Norte;Choque - Defensa, barreira ou meio fio;1;;;;;;;;;;5;;;;
15/10/2016;04:35:00;21;sem vítima;61;BR-050/MG;Norte;Saida de Pista;1;;;;;;;;;;2;;;;
15/10/2016;04:52:00;22;sem vítima;36,1;BR-050/MG;Norte;Choque - Defensa, barreira ou meio fio;1;;;;;;;;;;1;;;;
15/10/2016;12:15:00;135;sem vítima;87,5;BR-050/MG;Sul;Saida de Pista;2;;;;;;;;;;4;;;;
15/10/2016;15:20:00;165;sem vítima;168;BR-050/MG;Sul;Colisão Traseira;1;;1;;;;;;;;3;;;;
15/10/2016;15:59:00;173;sem vítima;165,7;BR-050/MG;Sul;Saida de Pista;;;1;;;;;;;;1;;;;
15/10/2016;17:22:00;183;com vítima;157;BR-050/MG;Norte;Tombamento;;;;;;;;;;1;0;;1;;
16/10/2016;17:07:00;161;sem vítima;122,8;BR-050/MG;Sul;Saida de Pista;1;;;;;;;;;;2;;;;
16/10/2016;18:49:00;194;sem vítima;161;BR-050/GO;Sul;Saida de Pista;1;;;;;;;;;;2;;;;
16/10/2016;19:22:00;227;com vítima;81;BR-050/MG;Sul;Queda de Ciclista;;1;;;;;;;;;0;;;1;
17/10/2016;06:41:00;30;sem vítima;199;BR-050/MG;Norte;Atropelamento de Animal;1;;;;;;;;;;1;;;;
17/10/2016;06:57:00;38;sem vítima;308,02;BR-050/GO;Sul;Colisão Lateral;2;;;;;;;;;;4;;;;
17/10/2016;10:06:00;122;sem vítima;204;BR-050/MG;Norte;Colisão Traseira;2;;;;;;;;;;2;;;;
17/10/2016;12:21:00;169;sem vítima;21,8;BR-050/MG;Sul;Choque - Defensa, barreira ou meio fio;1;;;;;;;;;;1;;;;
19/10/2016;04:43:00;20;sem vítima;167;BR-050/MG;Sul;Tombamento;;;1;;;;;;;;1;;;;
19/10/2016;16:54:00;203;sem vítima;207,7;BR-050/GO;Norte;Choque - Suporte de Sinalização;;;;;;;;;;1;1;;;;
20/10/2016;07:47:00;77;com vítima;116,5;BR-050/MG;Sul;Capotamento;1;;;;;;;;;;0;;2;;
20/10/2016;07:51:00;80;sem vítima;107,24;BR-050/MG;Norte;Saida de Pista;1;;;;;;;;;;2;;;;
20/10/2016;08:46:00;92;sem vítima;38;BR-050/MG;Sul;Choque - Defensa, barreira ou meio fio;1;;;;;;;;;;1;;;;
20/10/2016;11:04:00;127;sem vítima;17,2;BR-050/MG;Sul;Capotamento;1;;;;;;;;;;1;;;;
20/10/2016;17:08:00;181;com vítima;178,34;BR-050/MG;Norte;Colisão Lateral;;;1;1;;;;;;;2;;1;;
20/10/2016;18:26:00;206;sem vítima;168;BR-050/MG;Sul;Carreta deu L;;;1;;;;;;;;2;;;;
21/10/2016;02:29:00;8;sem vítima;61;BR-050/MG;Norte;Saida de Pista;1;;;;;;;;;;1;;;;
21/10/2016;05:10:00;16;sem vítima;17;BR-050/MG;Norte;Tombamento;;;1;;;;;;;;1;;;;
21/10/2016;11:44:00;138;com vítima;61,2;BR-050/MG;Norte;Colisão Traseira;2;;;;;;;;;;4;2;;;
21/10/2016;16:22:00;189;sem vítima;182;BR-050/MG;Sul;Choque - Defensa, barreira ou meio fio;;;;;;;;;;1;1;;;;
21/10/2016;18:25:00;226;sem vítima;309,5;BR-050/GO;Sul;Choque - Arvore;1;;;;;;;;;;1;;;;
21/10/2016;22:01:00;285;com vítima;175;BR-050/MG;Sul;Queda de Moto;;;;1;;;;;;;0;1;;;
22/10/2016;05:09:00;26;sem vítima;61;BR-050/MG;Norte;Colisão Traseira;;;;;;;;;;1;1;;;;
22/10/2016;05:54:00;32;com vítima;37,79;BR-050/MG;Sul;Capotamento;1;;;;;;;;;;2;;3;;
22/10/2016;13:37:00;135;com vítima;17,05;BR-050/MG;Norte;Capotamento;1;;;;;;;;;;3;;2;;
22/10/2016;15:16:00;150;sem vítima;179,1;BR-050/MG;Sul;Choque - Defensa, barreira ou meio fio;;;1;;;;;;;;1;;;;
22/10/2016;21:22:00;242;com vítima;204;BR-050/MG;Norte;Choque - Suporte de Sinalização;1;;;;;;;;;;0;;3;2;
23/10/2016;00:25:00;4;com vítima;56;BR-050/MG;Sul;Capotamento;1;;;;;;;;;;0;;2;;
23/10/2016;04:37:00;17;sem vítima;56;BR-050/MG;Sul;Choque - Talude;1;;;;;;;;;;1;;;;
23/10/2016;05:27:00;19;com vítima;204;BR-050/MG;Norte;Choque - Suporte de Sinalização;;;;;;;;;;1;0;;1;;
23/10/2016;11:36:00;92;sem vítima;28,85;BR-050/MG;Norte;Saida de Pista;1;;;;;;;;;;2;;;;
23/10/2016;19:06:00;191;sem vítima;157;BR-050/MG;Norte;Saida de Pista;1;;;;;;;;;;2;;;;
23/10/2016;19:37:00;209;sem vítima;13,8;BR-050/MG;Norte;Colisão Traseira;1;;1;;;;;;;;4;;;;
24/10/2016;07:00:00;50;sem vítima;168,84;BR-050/GO;Norte;Saida de Pista;1;;;;;;;;;;1;;;;
24/10/2016;08:08:00;79;sem vítima;260;BR-050/GO;Sul;Colisão Lateral;1;;;;;;;;;1;6;;;;
24/10/2016;14:06:00;189;com vítima;202,6;BR-050/MG;Sul;Choque - Veiculo parado na pista;;;2;;;;;;;;1;;;1;
25/10/2016;01:27:00;15;sem vítima;191,3;BR-050/GO;Sul;Atropelamento de Animal;;;;;;;;;;1;1;;;;
25/10/2016;01:34:00;17;sem vítima;102,6;BR-050/GO;Sul;Saida de Pista;;;1;;;;;;;;1;;;;
25/10/2016;10:37:00;139;sem vítima;239,5;BR-050/GO;Sul;Colisão Traseira;2;;;;;;;;;;4;;;;
25/10/2016;12:27:00;160;com vítima;90,24;BR-050/MG;Sul;Tombamento;;;1;;;;;;;;0;;1;;
25/10/2016;16:00:00;204;com vítima;92,67;BR-050/MG;Sul;Capotamento;;;;;;;;;;1;0;;1;;
25/10/2016;18:49:00;242;sem vítima;21,3;CONTORNO;Sul;Tombamento;;;1;;;;;;;;1;;;;
26/10/2016;11:36:00;139;com vítima;98,2;BR-050/GO;Sul;Colisão Transversal;1;;;1;;;;;;;2;1;;;
26/10/2016;17:09:00;211;com vítima;255,9;BR-050/GO;Norte;Choque - Arvore;;;;;;;;;;1;0;;1;;
27/10/2016;03:07:00;23;sem vítima;61;BR-050/MG;Sul;Tombamento;;;1;;;;;;;;1;;;;
27/10/2016;08:47:00;94;com vítima;161,7;BR-050/MG;Norte;Tombamento;;;1;;;;;;;;0;;1;;
27/10/2016;13:22:00;168;sem vítima;105;BR-050/MG;Sul;Colisão Transversal;1;;;;;;;;;1;2;;;;
28/10/2016;08:11:00;75;com vítima;176;BR-050/MG;Norte;Queda de Moto;;;;1;;;;;;;0;;;1;
28/10/2016;09:30:00;113;com vítima;4;BR-050/MG;Norte;Choque - Defensa, barreira ou meio fio;;;;1;;;;;;;0;;;1;
28/10/2016;10:54:00;137;com vítima;34,9;BR-050/MG;Sul;Capotamento;1;;;;;;;;;;0;;2;;
28/10/2016;11:22:00;140;com vítima;282,9;BR-050/GO;Sul;Choque - Veiculo parado na pista;;;;;;;;;;2;2;3;;;
28/10/2016;11:59:00;146;com vítima;144;BR-050/GO;Norte;Engavetamento;3;;1;;;;;;;;3;2;2;;
29/10/2016;04:38:00;21;sem vítima;97,2;BR-050/GO;Sul;Capotamento;1;;;;;;;;;;4;;;;
29/10/2016;10:36:00;121;com vítima;36;BR-050/MG;Sul;Queda de Moto;;;;1;;;;;;;1;;1;;
29/10/2016;15:46:00;165;com vítima;109,1;BR-050/MG;Norte;Queda de Ciclista;;1;;;;;;;;;0;;;1;
29/10/2016;19:18:00;240;sem vítima;80,4;BR-050/MG;Norte;Capotamento;1;;;;;;;;;;1;;;;
29/10/2016;22:59:00;268;com vítima;119,06;BR-050/MG;Norte;Capotamento;1;;1;;;;;;;;1;1;;;
30/10/2016;00:23:00;2;sem vítima;19,5;BR-050/MG;Norte;Saida de Pista;1;;;;;;;;;;7;;;;
30/10/2016;13:26:00;131;com vítima;203,1;BR-050/MG;Sul;Capotamento;2;;;;;;;;;;5;;1;;
30/10/2016;20:11:00;222;com vítima;84,4;BR-050/MG;Norte;Saida de Pista;1;;;;;;;;;;2;;1;;
30/10/2016;20:47:00;235;sem vítima;168,4;BR-050/MG;Norte;Saida de Pista;1;;;;;;;;;;3;;;;
30/10/2016;23:08:00;249;sem vítima;79;BR-050/MG;Sul;Colisão Traseira;1;;1;;;;;;;;3;;;;
31/10/2016;13:42:00;163;sem vítima;0,2;BR-050/MG;Sul;Choque - Elemento de Drenagem;1;;;;;;;;;;4;;;;
01/11/2016;00:51:00;5;sem vítima;164,3;BR-050/MG;Sul;Choque - Elemento de Drenagem;;;1;;;;;;;;1;;;;
01/11/2016;05:54:00;20;sem vítima;22,5;BR-050/MG;Sul;Saida de Pista;1;;;;;;;;;;1;;;;
01/11/2016;07:04:00;40;sem vítima;122;BR-050/MG;Sul;Saida de Pista;1;;;;;;;;;;1;;;;
01/11/2016;08:03:00;69;sem vítima;18,7;BR-050/MG;Sul;Saida de Pista;1;;;;;;;;;;1;;;;
01/11/2016;17:02:00;175;com vítima;247,8;BR-050/GO;Sul;Capotamento;1;;;;;;;;;;0;1;;;
01/11/2016;21:41:00;240;com vítima;18,6;CONTORNO;Norte;Choque - Defensa, barreira ou meio fio;1;;;;;;;;;;0;;1;;
02/11/2016;07:42:00;71;com vítima;21;CONTORNO;Norte;Colisão Lateral;2;;;;;;;;;;4;;2;1;
02/11/2016;15:10:00;139;sem vítima;96;BR-050/GO;Sul;Colisão Transversal;1;;;;;;;;;1;3;;;;
02/11/2016;20:16:00;207;com vítima;179;BR-050/MG;Sul;Queda de Moto;;;;1;;;;;;;0;;1;;
03/11/2016;00:52:00;2;com vítima;182;BR-050/MG;Sul;Queda de Ciclista;;1;;;;;;;;;1;;1;;
03/11/2016;01:27:00;5;com vítima;35,3;BR-050/MG;Norte;Capotamento;1;;;;;;;;;;4;;2;;
03/11/2016;14:32:00;157;com vítima;296;BR-050/GO;Norte;Colisão Lateral;1;;1;;;;;;;;1;;1;;
03/11/2016;17:52:00;187;com vítima;171,7;BR-050/MG;Norte;Colisão Traseira;1;;;1;;;;;;;1;;1;;
03/11/2016;19:05:00;219;com vítima;178,6;BR-050/MG;Sul;Capotamento;;;1;;;;;;;;0;;1;;
04/11/2016;06:20:00;28;sem vítima;102,95;BR-050/GO;Sul;Capotamento;1;;;;;;;;;;1;;;;
04/11/2016;12:49:00;140;com vítima;126,26;BR-050/MG;Norte;Capotamento;1;;;;;;;;;;0;;;1;
04/11/2016;13:58:00;152;com vítima;156,5;BR-050/MG;Norte;Tombamento;;;;;;;;;;1;0;;1;;
04/11/2016;16:16:00;172;sem vítima;27,13;BR-050/MG;Norte;Queda de Moto;;;;1;;;;;;;1;;;;
04/11/2016;21:51:00;254;sem vítima;280;BR-050/GO;Sul;Colisão Transversal;1;;1;;;;;;;;3;;;;
05/11/2016;06:49:00;31;sem vítima;61,08;BR-050/MG;Sul;Saida de Pista;;;;;;;;;;1;1;;;;
05/11/2016;08:26:00;78;sem vítima;205;BR-050/MG;Norte;Saida de Pista;1;;;;;;;;;;1;;;;
05/11/2016;09:26:00;91;com vítima;77;BR-050/MG;Norte;Colisão Traseira;;;1;;;;;;;1;1;2;;;
05/11/2016;13:19:00;125;com vítima;185,2;BR-050/MG;Norte;Queda de Moto;;;;1;;;;;;;0;2;;;
05/11/2016;14:04:00;131;com vítima;64,5;BR-050/MG;Norte;Capotamento;;;;;;;;;;1;0;;2;1;
06/11/2016;01:42:00;8;com vítima;22;BR-050/MG;Norte;Queda de Moto;;;;1;;;;;;;0;;;1;
06/11/2016;03:22:00;14;sem vítima;279;BR-050/GO;Sul;Colisão Lateral;1;;;;;;;;;;1;;;;
06/11/2016;05:14:00;19;sem vítima;111,1;BR-050/GO;Sul;Saida de Pista;;;;;;;;;;1;1;;;;
06/11/2016;06:59:00;40;sem vítima;123,3;BR-050/MG;Norte;Choque - Arvore;1;;;;;;;;;;1;;;;
06/11/2016;11:21:00;93;com vítima;274,9;BR-050/GO;Norte;Colisão Transversal;1;;1;;;;;;;;1;;1;1;
06/11/2016;17:11:00;127;sem vítima;135,5;BR-050/GO;Norte;Queda de Moto;;;;1;;;;;;;2;;;;
06/11/2016;17:48:00;132;com vítima;129;BR-050/MG;Norte;Saida de Pista;1;;;;;;;;;;4;1;;;
07/11/2016;09:47:00;119;com vítima;270,6;BR-050/GO;Sul;Tombamento;;;1;;;;;;;;0;1;;;
07/11/2016;18:06:00;210;sem vítima;133,05;BR-050/MG;Sul;Saida de Pista;;;;;;;;;;1;1;;;;
08/11/2016;04:15:00;15;com vítima;296;BR-050/GO;Sul;Capotamento;;;;;;;;;;1;2;3;1;;
08/11/2016;06:05:00;24;sem vítima;12,7;BR-050/MG;Sul;Saida de Pista;;;;;;;;;;1;1;;;;
08/11/2016;06:17:00;26;sem vítima;33,5;BR-050/MG;Norte;Colisão Transversal;1;;1;;;;;;;;2;;;;
08/11/2016;08:45:00;85;sem vítima;199,9;BR-050/MG;Norte;Choque - Suporte de Sinalização;;;1;;;;;;;;1;;;;
08/11/2016;10:25:00;114;com vítima;194,9;BR-050/MG;Sul;Choque - Defensa, barreira ou meio fio;1;;;;;;;;;;0;;1;;
08/11/2016;19:59:00;265;sem vítima;46,4;BR-050/MG;Sul;Choque - Defensa, barreira ou meio fio;1;;;;;;;;;;2;;;;
08/11/2016;20:39:00;270;com vítima;107,3;BR-050/GO;Norte;Atropelamento - Andarilho;1;;;;;;;;;;3;;;;1
08/11/2016;23:31:00;291;com vítima;197;BR-050/GO;Norte;Tombamento;;;3;;;;;;;;0;1;;;2
09/11/2016;20:47:00;263;sem vítima;142,7;BR-050/MG;Sul;Saida de Pista;1;;;;;;;;;;1;;;;
09/11/2016;22:11:00;275;sem vítima;106,4;BR-050/MG;Norte;Choque - Defensa, barreira ou meio fio;1;;;;;;;;;;1;;;;
10/11/2016;04:51:00;16;com vítima;137,4;BR-050/GO;Norte;Choque - Defensa, barreira ou meio fio;1;;;;;;;;;;0;2;;;
10/11/2016;06:21:00;31;com vítima;282,9;BR-050/GO;Sul;Colisão Transversal;;;;1;1;;;;;;1;;;;1
10/11/2016;11:34:00;116;sem vítima;13,8;BR-050/MG;Norte;Colisão Traseira;;;2;;;;;;;1;6;;;;
11/11/2016;03:02:00;17;com vítima;152,5;BR-050/MG;Sul;Colisão Transversal;;;2;;;;;;;;1;;1;;
11/11/2016;09:24:00;101;com vítima;152,68;BR-050/MG;Sul;Capotamento;1;;;;;;;;;;0;;;1;
11/11/2016;13:16:00;146;com vítima;140,8;BR-050/MG;Norte;Saida de Pista;1;;;;;;;;;;0;1;;;
11/11/2016;15:10:00;166;sem vítima;187,9;BR-050/MG;Sul;Choque - Elemento de Drenagem;1;;;;;;;;;;1;;;;
11/11/2016;20:08:00;260;com vítima;98,7;BR-050/GO;Sul;Colisão Frontal;;;1;1;;;;;;;1;;2;;
12/11/2016;06:03:00;32;sem vítima;131;BR-050/MG;Norte;Saida de Pista;1;;;;;;;;;;1;;;;
12/11/2016;06:05:00;33;sem vítima;47,52;BR-050/MG;Sul;Capotamento;1;;;;;;;;;;2;;;;
12/11/2016;06:45:00;37;com vítima;96,7;BR-050/MG;Sul;Capotamento;;;;;;;;;;1;0;2;;;
12/11/2016;10:23:00;119;com vítima;29,7;BR-050/MG;Sul;Choque - Defensa, barreira ou meio fio;;;;1;;;;;;;0;;1;;
12/11/2016;15:48:00;178;sem vítima;203,95;BR-050/MG;Sul;Colisão Lateral;2;;;;;;;;;;2;;;;
12/11/2016;18:43:00;208;sem vítima;192,5;BR-050/MG;Sul;Capotamento;;;;;;;;;;1;1;;;;
13/11/2016;00:12:00;4;sem vítima;115,9;BR-050/GO;Sul;Carreta deu L;;;1;;;;;;;;1;;;;
13/11/2016;01:58:00;13;sem vítima;143,3;BR-050/MG;Norte;Atropelamento de Animal;;;1;;;;;;;;1;;;;
13/11/2016;05:02:00;17;com vítima;164,8;BR-050/MG;Norte;Choque - Defensa, barreira ou meio fio;1;;;;;;;;;;0;;1;;
13/11/2016;05:31:00;20;com vítima;111,25;BR-050/GO;Sul;Saida de Pista;1;;;;;;;;;;0;;2;;
13/11/2016;09:27:00;86;sem vítima;13,8;BR-050/MG;Sul;Colisão Lateral;;;1;;;;;;;;2;;;;
13/11/2016;11:37:00;106;com vítima;193,96;BR-050/MG;Norte;Tombamento;1;;;;;;;;;;0;1;;;
13/11/2016;12:28:00;113;sem vítima;3,8;BR-050/MG;Sul;Choque - Defensa, barreira ou meio fio;1;;;;;;;;;;3;;;;
13/11/2016;13:07:00;117;sem vítima;17;BR-050/MG;Sul;Saida de Pista;1;;;;;;;;;;1;;;;
13/11/2016;15:30:00;126;sem vítima;178;BR-050/MG;Sul;Colisão Traseira;3;;;;;;;;;;4;;;;
13/11/2016;17:15:00;143;sem vítima;0,1;BR-050/MG;Norte;Saida de Pista;1;;;;;;;;;;5;;;;
13/11/2016;17:15:00;146;sem vítima;0,2;BR-050/MG;Norte;Choque - Veiculo parado no acostamento;1;;;4;;;;;;;6;;;;
13/11/2016;17:39:00;147;com vítima;178,08;BR-050/MG;Sul;Choque - Defensa, barreira ou meio fio;1;;;;;;;;;;2;;1;;
13/11/2016;19:14:00;182;sem vítima;85,7;BR-050/MG;Norte;Colisão Lateral;1;;1;;;;;;;;6;;;;
13/11/2016;20:16:00;202;sem vítima;155,04;BR-050/MG;Sul;Choque - Elemento de Drenagem;1;;;;;;;;;;1;;;;