data;horario;n_da_ocorrencia;tipo_de_ocorrencia;km;trecho;sentido;tipo_de_acidente;automovel;bicicleta;caminhao;moto;onibus;outros;tracao_animal;transporte_de_cargas_especiais;trator_maquinas;utilitarios;ilesos;levemente_feridos;moderadamente_feridos;gravemente_feridos;mortos
03/09/2017;21:35:00;162;sem vítima;38;BR-050/MG;Norte;Choque - Talude;1;;;;;;;;;;1;;;;
04/09/2017;08:20:00;39;sem vítima;29,8;BR-050/MG;Sul;Choque - Defensa, barreira ou meio fio;1;;;;;;;;;;1;;;;
04/09/2017;09:54:00;63;sem vítima;60,98;BR-050/MG;Norte;Choque - Suporte de Sinalização;;;;;;;;;;1;1;;;;
04/09/2017;13:41:00;116;sem vítima;165,8;BR-050/GO;Sul;Choque - Suporte de Sinalização;1;;;;;;;;;;1;;;;
04/09/2017;15:09:00;131;com vítima;53,2;BR-050/MG;Sul;Choque - Talude;1;;;;;;;;;;0;1;;;
04/09/2017;16:00:00;147;sem vítima;77,67;BR-050/MG;Sul;Colisão Traseira;;;1;;;;;;;1;7;;;;
04/09/2017;18:02:00;177;com vítima;111,8;BR-050/GO;Sul;Colisão Lateral;2;;;;;;;;;;1;;;1;
04/09/2017;21:48:00;213;sem vítima;124,2;BR-050/GO;Norte;Choque - Defensa, barreira ou meio fio;1;;;;;;;;;;1;;;;
05/09/2017;06:17:00;31;com vítima;176;BR-050/MG;Norte;Queda de Moto;;;;1;;;;;;;0;;1;;
05/09/2017;20:47:00;203;com vítima;179,92;BR-050/MG;Norte;Choque - Defensa, barreira ou meio fio;;;;1;;;;;;;0;;1;1;
06/09/2017;06:45:00;35;com vítima;279,3;BR-050/GO;Norte;Colisão Frontal;1;1;;;;;;;;;1;1;;;
06/09/2017;09:06:00;77;sem vítima;272,95;BR-050/GO;Sul;Colisão Traseira;1;;;;;1;;;;;3;;;;
07/09/2017;11:41:00;91;com vítima;62,6;BR-050/MG;Sul;Tombamento;;;;;;;;;;1;1;1;;;
07/09/2017;17:28:00;167;sem vítima;18;Contorno;Norte;Colisão Lateral;2;;;;;;;;;;5;;;;
07/09/2017;19:45:00;187;sem vítima;46;BR-050/MG;Sul;Choque - Defensa, barreira ou meio fio;1;;;;;;;;;;1;;;;
07/09/2017;22:46:00;210;com vítima;128,4;BR-050/MG;Norte;Colisão Traseira;;;2;;;;;;;;0;1;1;;
09/09/2017;03:52:00;11;com vítima;182,18;BR-050/MG;Sul;Capotamento;1;;;;;;;;;;0;4;;;
09/09/2017;07:31:00;27;com vítima;138,22;BR-050/MG;Norte;Saida de Pista;1;;;;;;;;;;0;1;;;
09/09/2017;08:46:00;41;com vítima;170;BR-050/MG;Sul;Colisão Lateral;1;;;;;1;;;;;1;5;;;
09/09/2017;15:35:00;131;com vítima;100,005;BR-050/MG;Sul;Choque - Obstáculo Fixo;;;;;;;;;;1;0;;1;;
09/09/2017;18:08:00;159;com vítima;97,97;BR-050/GO;Norte;Colisão Transversal;2;;;;;;;;;;2;3;;;
10/09/2017;04:21:00;12;com vítima;21,8;BR-050/MG;Sul;Choque - Defensa, barreira ou meio fio;1;;;;;;;;;;2;2;2;;
10/09/2017;08:06:00;40;com vítima;171;BR-050/MG;Sul;Colisão Lateral;2;;;;;;;;;;0;4;;;
10/09/2017;13:27:00;80;sem vítima;15,6;BR-050/MG;Norte;Saida de Pista;1;;;;;;;;;;4;;;;
10/09/2017;14:03:00;86;com vítima;53;BR-050/MG;Sul;Colisão Lateral;2;;;;;;;;;;0;5;;;
11/09/2017;06:27:00;36;sem vítima;177,9;BR-050/MG;Sul;Atropelamento de Animal;;;;;;;;;;1;1;;;;
11/09/2017;06:56:00;43;com vítima;177,3;BR-050/MG;Sul;Colisão Traseira;2;;;;;;;;;;0;2;;;
11/09/2017;08:06:00;60;sem vítima;286,6;BR-050/GO;Norte;Colisão Traseira;1;;;;;;;;;1;3;;;;
11/09/2017;18:00:00;190;com vítima;88,7;BR-050/MG;Norte;Queda de Moto;;;;1;;;;;;;0;;2;;
11/09/2017;23:41:00;256;com vítima;178,35;BR-050/MG;Norte;Choque - Defensa, barreira ou meio fio;1;;;;;;;;;;0;1;;;
12/09/2017;13:04:00;134;com vítima;58,5;BR-050/MG;Norte;Queda de Moto;;;;1;;;;;;;0;;2;;
12/09/2017;16:48:00;190;sem vítima;142;BR-050/MG;Norte;Saida de Pista;1;;;;;;;;;;1;;;;
13/09/2017;13:23:00;125;com vítima;44,5;BR-050/MG;Sul;Capotamento;1;;;;;;;;;;0;;1;;
13/09/2017;15:07:00;148;com vítima;3,6;BR-050/MG;Sul;Queda de Moto;;;;1;;;;;;;0;1;;;
13/09/2017;21:58:00;235;com vítima;42,58;BR-050/MG;Sul;Capotamento;;;;;;;;;;1;0;;2;;
13/09/2017;22:28:00;240;com vítima;112,3;BR-050/GO;Norte;Colisão Traseira;;;1;;;;;;;1;1;1;;;
14/09/2017;03:25:00;18;com vítima;180;BR-050/MG;Sul;Choque - Obstáculo Fixo;;;;;;;;;;1;0;1;;;
14/09/2017;17:38:00;188;sem vítima;305;BR-050/GO;Norte;Colisão Traseira;;;2;;;;;;;;2;;;;
14/09/2017;19:04:00;209;com vítima;279,4;BR-050/GO;Norte;Colisão Frontal;;;;1;;;;;;1;0;;1;1;
14/09/2017;19:59:00;221;com vítima;178,9;BR-050/MG;Sul;Colisão Lateral;1;;1;;;;;;;;0;2;;;
15/09/2017;05:02:00;29;com vítima;179;BR-050/MG;Norte;Tombamento;;;1;;;;;;;;0;2;;;
15/09/2017;13:37:00;143;sem vítima;278;BR-050/GO;Norte;Colisão Lateral;1;;1;;;;;;;;3;;;;
15/09/2017;19:12:00;222;sem vítima;106,3;BR-050/MG;Sul;Colisão Lateral;1;;1;;;;;;;;4;;;;
15/09/2017;19:15:00;223;sem vítima;236,2;BR-050/GO;Norte;Colisão Lateral;;;2;;;;;;;;2;;;;
15/09/2017;19:53:00;233;sem vítima;57;BR-050/MG;Norte;Colisão Traseira;1;;1;;;;;;;;2;;;;
15/09/2017;20:21:00;236;sem vítima;83,6;BR-050/MG;Sul;Colisão Traseira;;;2;;;;;;;;2;;;;
16/09/2017;06:38:00;43;com vítima;173;BR-050/MG;Sul;Choque - Defensa, barreira ou meio fio;1;;;;;;;;;;0;;1;;
16/09/2017;15:32:00;147;sem vítima;312,5;BR-050/GO;Norte;Colisão Traseira;2;;;;;;;;;;5;;;;
16/09/2017;16:46:00;160;com vítima;115,12;BR-050/MG;Sul;Saida de Pista;1;;;;;;;;;;0;;1;;
16/09/2017;17:24:00;167;com vítima;180,2;BR-050/MG;Sul;Queda de Moto;;;;1;;;;;;;0;1;;;
16/09/2017;22:09:00;215;com vítima;178,3;BR-050/MG;Norte;Choque - Obstáculo Fixo;;;;1;;;;;;;0;1;;;
17/09/2017;11:32:00;68;com vítima;28,194;BR-050/MG;Sul;Atropelamento - Andarilho;;1;;;;;;;;;0;;1;;
17/09/2017;14:40:00;92;com vítima;8,26;BR-050/MG;Sul;Capotamento;1;;;;;;;;;;0;;1;;
17/09/2017;17:39:00;116;com vítima;270,15;BR-050/GO;Norte;Colisão Transversal;;;;;;;;;;2;1;2;3;1;
17/09/2017;19:02:00;135;com vítima;178,3;BR-050/MG;Norte;Queda de Moto;;;;1;;;;;;;0;;1;;
17/09/2017;19:35:00;147;com vítima;12,04;Contorno;Sul;Colisão Lateral;1;;1;;;;;;;;1;1;;;
17/09/2017;22:06:00;165;com vítima;178,3;BR-050/MG;Norte;Choque - Defensa, barreira ou meio fio;;;;;;;;;;1;0;2;1;;
17/09/2017;22:27:00;170;com vítima;178,3;BR-050/MG;Norte;Choque - Defensa, barreira ou meio fio;;;;;;;;;;1;0;1;;;
18/09/2017;10:43:00;110;com vítima;126,3;BR-050/MG;Norte;Capotamento;1;;;;;;;;;;0;;1;;
18/09/2017;13:17:00;129;com vítima;129;BR-050/MG;Sul;Capotamento;1;;;;;;;;;;0;;2;;
18/09/2017;17:21:00;180;sem vítima;97,7;BR-050/GO;Sul;Colisão Lateral;1;;1;;;;;;;;3;;;;
18/09/2017;21:36:00;221;com vítima;52;BR-050/MG;Norte;Colisão Traseira;;;1;;;;;;;1;0;1;4;;
19/09/2017;00:49:00;7;com vítima;86,3;BR-050/MG;Sul;Colisão Traseira;;;2;;;;;;;;0;4;;;
19/09/2017;16:20:00;143;com vítima;81;BR-050/MG;Sul;Colisão Traseira;;;1;;;;;;;1;4;1;;;
20/09/2017;12:10:00;142;com vítima;245,95;BR-050/GO;Sul;Colisão Lateral;;;;1;;;;;;;0;1;;;
20/09/2017;12:45:00;153;sem vítima;179,4;BR-050/GO;Norte;Choque - Elemento de Drenagem;;;1;;;;;;;;3;;;;
20/09/2017;21:30:00;255;sem vítima;190,6;BR-050/MG;Norte;Colisão Traseira;;;1;;;1;;;;;2;;;;
21/09/2017;14:00:00;169;com vítima;112,08;BR-050/MG;Norte;Tombamento;;;1;;;;;;;;0;1;;;
22/09/2017;00:32:00;7;sem vítima;119;BR-050/GO;Norte;Choque - Defensa, barreira ou meio fio;;;1;;;;;;;;1;;;;
22/09/2017;03:55:00;30;com vítima;163,75;BR-050/MG;Sul;Colisão Traseira;;;2;;;;;;;;0;1;1;;
23/09/2017;00:04:00;1;com vítima;194,1;BR-050/MG;Norte;Colisão Traseira;;;2;;;;;;;;0;1;;1;
23/09/2017;04:23:00;19;com vítima;167,2;BR-050/GO;Norte;Saida de Pista;;;1;;;;;;;;1;1;;;
23/09/2017;07:46:00;43;com vítima;281,7;BR-050/GO;Sul;Queda de Moto;;;;1;;;;;;;1;1;;;
23/09/2017;16:57:00;166;com vítima;133,2;BR-050/GO;Sul;Capotamento;;;1;;;;;;;;0;1;;;
24/09/2017;05:22:00;22;sem vítima;178;BR-050/MG;Norte;Saida de Pista;1;;;;;;;;;;1;;;;
24/09/2017;15:23:00;122;sem vítima;29;BR-050/MG;Sul;Colisão Lateral;;;;1;;;;;;;1;;;;
24/09/2017;16:27:00;135;com vítima;115,58;BR-050/GO;Norte;Colisão Traseira;1;;1;;;;;;;;1;1;;;
24/09/2017;19:42:00;177;com vítima;40;BR-050/MG;Sul;Queda de Moto;;;;1;;;;;;;0;;1;;
24/09/2017;20:16:00;183;com vítima;183,5;BR-050/MG;Sul;Queda de Moto;;;;1;;;;;;;0;1;;;
24/09/2017;22:06:00;204;com vítima;191,8;BR-050/MG;Norte;Saida de Pista;1;;;;;;;;;;0;5;;;
25/09/2017;05:41:00;26;sem vítima;210,5;BR-050/GO;Norte;Choque - Talude;;;;;;;;;;1;1;;;;
25/09/2017;06:32:00;32;sem vítima;95,7;BR-050/GO;Norte;Queda de Moto;;;;1;;;;;;;1;;;;
25/09/2017;22:28:00;234;sem vítima;152,5;BR-050/MG;Norte;Colisão Traseira;;;2;;;;;;;;2;;;;
25/09/2017;23:01:00;238;com vítima;255,85;BR-050/GO;Norte;Capotamento;1;;;;;;;;;;1;1;;;
25/09/2017;23:33:00;239;sem vítima;140,9;BR-050/GO;Norte;Atropelamento de Animal;;;1;;;;;;;;1;;;;
26/09/2017;15:12:00;131;com vítima;119,1;BR-050/MG;Sul;Tombamento;;;1;;;;;;;;0;;1;;
27/09/2017;01:31:00;11;sem vítima;113,38;BR-050/GO;Sul;Choque - Suporte de Sinalização;;;1;;;;;;;;1;;;;
27/09/2017;05:20:00;30;sem vítima;181,8;BR-050/GO;Norte;Colisão Lateral;;;2;;;;;;;;2;;;;
27/09/2017;13:47:00;127;com vítima;95,7;BR-050/GO;Norte;Colisão Lateral;1;;;;1;;;;;;1;1;;;
28/09/2017;01:58:00;12;com vítima;60;BR-050/MG;Norte;Tombamento;;;;;1;;;;;;0;9;9;;1
28/09/2017;16:24:00;206;sem vítima;181,1;BR-050/GO;Sul;Choque - Suporte de Sinalização;;;1;;;;;;;;1;;;;
29/09/2017;07:20:00;40;com vítima;118;BR-050/MG;Norte;Colisão Traseira;;;2;;;;;;;;0;2;;;
29/09/2017;15:39:00;173;com vítima;174,1;BR-050/MG;Norte;Choque - Defensa, barreira ou meio fio;1;;;;;;;;;;0;1;;;
29/09/2017;22:21:00;247;sem vítima;137;BR-050/GO;Sul;Saida de Pista;;;1;;;;;;;;1;;;;
29/09/2017;22:30:00;248;com vítima;55,84;BR-050/MG;Norte;Capotamento;1;;;;;;;;;;2;1;2;;
30/09/2017;07:58:00;29;com vítima;177;BR-050/MG;Sul;Saida de Pista;1;;;;;;;;;;0;1;;;
30/09/2017;08:50:00;40;com vítima;44,3;BR-050/MG;Sul;Choque - Elemento de Drenagem;1;;;;;;;;;;0;2;;;
30/09/2017;13:41:00;78;sem vítima;238,3;BR-050/GO;Sul;Choque - Suporte de Sinalização;1;;;;;;;;;;1;;;;
30/09/2017;19:56:00;116;sem vítima;119;BR-050/MG;Norte;Colisão Lateral;1;;1;;;;;;;;2;;;;
01/10/2017;03:09:00;22;com vítima;179;BR-050/MG;Norte;Queda de Moto;;;;1;;;;;;;0;;2;;
01/10/2017;11:13:00;69;com vítima;102,6;BR-050/MG;Norte;Tombamento;;;1;;;;;;;;0;1;;;
01/10/2017;18:23:00;142;com vítima;50,5;BR-050/MG;Norte;Colisão Lateral;;;1;1;;;;;;;1;;;;1
01/10/2017;18:31:00;143;sem vítima;280;BR-050/GO;Sul;Colisão Lateral;1;;1;;;;;;;;5;;;;
02/10/2017;09:38:00;65;com vítima;78,8;BR-050/MG;Sul;Queda de Moto;;;;1;;;;;;;0;2;;;
02/10/2017;12:15:00;120;sem vítima;201,67;BR-050/GO;Sul;Tombamento;;;;;;;;;;1;2;;;;
02/10/2017;12:59:00;133;com vítima;161;BR-050/MG;Sul;Choque - Suporte de Sinalização;;;;;;;;;;1;0;1;;;
02/10/2017;13:09:00;134;sem vítima;13;BR-050/MG;Sul;Choque - Defensa, barreira ou meio fio;;;;;;;;;;1;1;;;;
02/10/2017;13:20:00;137;sem vítima;20;BR-050/MG;Norte;Choque - Elemento de Drenagem;1;;;;;;;;;;2;;;;
02/10/2017;13:20:00;146;sem vítima;20;BR-050/MG;Norte;Saida de Pista;1;;;;;;;;;;2;;;;
02/10/2017;15:25:00;167;com vítima;27;BR-050/MG;Norte;Tombamento;;;1;;;;;;;;0;;2;;
02/10/2017;15:44:00;171;sem vítima;110,26;BR-050/MG;Norte;Tombamento;;;1;;;;;;;;1;;;;
02/10/2017;15:48:00;172;com vítima;141;BR-050/MG;Sul;Choque - Elemento de Drenagem;;;;;;;;;;1;0;;1;;
02/10/2017;16:54:00;188;com vítima;271,5;BR-050/GO;Sul;Colisão Frontal;2;;;;;;;;;;0;1;1;;
02/10/2017;17:30:00;193;sem vítima;271,3;BR-050/GO;Norte;Saida de Pista;;;;;;;;;;1;1;;;;
02/10/2017;20:49:00;232;com vítima;193,25;BR-050/MG;Sul;Colisão Traseira;1;;1;;;;;;;;1;;1;;
03/10/2017;07:49:00;46;com vítima;41,4;BR-050/MG;Sul;Queda de Moto;;;;1;;;;;;;0;;1;;
03/10/2017;15:27:00;165;sem vítima;313,08;BR-050/GO;Norte;Choque - Barranco;1;;;;;;;;;;4;;;;
03/10/2017;20:30:00;230;sem vítima;280;BR-050/GO;Sul;Colisão Transversal;1;;1;;;;;;;;3;;;;
04/10/2017;17:10:00;176;com vítima;18;Contorno;Norte;Colisão Lateral;1;;1;;;;;;;;1;2;;;
04/10/2017;17:28:00;180;com vítima;18;Contorno;Norte;Colisão Traseira;1;;;1;;;;;;;0;2;;;
05/10/2017;20:38:00;262;com vítima;16;Contorno;Sul;Choque - Defensa, barreira ou meio fio;;1;;;;;;;;;0;;1;;
06/10/2017;03:21:00;23;com vítima;99;BR-050/MG;Sul;Choque - Elemento de Drenagem;1;;;;;;;;;;0;1;;;
06/10/2017;17:05:00;227;com vítima;180;BR-050/MG;Sul;Colisão Traseira;1;;1;;;;;;;;1;2;;;
06/10/2017;18:46:00;244;com vítima;41,5;BR-050/MG;Norte;Colisão Traseira;1;;;1;;;;;;;1;;1;;
06/10/2017;19:23:00;253;com vítima;39,9;BR-050/MG;Sul;Colisão Traseira;2;;;;;;;;;;0;2;;;
06/10/2017;21:47:00;287;com vítima;26,98;BR-050/MG;Sul;Capotamento;;;;;;;;;;1;0;;;1;
07/10/2017;02:49:00;16;com vítima;135,75;BR-050/MG;Sul;Choque - Suporte de Sinalização;;;1;;;;;;;;0;;1;;
07/10/2017;04:19:00;25;com vítima;140,1;BR-050/MG;Sul;Choque - Defensa, barreira ou meio fio;;;1;;;;;;;;0;1;;;
07/10/2017;04:45:00;29;com vítima;98,3;BR-050/GO;Norte;Capotamento;2;;;;;;;;;;2;1;;;
07/10/2017;05:10:00;32;com vítima;62,1;BR-050/MG;Norte;Saida de Pista;1;;;;;;;;;;0;1;;;
07/10/2017;20:07:00;250;com vítima;188,8;BR-050/MG;Sul;Capotamento;;;;;;;;;;1;0;;2;;
07/10/2017;21:43:00;265;sem vítima;19,6;Contorno;Sul;Capotamento;1;;;;;;;;;;1;;;;
07/10/2017;22:31:00;270;com vítima;97,3;BR-050/GO;Sul;Colisão Traseira;1;;;;;;;;;1;3;1;;;
07/10/2017;22:35:00;271;sem vítima;97,5;BR-050/GO;Norte;Colisão Transversal;2;;;;;;;;;;2;;;;
08/10/2017;01:34:00;9;sem vítima;307,02;BR-050/GO;Sul;Saida de Pista;1;;;;;;;;;;2;;;;
08/10/2017;03:05:00;16;com vítima;2,86;BR-050/MG;Sul;Colisão Traseira;;;2;;;;;;;;1;1;;;
08/10/2017;06:27:00;28;com vítima;152,92;BR-050/MG;Sul;Choque - Defensa, barreira ou meio fio;1;;;;;;;;;;0;;1;;
08/10/2017;15:26:00;113;sem vítima;210;BR-050/GO;Norte;Tombamento;;;1;;;;;;;;1;;;;
09/10/2017;03:18:00;16;sem vítima;258,3;BR-050/GO;Sul;Choque - Defensa, barreira ou meio fio;1;;;;;;;;;;1;;;;
09/10/2017;08:26:00;59;sem vítima;84,4;BR-050/MG;Norte;Capotamento;;;;;;;;;;1;1;;;;
09/10/2017;09:20:00;89;sem vítima;169;BR-050/GO;Norte;Capotamento;;;;;;;;;;1;1;;;;
09/10/2017;11:22:00;122;com vítima;98,1;BR-050/GO;Norte;Colisão Transversal;1;;;;;;;;;1;2;1;;;
09/10/2017;12:37:00;142;com vítima;62;BR-050/MG;Sul;Capotamento;;;;;;;;;;1;0;;2;;
10/10/2017;16:08:00;193;sem vítima;53,3;BR-050/MG;Sul;Saida de Pista;;;1;;;;;;;;1;;;;
10/10/2017;17:59:00;231;sem vítima;53,44;BR-050/MG;Norte;Engavetamento;2;;1;;;;;;;;4;;;;
11/10/2017;08:14:00;63;com vítima;176,5;BR-050/MG;Norte;Queda de Moto;;;;1;;;;;;;1;;1;;
11/10/2017;13:01:00;167;com vítima;9,38;BR-050/MG;Sul;Saida de Pista;1;;;;;;;;;;0;4;;;
11/10/2017;13:23:00;171;sem vítima;233,1;BR-050/GO;Norte;Tombamento;;;1;;;;;;;;1;;;;
11/10/2017;14:03:00;182;sem vítima;177;BR-050/MG;Sul;Colisão Traseira;1;;1;;;;;;;;2;;;;
11/10/2017;14:37:00;191;sem vítima;112,5;BR-050/MG;Norte;Colisão Traseira;1;;1;;;;;;;;6;;;;
12/10/2017;02:36:00;15;com vítima;170,3;BR-050/MG;Sul;Choque - Defensa, barreira ou meio fio;;;;;;;;;;1;1;;1;;
12/10/2017;05:26:00;25;com vítima;105,95;BR-050/GO;Norte;Tombamento;;;1;;;;;;;;0;1;;;
12/10/2017;17:44:00;209;com vítima;177,1;BR-050/MG;Norte;Saida de Pista;;;1;;;;;;;;0;1;;;
12/10/2017;17:46:00;210;sem vítima;19,93;BR-050/MG;Norte;Saida de Pista;;;;;;;;;;1;2;;;;
15/10/2017;05:24:00;28;com vítima;36;BR-050/MG;Norte;Choque - Defensa, barreira ou meio fio;1;;;;;;;;;;1;;1;;
15/10/2017;18:47:00;205;sem vítima;175,6;BR-050/MG;Sul;Saida de Pista;1;;;;;;;;;;2;;;;
15/10/2017;21:22:00;244;sem vítima;53,93;BR-050/MG;Sul;Choque - Elemento de Drenagem;1;;;;;;;;;;1;;;;
16/10/2017;02:39:00;26;com vítima;311;BR-050/GO;Sul;Choque - Defensa, barreira ou meio fio;1;;;;;;;;;;0;5;;;
16/10/2017;11:05:00;123;sem vítima;106,1;BR-050/MG;Sul;Saida de Pista;1;;;;;;;;;;1;;;;
16/10/2017;17:29:00;209;com vítima;169,58;BR-050/MG;Sul;Colisão Traseira;;;2;;;;;;;;0;1;1;;
17/10/2017;08:15:00;65;sem vítima;28,5;BR-050/MG;Norte;Colisão Lateral;;;1;;;;;;;1;3;;;;
17/10/2017;14:07:00;151;com vítima;49,2;BR-050/MG;Sul;Queda de Moto;;;;1;;;;;;;0;2;;;
17/10/2017;16:18:00;172;com vítima;54,2;BR-050/MG;Sul;Capotamento;;;1;;;;;;;;0;;1;;
17/10/2017;17:01:00;179;com vítima;54;BR-050/MG;Sul;Colisão Traseira;;;2;;;;;;;;0;;3;;
17/10/2017;18:16:00;194;com vítima;52;BR-050/MG;Sul;Colisão Lateral;1;;1;;;;;;;;1;4;;;
18/10/2017;03:24:00;18;sem vítima;29,9;BR-050/MG;Norte;Choque - Elemento de Drenagem;1;;;;;;;;;;1;;;;
18/10/2017;06:43:00;36;sem vítima;104,1;BR-050/GO;Norte;Capotamento;;;1;;;;;;;;1;;;;
18/10/2017;11:06:00;128;sem vítima;177,7;BR-050/MG;Norte;Choque - Poste;;;;;;;;;;1;1;;;;
19/10/2017;06:40:00;40;sem vítima;100,8;BR-050/GO;Sul;Saida de Pista;;;;;;;;;;1;3;;;;
19/10/2017;19:01:00;232;com vítima;178;BR-050/MG;Sul;Choque - Defensa, barreira ou meio fio;1;;2;;;;;;;;1;3;;;
19/10/2017;22:08:00;264;sem vítima;308,5;BR-050/GO;Sul;Tombamento;;;1;;;;;;;;1;;;;
20/10/2017;06:41:00;35;sem vítima;215,215;BR-050/GO;Norte;Choque - Arvore;;;1;;;;;;;;1;;;;
20/10/2017;20:52:00;228;sem vítima;161,9;BR-050/GO;Norte;Choque - Arvore;1;;;;;;;;;;1;;;;
21/10/2017;01:42:00;13;com vítima;42;BR-050/MG;Sul;Choque - Suporte de Sinalização;;;;1;;;;;;;0;;;1;
21/10/2017;02:55:00;19;sem vítima;233,6;BR-050/GO;Norte;Colisão Traseira;;;2;;;;;;;;2;;;;
21/10/2017;17:46:00;160;com vítima;42;BR-050/MG;Sul;Colisão Traseira;2;;;;;;;;;;4;1;;;
21/10/2017;19:50:00;189;sem vítima;185;BR-050/MG;Norte;Atropelamento de Animal;;;;;1;;;;;;45;;;;
23/10/2017;03:51:00;13;com vítima;170,25;BR-050/MG;Sul;Colisão Traseira;1;;1;;;;;;;;0;1;1;;
23/10/2017;06:36:00;20;sem vítima;31,74;BR-050/MG;Norte;Saida de Pista;1;;;;;;;;;;3;;;;
23/10/2017;08:12:00;40;sem vítima;34,34;BR-050/MG;Norte;Capotamento;;;;;;;;;;1;2;;;;
23/10/2017;17:54:00;183;sem vítima;167,3;BR-050/GO;Sul;Capotamento;1;;;;;;;;;;3;;;;
24/10/2017;10:40:00;80;com vítima;136,6;BR-050/MG;Sul;Tombamento;;;1;;;;;;;;0;;;1;
24/10/2017;19:24:00;166;sem vítima;286;BR-050/GO;Norte;Colisão Traseira;;;1;;;;;;;1;2;;;;
24/10/2017;20:35:00;181;com vítima;114;BR-050/MG;Norte;Capotamento;1;;;;;;;;;;0;;1;;
25/10/2017;08:45:00;52;com vítima;132,54;BR-050/MG;Sul;Tombamento;;;1;;;;;;;;0;1;;;
25/10/2017;10:09:00;86;sem vítima;213,72;BR-050/GO;Norte;Colisão Traseira;;;2;;;;;;;;2;;;;
26/10/2017;07:31:00;37;com vítima;280,6;BR-050/GO;Norte;Colisão Transversal;1;;;1;;;;;;;1;1;;;
26/10/2017;11:08:00;103;com vítima;276,8;BR-050/GO;Sul;Queda de Moto;;;;1;;;;;;;0;;1;;
27/10/2017;07:06:00;38;com vítima;184,2;BR-050/MG;Norte;Colisão Lateral;1;;1;;;;;;;;0;;2;;
27/10/2017;13:53:00;146;com vítima;50,3;BR-050/MG;Sul;Saida de Pista;1;;;;;;;;;;0;1;;;
27/10/2017;21:36:00;254;com vítima;18,2;Contorno;Norte;Capotamento;;;;;;;;;;1;0;;1;;
28/10/2017;00:19:00;3;sem vítima;9,82;Contorno;Sul;Choque - Defensa, barreira ou meio fio;1;;;;;1;;;;;4;;;;
28/10/2017;06:56:00;30;com vítima;180;BR-050/MG;Norte;Choque - Elemento de Drenagem;1;;;;;;;;;;0;1;;;
28/10/2017;08:23:00;40;com vítima;171,7;BR-050/MG;Norte;Queda de Moto;1;;;1;;;;;;;2;;2;;
28/10/2017;20:35:00;186;sem vítima;102,9;BR-050/GO;Norte;Saida de Pista;1;;;;;;;;;;2;;;;
28/10/2017;22:38:00;203;com vítima;54,6;BR-050/MG;Norte;Choque - Elemento de Drenagem;1;;;;;;;;;;1;1;;;
29/10/2017;04:14:00;11;sem vítima;85,3;BR-050/MG;Sul;Saida de Pista;;;1;;;;;;;;1;;;;
29/10/2017;05:01:00;15;sem vítima;80,95;BR-050/MG;Norte;Saida de Pista;1;;;;;;;;;;1;;;;
29/10/2017;07:22:00;26;com vítima;167,4;BR-050/MG;Norte;Choque - Obstáculo Fixo;1;;;;;;;;;;0;;1;;
29/10/2017;12:05:00;59;com vítima;50,3;BR-050/MG;Norte;Queda de Moto;;;;1;;;;;;;1;1;;;
29/10/2017;22:44:00;151;sem vítima;17;Contorno;Sul;Choque - Defensa, barreira ou meio fio;1;;;;;;;;;;3;;;;
30/10/2017;11:05:00;108;com vítima;124;BR-050/MG;Sul;Colisão Traseira;1;;1;;;;;;;;1;1;;;
30/10/2017;17:14:00;182;com vítima;180;BR-050/MG;Norte;Colisão Traseira;1;;;1;;;;;;;0;5;;;
30/10/2017;20:12:00;225;com vítima;174,9;BR-050/MG;Norte;Saida de Pista;1;;;;;;;;;;0;1;;;
31/10/2017;06:25:00;20;com vítima;206,8;BR-050/MG;Sul;Colisão Traseira;;;1;;;;;;;1;1;;2;;
31/10/2017;18:38:00;204;sem vítima;102,2;BR-050/GO;Norte;Saida de Pista;;;;;;;;;;1;1;;;;
31/10/2017;19:15:00;210;sem vítima;178;BR-050/MG;Norte;Choque - Defensa, barreira ou meio fio;1;;;;;;;;;;1;;;;
31/10/2017;19:58:00;222;com vítima;140,54;BR-050/MG;Norte;Capotamento;;;1;;;;;;;;0;;1;;
01/11/2017;04:16:00;29;sem vítima;178;BR-050/GO;Norte;Saida de Pista;;;2;;;;;;;;2;;;;
01/11/2017;05:27:00;36;sem vítima;292,5;BR-050/GO;Norte;Saida de Pista;;;;;;;;;;1;2;;;;
01/11/2017;08:19:00;59;com vítima;61,15;BR-050/MG;Norte;Colisão Traseira;;;;1;;;;;;1;1;;1;;
01/11/2017;13:05:00;112;sem vítima;167,8;BR-050/GO;Sul;Choque - Defensa, barreira ou meio fio;1;;;;;;;;;;1;;;;
01/11/2017;15:10:00;139;com vítima;58,36;BR-050/MG;Sul;Saida de Pista;1;;;;;;;;;;0;1;;;
01/11/2017;15:52:00;146;com vítima;19;Contorno;Norte;Choque - Defensa, barreira ou meio fio;1;;;;;;;;;;0;1;;;
01/11/2017;16:09:00;150;sem vítima;128;BR-050/GO;Sul;Saida de Pista;1;;;;;;;;;;3;;;;
01/11/2017;18:06:00;170;sem vítima;9;BR-050/MG;Norte;Choque - Defensa, barreira ou meio fio;1;;;;;;;;;;2;;;;
01/11/2017;18:30:00;173;com vítima;127;BR-050/MG;Sul;Queda de Moto;;;;1;;;;;;;0;1;;;