data;horario;n_da_ocorrencia;tipo_de_ocorrencia;km;trecho;sentido;tipo_de_acidente;automovel;bicicleta;caminhao;moto;onibus;outros;tracao_animal;transporte_de_cargas_especiais;trator_maquinas;utilitarios;ilesos;levemente_feridos;moderadamente_feridos;gravemente_feridos;mortos
11/05/2018;22:01:00;233;com vítima;80,1;BR-050/MG;Sul;Queda de Moto;;;;1;;;;;;;0;;2;;
12/05/2018;10:44:00;70;sem vítima;157,4;BR-050/GO;Norte;Choque - Elemento de Drenagem;;;;;;;;;;1;1;;;;
12/05/2018;11:02:00;71;com vítima;176,99;BR-050/MG;Norte;Capotamento;1;;;;;;;;;;0;;1;;
13/05/2018;02:02:00;10;sem vítima;56,5;BR-050/MG;Norte;Colisão Traseira;2;;;;;;;;;;6;;;;
13/05/2018;05:41:00;23;com vítima;246,28;BR-050/GO;Sul;Colisão Frontal;;;;;1;;;;;1;41;10;2;;1
13/05/2018;14:15:00;80;sem vítima;203,45;BR-050/MG;Sul;Choque - Defensa, barreira ou meio fio;1;;;;;;;;;;2;;;;
14/05/2018;01:46:00;7;com vítima;95,7;BR-050/GO;Norte;Choque - Defensa, barreira ou meio fio;1;;;;;;;;;;0;1;;;
15/05/2018;00:05:00;1;sem vítima;133,3;BR-050/GO;Sul;Choque - Obstáculo Fixo;;;1;;;;;;;;1;;;;
15/05/2018;10:42:00;114;com vítima;233,5;BR-050/GO;Sul;Tombamento;;;1;;;;;;;;0;1;;;
16/05/2018;04:01:00;13;sem vítima;53,9;BR-050/MG;Sul;Choque - Defensa, barreira ou meio fio;;;;;;;;;;1;1;;;;
16/05/2018;08:19:00;46;com vítima;268,945;BR-050/GO;Norte;Colisão Traseira;1;;;1;;1;;;;;2;;1;;
16/05/2018;19:21:00;175;sem vítima;46,4;BR-050/MG;Norte;Choque - Defensa, barreira ou meio fio;;;;;;;;;;1;2;;;;
17/05/2018;05:19:00;19;sem vítima;296,5;BR-050/GO;Sul;Choque - Elemento de Drenagem;1;;;;;;;;;;4;;;;
17/05/2018;15:16:00;156;com vítima;183,6;BR-050/MG;Sul;Choque - Defensa, barreira ou meio fio;;;1;;;;;;;;0;1;1;;
17/05/2018;16:30:00;171;sem vítima;231,25;BR-050/GO;Norte;Colisão Traseira;2;;;;;;;;;;6;;;;
17/05/2018;19:12:00;199;com vítima;17,8;Contorno;Sul;Colisão Traseira;1;;1;;;;;;;;1;;1;;
18/05/2018;00:12:00;2;com vítima;81;BR-050/MG;Norte;Choque - Defensa, barreira ou meio fio;1;;;;;;;;;;0;3;;;
18/05/2018;03:40:00;14;com vítima;60,5;BR-050/MG;Norte;Capotamento;1;;;;;;;;;;0;;3;1;
18/05/2018;05:23:00;22;sem vítima;15;Contorno;Sul;Choque - Defensa, barreira ou meio fio;1;;;;;;;;;;3;;;;
18/05/2018;06:40:00;26;sem vítima;125,9;BR-050/GO;Norte;Queda de Moto;;;;1;;;;;;;1;;;;
18/05/2018;09:41:00;85;sem vítima;29,9;BR-050/MG;Norte;Carreta deu L;;;1;;;;;;;;1;;;;
18/05/2018;15:27:00;157;com vítima;45;BR-050/MG;Norte;Colisão Traseira;;;2;;;;;;;;2;1;;;
18/05/2018;18:15:00;185;sem vítima;240;BR-050/GO;Sul;Tombamento;;;1;;;;;;;;1;;;;
18/05/2018;18:25:00;189;sem vítima;86;BR-050/MG;Norte;Saida de Pista;;;1;;;;;;;;1;;;;
18/05/2018;21:11:00;223;com vítima;174,7;BR-050/MG;Norte;Colisão Traseira;2;;;;;;;;;;3;1;;;
19/05/2018;08:13:00;49;sem vítima;28,5;BR-050/MG;Sul;Colisão Traseira;2;;;;;;;;;;4;;;;
19/05/2018;08:19:00;51;sem vítima;193;BR-050/MG;Sul;Colisão Traseira;2;;;;;;;;;;3;;;;
19/05/2018;13:34:00;102;sem vítima;52;BR-050/MG;Sul;Choque - Elemento de Drenagem;1;;;;;;;;;;2;;;;
19/05/2018;17:07:00;141;sem vítima;53,2;BR-050/MG;Sul;Choque - Talude;1;;;;;;;;;;2;;;;
20/05/2018;18:33:00;117;sem vítima;280,5;BR-050/GO;Sul;Colisão Transversal;2;;;;;;;;;;6;;;;
20/05/2018;18:48:00;123;com vítima;172,4;BR-050/MG;Sul;Atropelamento de Animal;;;;1;;;;;;;0;;1;;
20/05/2018;20:26:00;144;com vítima;77,8;BR-050/MG;Sul;Colisão Traseira;2;;;;;;;;;;2;1;;;
20/05/2018;22:02:00;157;com vítima;96,7;BR-050/GO;Norte;Colisão Traseira;1;;;;;;;;;1;5;1;;;
21/05/2018;07:34:00;35;com vítima;60,3;BR-050/MG;Norte;Colisão Lateral;1;;;;;;;;;1;0;2;;;
21/05/2018;17:01:00;150;com vítima;205,34;BR-050/MG;Sul;Colisão Transversal;2;;;;;;;;;;0;2;;;
22/05/2018;10:07:00;70;com vítima;16,6;BR-050/MG;Sul;Capotamento;;;;;;;;;;1;0;1;;;
22/05/2018;13:44:00;122;sem vítima;99;BR-050/MG;Sul;Choque - Defensa, barreira ou meio fio;1;;;;;;;;;;1;;;;
22/05/2018;15:03:00;134;sem vítima;102,8;BR-050/GO;Norte;Choque - Elemento de Drenagem;;;;;;;;;;1;2;;;;
22/05/2018;18:37:00;155;sem vítima;54;BR-050/MG;Sul;Colisão Lateral;1;;;;;1;;;;;5;;;;
22/05/2018;19:54:00;167;com vítima;6,03;Contorno;Norte;Capotamento;1;;;;;;;;;;0;;1;;
23/05/2018;09:50:00;76;com vítima;279,5;BR-050/GO;Sul;Colisão Transversal;1;1;;;;;;;;;3;1;;;
23/05/2018;19:20:00;158;sem vítima;118,4;BR-050/MG;Norte;Saida de Pista;1;;;;;;;;;;1;;;;
23/05/2018;19:34:00;160;sem vítima;176,5;BR-050/MG;Sul;Colisão Traseira;2;;;;;;;;;;4;;;;
26/05/2018;08:32:00;49;sem vítima;176,7;BR-050/MG;Sul;Choque - Defensa, barreira ou meio fio;;;;;;;;;;1;4;;;;
26/05/2018;18:48:00;113;com vítima;180;BR-050/MG;Sul;Capotamento;1;;;;;;;;;;0;;1;;
27/05/2018;20:01:00;71;com vítima;280,4;BR-050/GO;Sul;Atropelamento - Morador;;;;;;1;;;;;1;1;;;
30/05/2018;13:54:00;77;sem vítima;281;BR-050/GO;Norte;Colisão Transversal;2;;;;;;;;;;4;;;;
31/05/2018;19:22:00;123;com vítima;173,6;BR-050/MG;Norte;Colisão Traseira;1;;;;;;;;;1;2;1;1;1;
01/06/2018;18:58:00;124;com vítima;58,9;BR-050/MG;Norte;Capotamento;1;;;;;;;;;;0;1;;;
02/06/2018;06:54:00;23;com vítima;165,065;BR-050/GO;Norte;Capotamento;;;1;;;;;;;;0;1;;;
02/06/2018;14:08:00;99;com vítima;279,2;BR-050/GO;Sul;Colisão Traseira;;;;1;;;;;;1;2;1;;;
03/06/2018;16:46:00;120;sem vítima;87,84;BR-050/MG;Sul;Colisão Traseira;1;;1;;;;;;;;5;;;;
04/06/2018;07:01:00;30;sem vítima;206,6;BR-050/GO;Sul;Colisão Traseira;;;1;;;;;;;1;2;;;;
04/06/2018;10:04:00;82;com vítima;18;Contorno;Sul;Queda de Moto;;;;1;;;;;;;0;1;;;
05/06/2018;03:40:00;26;sem vítima;169,1;BR-050/MG;Sul;Atropelamento de Animal;;;1;;;;;;;;1;;;;
05/06/2018;04:45:00;31;sem vítima;178,36;BR-050/MG;Norte;Choque - Objeto sobre a pista;;;;1;;;;;;;1;;;;
06/06/2018;03:18:00;15;com vítima;198,3;BR-050/MG;Norte;Tombamento;;;1;;;;;;;;0;1;;;
06/06/2018;08:33:00;50;com vítima;63,27;BR-050/MG;Sul;Capotamento;1;;;;;;;;;;0;1;;;
06/06/2018;13:04:00;121;sem vítima;282,3;BR-050/GO;Sul;Atropelamento de Animal;;;1;;;;;;;;1;;;;
07/06/2018;08:13:00;48;com vítima;280,5;BR-050/GO;Norte;Colisão Transversal;1;;;1;;;;;;;1;2;;;
08/06/2018;00:51:00;5;sem vítima;16,3;Contorno;Sul;Atropelamento de Animal;;;;;;1;;;;1;4;;;;
08/06/2018;07:02:00;35;com vítima;278;BR-050/GO;Sul;Colisão Transversal;1;;;1;;;;;;;1;1;;;
08/06/2018;10:03:00;77;sem vítima;86;BR-050/MG;Norte;Saida de Pista;1;;;;;;;;;;3;;;;
08/06/2018;15:25:00;151;com vítima;130,1;BR-050/MG;Sul;Capotamento;;;;;;;;;;1;0;1;;;
08/06/2018;17:41:00;180;sem vítima;193;BR-050/MG;Norte;Colisão Traseira;1;;1;;;;;;;;3;;;;
09/06/2018;04:09:00;23;sem vítima;166,6;BR-050/GO;Norte;Tombamento;;;1;;;;;;;;1;;;;
09/06/2018;04:13:00;25;sem vítima;166,6;BR-050/GO;Norte;Saida de Pista;;;1;;;;;;;;1;;;;
09/06/2018;04:35:00;26;sem vítima;180,1;BR-050/MG;Sul;Choque - Defensa, barreira ou meio fio;1;;;;;;;;;;1;;;;
09/06/2018;05:15:00;27;com vítima;271,3;BR-050/GO;Norte;Colisão Frontal;1;;1;;;;;;;;1;;;;1
09/06/2018;08:12:00;48;sem vítima;190,9;BR-050/MG;Norte;Colisão Traseira;1;;1;;;;;;;;3;;;;
09/06/2018;12:06:00;86;sem vítima;179,05;BR-050/MG;Sul;Carreta deu L;;;1;;;;;;;;1;;;;
09/06/2018;19:39:00;159;sem vítima;206,6;BR-050/MG;Norte;Colisão Traseira;1;;;;;;;;;1;3;;;;
09/06/2018;21:16:00;174;com vítima;97,4;BR-050/GO;Norte;Colisão Transversal;2;;;;;;;;;;0;4;;;
10/06/2018;06:07:00;21;sem vítima;38,6;BR-050/MG;Sul;Choque - Defensa, barreira ou meio fio;1;;;;;;;;;;1;;;;
10/06/2018;08:11:00;30;com vítima;179,95;BR-050/MG;Sul;Queda de Moto;;;;1;;;;;;;1;1;;;
10/06/2018;10:06:00;46;sem vítima;206,2;BR-050/GO;Norte;Colisão Traseira;2;;;;;;;;;;5;;;;
10/06/2018;15:12:00;85;sem vítima;146,7;BR-050/MG;Sul;Saida de Pista;1;;1;;;;;;;;5;;;;
10/06/2018;20:40:00;144;sem vítima;191,5;BR-050/GO;Norte;Capotamento;1;;;;;;;;;;5;;;;
10/06/2018;20:43:00;145;com vítima;115,7;BR-050/MG;Sul;Colisão Transversal;;;1;;;;;;;1;1;;;;2
11/06/2018;13:26:00;125;com vítima;21;Contorno;Norte;Queda de Moto;;;;1;;;;;;;0;1;1;;
11/06/2018;18:15:00;182;com vítima;279;BR-050/GO;Sul;Colisão Transversal;;;;2;;;;;;;0;2;;;
11/06/2018;18:21:00;183;com vítima;39;BR-050/MG;Norte;Colisão Transversal;1;;;1;;;;;;;1;;1;;
12/06/2018;19:36:00;217;com vítima;172,68;BR-050/MG;Norte;Atropelamento - Morador;;;;;;1;;;;;1;;;;1
12/06/2018;21:03:00;225;sem vítima;116,1;BR-050/MG;Norte;Saida de Pista;;;1;;;;;;;;1;;;;
12/06/2018;23:06:00;237;sem vítima;98,8;BR-050/GO;Sul;Saida de Pista;1;;;;;;;;;;1;;;;
13/06/2018;06:21:00;32;sem vítima;14,6;Contorno;Norte;Choque - Defensa, barreira ou meio fio;;;1;;;;;;;;1;;;;
13/06/2018;08:38:00;63;com vítima;199,98;BR-050/GO;Sul;Colisão Lateral;1;1;;;;;;;;;2;1;;;
13/06/2018;16:27:00;158;com vítima;174,6;BR-050/MG;Sul;Queda de Moto;;;;1;;;;;;;0;2;;;
13/06/2018;18:44:00;185;com vítima;176;BR-050/MG;Norte;Colisão Traseira;2;;;;;;;;;;1;1;;;
13/06/2018;21:13:00;209;sem vítima;173,5;BR-050/MG;Sul;Colisão Lateral;;;2;;;;;;;;2;;;;
14/06/2018;14:46:00;132;com vítima;39,5;BR-050/MG;Norte;Colisão Lateral;;1;;1;;;;;;;1;1;;;
14/06/2018;20:32:00;191;sem vítima;78,05;BR-050/MG;Norte;Choque - Defensa, barreira ou meio fio;1;;;;;;;;;;2;;;;
14/06/2018;20:59:00;194;sem vítima;163,4;BR-050/MG;Sul;Atropelamento de Animal;1;;;;;;;;;;1;;;;
14/06/2018;21:34:00;197;com vítima;154,8;BR-050/MG;Sul;Capotamento;1;;;;;;;;;;0;;;1;
14/06/2018;22:58:00;207;sem vítima;292;BR-050/GO;Norte;Colisão Traseira;;;2;;;;;;;;2;;;;
15/06/2018;07:22:00;33;sem vítima;172,61;BR-050/MG;Sul;Colisão Lateral;1;;1;;;;;;;;5;;;;
15/06/2018;19:45:00;192;sem vítima;115,9;BR-050/MG;Sul;Saida de Pista;;;1;;;1;;;;;2;;;;
15/06/2018;21:49:00;206;com vítima;15,02;Contorno;Norte;Queda de Moto;;;;1;;;;;;;0;1;;;
16/06/2018;00:53:00;7;sem vítima;169,8;BR-050/MG;Sul;Atropelamento de Animal;;;;;1;;;;;;15;;;;
16/06/2018;06:11:00;20;com vítima;109,8;BR-050/MG;Norte;Choque - Arvore;;;1;;;;;;;;0;;1;;
17/06/2018;06:22:00;22;com vítima;38,6;BR-050/MG;Sul;Choque - Defensa, barreira ou meio fio;;;;1;;;;;;;0;1;;;
17/06/2018;19:46:00;123;com vítima;106,1;BR-050/GO;Norte;Choque - Defensa, barreira ou meio fio;1;;;;;;;;;;0;;2;;
18/06/2018;19:08:00;184;com vítima;100,7;BR-050/GO;Norte;Atropelamento - Morador;;;;;;1;;;;;1;1;;;
18/06/2018;23:39:00;214;sem vítima;195,1;BR-050/GO;Sul;Colisão Traseira;;;1;;1;;;;;;7;;;;
21/06/2018;16:22:00;159;com vítima;39,42;BR-050/MG;Sul;Choque - Poste;1;;;;;;;;;;0;;1;;
21/06/2018;17:47:00;169;sem vítima;27,9;BR-050/MG;Sul;Choque - Suporte de Sinalização;1;;;;;;;;;;1;;;;
22/06/2018;00:29:00;2;com vítima;280;BR-050/GO;Sul;Choque - Defensa, barreira ou meio fio;;;;1;;;;;;;0;1;;;
22/06/2018;20:00:00;174;sem vítima;9,795;BR-050/MG;Sul;Choque - Elemento de Drenagem;;;;;;;;;;1;1;;;;
23/06/2018;09:24:00;81;sem vítima;18;Contorno;Norte;Choque - Suporte de Sinalização;1;;;;;;;;;;1;;;;
23/06/2018;19:15:00;172;com vítima;174,9;BR-050/MG;Sul;Atropelamento - Morador;1;;;;;;;;;;1;;;1;
23/06/2018;19:30:00;175;com vítima;174,9;BR-050/MG;Sul;Colisão Traseira;2;;;;;;;;;;1;1;;;
23/06/2018;19:31:00;176;com vítima;64,3;BR-050/MG;Norte;Colisão Traseira;;;;2;;;;;;;1;1;;;
24/06/2018;04:58:00;19;sem vítima;56;BR-050/MG;Sul;Atropelamento de Animal;;;1;;;;;;;;1;;;;
24/06/2018;05:40:00;25;sem vítima;47,5;BR-050/MG;Norte;Saida de Pista;1;;;;;;;;;;3;;;;
24/06/2018;07:28:00;39;com vítima;219;BR-050/GO;Sul;Capotamento;1;;;;;;;;;;3;;2;;
24/06/2018;09:56:00;62;com vítima;15;Contorno;Sul;Queda de Ciclista;;1;;;;;;;;;0;1;;;
24/06/2018;14:51:00;101;com vítima;80,7;BR-050/MG;Sul;Colisão Traseira;;;1;1;;;;;;;1;1;;;
25/06/2018;15:02:00;141;com vítima;89,16;BR-050/MG;Sul;Choque - Defensa, barreira ou meio fio;1;;;;;;;;;;0;3;;;
25/06/2018;15:38:00;151;com vítima;279,455;BR-050/GO;Sul;Colisão Frontal;;;1;1;;;;;;;1;;;2;
25/06/2018;21:29:00;200;sem vítima;283;BR-050/GO;Sul;Colisão Transversal;1;;;1;;;;;;;2;;;;
26/06/2018;05:23:00;26;com vítima;162,1;BR-050/MG;Norte;Tombamento;;;1;;;;;;;;0;1;;;
26/06/2018;09:19:00;79;sem vítima;28,5;BR-050/MG;Sul;Carreta deu L;;;1;;;;;;;;1;;;;
26/06/2018;16:03:00;144;com vítima;78,6;BR-050/MG;Sul;Queda de Ciclista;;1;;;;;;;;;0;1;;;
26/06/2018;16:58:00;156;sem vítima;27,8;BR-050/MG;Sul;Choque - Defensa, barreira ou meio fio;1;;;;;;;;;;1;;;;
27/06/2018;09:33:00;84;com vítima;249,8;BR-050/GO;Norte;Colisão Traseira;;;2;;;;;;;;1;1;;;
27/06/2018;11:32:00;116;com vítima;140,95;BR-050/MG;Norte;Choque - Arvore;;;;;;;;;;1;0;;;;1
27/06/2018;13:12:00;132;sem vítima;305,3;BR-050/GO;Sul;Colisão Lateral;1;;1;;;;;;;;4;;;;
27/06/2018;18:56:00;191;com vítima;32,34;BR-050/MG;Sul;Capotamento;1;;;;;;;;;;0;2;;;
27/06/2018;19:14:00;193;sem vítima;98,5;BR-050/MG;Sul;Choque - Objeto sobre a pista;1;;1;;;;;;;;5;;;;
27/06/2018;21:54:00;211;sem vítima;221,6;BR-050/GO;Sul;Choque - Elemento de Drenagem;1;;;;;;;;;;3;;;;
28/06/2018;02:42:00;12;com vítima;175,7;BR-050/MG;Norte;Saida de Pista;;;;;;;;;;1;0;1;;;
28/06/2018;06:29:00;41;com vítima;33,51;BR-050/MG;Norte;Tombamento;1;;;;;;;;;;0;3;;;
28/06/2018;08:15:00;62;com vítima;176;BR-050/MG;Sul;Queda de Moto;;;;2;;;;;;;1;1;;;
28/06/2018;12:07:00;129;com vítima;3,8;Contorno;Norte;Colisão Lateral;1;;1;;;;;;;;1;;1;;
28/06/2018;14:05:00;152;com vítima;109,1;BR-050/GO;Norte;Tombamento;;;1;;;;;;;;0;1;;;
28/06/2018;18:14:00;191;sem vítima;180;BR-050/MG;Sul;Colisão Lateral;1;;1;;;;;;;;2;;;;
29/06/2018;11:31:00;120;com vítima;273,44;BR-050/GO;Sul;Colisão Transversal;;;1;;1;;;;;;4;6;1;;
29/06/2018;15:01:00;153;com vítima;200,069;BR-050/GO;Sul;Colisão Traseira;;;2;;;;;;;;2;1;;;
29/06/2018;22:00:00;222;sem vítima;271,09;BR-050/GO;Sul;Tombamento;;;2;;;1;;;;;4;;;;
30/06/2018;01:04:00;9;sem vítima;176;BR-050/MG;Norte;Queda de Moto;;;;1;;;;;;;1;;;;
30/06/2018;06:42:00;30;sem vítima;136,18;BR-050/MG;Norte;Choque - Elemento de Drenagem;1;;1;;;;;;;;4;;;;
30/06/2018;18:24:00;159;com vítima;165,3;BR-050/MG;Sul;Queda de Ciclista;;1;;;;;;;;;0;;1;;
01/07/2018;01:02:00;5;sem vítima;10,9;BR-050/MG;Norte;Choque - Defensa, barreira ou meio fio;;;;;;;;;;1;1;;;;
01/07/2018;07:35:00;40;sem vítima;114,5;BR-050/MG;Sul;Choque - Elemento de Drenagem;1;;;;;;;;;;1;;;;
01/07/2018;18:25:00;148;sem vítima;36,02;BR-050/MG;Norte;Choque - Defensa, barreira ou meio fio;2;;;;;;;;;;3;;;;
02/07/2018;03:54:00;22;sem vítima;130;BR-050/GO;Sul;Capotamento;1;;;;;;;;;;1;;;;
02/07/2018;19:07:00;202;sem vítima;178,5;BR-050/MG;Norte;Colisão Lateral;;;1;;;;;;;1;4;;;;
02/07/2018;21:59:00;224;com vítima;168,1;BR-050/MG;Norte;Colisão Traseira;;;2;;;;;;;;1;;1;;
03/07/2018;06:30:00;34;com vítima;142,43;BR-050/GO;Sul;Capotamento;;;1;;;;;;;;0;4;;;
03/07/2018;19:07:00;189;com vítima;77,5;BR-050/MG;Norte;Colisão Frontal;;;;1;1;;;;;;0;1;1;;
04/07/2018;20:38:00;206;com vítima;99;BR-050/GO;Sul;Colisão Frontal;1;;1;;;;;;;;1;2;2;;
05/07/2018;06:33:00;27;sem vítima;183;BR-050/MG;Norte;Atropelamento de Animal;1;;;;;;;;;;3;;;;
05/07/2018;13:42:00;145;sem vítima;106;BR-050/GO;Norte;Choque - Defensa, barreira ou meio fio;1;;;;;;;;;;1;;;;
05/07/2018;14:38:00;164;sem vítima;59,3;BR-050/MG;Sul;Colisão Traseira;1;;1;;;;;;;;2;;;;
05/07/2018;20:35:00;233;sem vítima;85;BR-050/MG;Sul;Colisão Lateral;1;;1;;;;;;;;5;;;;
06/07/2018;00:27:00;3;com vítima;143,5;BR-050/GO;Sul;Choque - Defensa, barreira ou meio fio;;;1;;;;;;;;0;1;;;
06/07/2018;03:01:00;14;sem vítima;253,5;BR-050/GO;Norte;Capotamento;1;;;;;;;;;;2;;;;
06/07/2018;08:08:00;51;com vítima;198,62;BR-050/MG;Norte;Capotamento;1;;;;;;;;;;1;1;;;
06/07/2018;13:46:00;140;com vítima;103,8;BR-050/GO;Norte;Capotamento;1;;;;;;;;;;0;1;;;
06/07/2018;18:49:00;193;sem vítima;10,05;Contorno;Norte;Atropelamento de Animal;;;1;;;;;;;;1;;;;
06/07/2018;23:06:00;236;com vítima;51;BR-050/MG;Norte;Colisão Traseira;;;2;;;;;;;1;3;;1;;
06/07/2018;23:07:00;237;sem vítima;44,88;BR-050/MG;Norte;Colisão Traseira;1;;;;;1;;;;;2;;;;
06/07/2018;23:12:00;238;com vítima;173;BR-050/MG;Sul;Colisão Traseira;2;;;;;;;;;;2;1;;;
07/07/2018;00:13:00;1;com vítima;79;BR-050/MG;Norte;Colisão Traseira;;;2;;;;;;;;1;1;;;
07/07/2018;01:19:00;10;com vítima;60;BR-050/MG;Norte;Capotamento;1;;;;;;;;;;0;2;2;;
07/07/2018;08:10:00;43;sem vítima;61,25;BR-050/MG;Norte;Choque - Defensa, barreira ou meio fio;;;;;;;;;;1;4;;;;
07/07/2018;11:57:00;86;sem vítima;103,2;BR-050/GO;Norte;Choque - Elemento de Drenagem;1;;;;;;;;;;2;;;;
07/07/2018;21:47:00;174;com vítima;98,5;BR-050/MG;Norte;Capotamento;1;;;;;;;;;;0;1;;;
08/07/2018;04:09:00;16;sem vítima;22;BR-050/MG;Norte;Capotamento;;;;;;;;;;1;1;;;;
08/07/2018;11:18:00;53;sem vítima;191,9;BR-050/MG;Norte;Colisão Transversal;1;;1;;;;;;;;2;;;;
08/07/2018;16:25:00;109;sem vítima;122;BR-050/MG;Norte;Choque - Elemento de Drenagem;;;;;;;;;;1;4;;;;
08/07/2018;19:46:00;154;sem vítima;162,35;BR-050/MG;Norte;Colisão Lateral;;;;;2;;;;;;29;;;;
09/07/2018;02:11:00;12;com vítima;196,9;BR-050/GO;Norte;Capotamento;;;;;;;;;;1;1;2;2;;
09/07/2018;11:35:00;104;sem vítima;35,9;BR-050/MG;Norte;Colisão Traseira;1;;1;;;;;;;;5;;;;
11/07/2018;11:09:00;107;com vítima;178,92;BR-050/MG;Norte;Queda de Moto;;;;1;;;;;;;0;1;;;
11/07/2018;13:51:00;128;com vítima;171,8;BR-050/MG;Norte;Queda de Moto;;;;1;;;;;;;0;2;;;
11/07/2018;22:31:00;219;com vítima;147,45;BR-050/MG;Sul;Tombamento;;;3;;1;;;;;1;47;2;;;
12/07/2018;07:07:00;38;sem vítima;14;BR-050/MG;Norte;Colisão Traseira;1;;1;;;;;;;;6;;;;
12/07/2018;13:24:00;132;sem vítima;303,75;BR-050/GO;Norte;Colisão Traseira;;;;;;;;;;2;6;;;;
13/07/2018;19:30:00;230;com vítima;271;BR-050/GO;Norte;Choque - Suporte de Sinalização;;;;1;;;;;;;0;1;;;
14/07/2018;01:47:00;9;sem vítima;105;BR-050/GO;Norte;Capotamento;1;;;;;;;;;;4;;;;
14/07/2018;10:06:00;80;sem vítima;15,74;BR-050/MG;Norte;Saida de Pista;;;;;;;;;;1;1;;;;
14/07/2018;23:34:00;210;com vítima;202,9;BR-050/MG;Sul;Capotamento;1;;;;;;;;;;0;;3;;
15/07/2018;17:58:00;119;com vítima;141,8;BR-050/MG;Sul;Capotamento;1;;;;;;;;;;0;1;;;
17/07/2018;11:50:00;103;sem vítima;105;BR-050/MG;Norte;Colisão Traseira;;;2;;;;;;;;2;;;;
17/07/2018;15:35:00;161;sem vítima;196,68;BR-050/MG;Norte;Colisão Lateral;;;2;;;;;;;;2;;;;
18/07/2018;19:51:00;201;sem vítima;51,8;BR-050/MG;Sul;Colisão Lateral;;;2;;;;;;;;2;;;;
19/07/2018;08:05:00;53;sem vítima;37,7;BR-050/MG;Norte;Choque - Elemento de Drenagem;1;;1;;;;;;;;2;;;;
19/07/2018;09:41:00;91;sem vítima;47;BR-050/MG;Sul;Colisão Lateral;1;;1;;;;;;;;2;;;;
19/07/2018;14:08:00;146;com vítima;180;BR-050/MG;Norte;Queda de Moto;;;;1;;;;;;;1;;1;;
19/07/2018;19:08:00;204;com vítima;201,3;BR-050/MG;Norte;Atropelamento - Usuário;1;;;;;;;;;;3;;;;1
20/07/2018;11:17:00;106;com vítima;100,02;BR-050/MG;Sul;Choque - Suporte de Sinalização;1;;;;;;;;;;0;1;1;;
20/07/2018;14:00:00;135;com vítima;79;BR-050/MG;Sul;Queda de Moto;;;;1;;;;;;;1;;1;;
20/07/2018;17:38:00;182;com vítima;166,7;BR-050/GO;Sul;Queda de Moto;;;;1;;;;;;;0;1;;;
20/07/2018;17:50:00;185;com vítima;168,5;BR-050/MG;Sul;Saida de Pista;1;;1;;;;;;;;1;5;;;
20/07/2018;18:40:00;192;sem vítima;23,08;BR-050/MG;Sul;Choque - Elemento de Drenagem;1;;1;;;;;;;;5;;;;
21/07/2018;00:41:00;3;sem vítima;175;BR-050/MG;Sul;Capotamento;1;;;;;;;;;;4;;;;
21/07/2018;06:28:00;34;sem vítima;228,46;BR-050/GO;Norte;Choque - Suporte de Sinalização;;;;;;;;;;1;2;;;;
21/07/2018;09:24:00;76;sem vítima;52,1;BR-050/MG;Sul;Saida de Pista;;;1;;;;;;;;1;;;;
21/07/2018;22:40:00;211;com vítima;138,13;BR-050/MG;Norte;Atropelamento - Andarilho;;;;;;;;;;1;1;1;;;
22/07/2018;14:30:00;100;sem vítima;81,76;BR-050/MG;Norte;Saida de Pista;1;;;;;;;;;;1;;;;
22/07/2018;15:03:00;106;com vítima;29,7;BR-050/MG;Norte;Tombamento;;;1;;;;;;;;0;;1;;
22/07/2018;17:39:00;144;sem vítima;44,1;BR-050/MG;Sul;Objeto lançado contra veículo;1;;1;;;;;;;;3;;;;
23/07/2018;05:25:00;25;com vítima;97,6;BR-050/GO;Norte;Colisão Traseira;;;2;;;;;;;;0;2;;;
23/07/2018;13:25:00;121;com vítima;280,35;BR-050/GO;Sul;Colisão Transversal;;;;2;;;;;;;0;2;;;
23/07/2018;20:55:00;200;com vítima;195,8;BR-050/MG;Norte;Colisão Traseira;;;;1;;;;;;1;4;1;1;;
24/07/2018;00:27:00;5;com vítima;108,9;BR-050/MG;Sul;Choque - Objeto sobre a pista;1;;;;;;;;;;2;1;;;
24/07/2018;09:45:00;84;com vítima;133,2;BR-050/MG;Sul;Tombamento;;;1;;;;;;;;0;1;;;
24/07/2018;11:46:00;111;com vítima;245,9;BR-050/GO;Sul;Colisão Transversal;;;1;;;;;;;1;2;1;2;;
24/07/2018;12:24:00;117;com vítima;9,1;Contorno;Sul;Colisão Transversal;;;2;;;;;;;;2;1;1;;
24/07/2018;14:41:00;139;sem vítima;166,4;BR-050/GO;Sul;Saida de Pista;;;1;;;;;;;;3;;;;
24/07/2018;18:45:00;172;sem vítima;115,6;BR-050/MG;Norte;Choque - Elemento de Drenagem;;;;;;;;;;1;1;;;;
24/07/2018;18:47:00;173;sem vítima;221,51;BR-050/GO;Sul;Choque - Suporte de Sinalização;1;;;;1;;;;;;5;;;;
25/07/2018;06:32:00;25;sem vítima;102,8;BR-050/GO;Norte;Capotamento;;;;;;;;;;1;1;;;;
25/07/2018;13:35:00;111;sem vítima;59,4;BR-050/MG;Sul;Colisão Traseira;1;;;;;;;;;;1;;;;