data;horario;n_da_ocorrencia;tipo_de_ocorrencia;km;trecho;sentido;tipo_de_acidente;automovel;bicicleta;caminhao;moto;onibus;outros;tracao_animal;transporte_de_cargas_especiais;trator_maquinas;utilitarios;ilesos;levemente_feridos;moderadamente_feridos;gravemente_feridos;mortos
09/11/2018;21:46:00;187;sem vítima;157,3;BR-050/MG;Norte;Choque - Elemento de Drenagem;;;1;;;;;;;;1;;;;
10/11/2018;02:31:00;37;com vítima;179;BR-050/MG;Norte;Queda de Moto;;;;;;1;;;;;0;;1;;
10/11/2018;05:10:00;48;sem vítima;112,8;BR-050/GO;Norte;Tombamento;;;1;;;;;;;;1;;;;
10/11/2018;08:28:00;65;sem vítima;126,9;BR-050/GO;Norte;Saida de Pista;1;;;;;;;;;;1;;;;
10/11/2018;10:49:00;93;sem vítima;153,8;BR-050/MG;Sul;Colisão Traseira;1;;1;;;;;;;;2;;;;
10/11/2018;13:26:00;121;com vítima;92;BR-050/MG;Sul;Capotamento;1;;;;;;;;;;2;;2;;
10/11/2018;16:55:00;152;sem vítima;19,18;BR-050/MG;Norte;Choque - Defensa, barreira ou meio fio;1;;;;;;;;;;5;;;;
10/11/2018;22:57:00;211;sem vítima;307;BR-050/GO;Norte;Capotamento;1;;;;;;;;;;2;;;;
11/11/2018;03:33:00;22;sem vítima;39,95;BR-050/MG;Sul;Choque - Defensa, barreira ou meio fio;1;;;;;;;;;;2;;;;
11/11/2018;05:19:00;28;sem vítima;167,1;BR-050/MG;Norte;Choque - Defensa, barreira ou meio fio;;;;;;;;;;1;1;;;;
11/11/2018;08:01:00;49;com vítima;243,95;BR-050/GO;Sul;Colisão Traseira;2;;;;;;;;;;1;2;;;
11/11/2018;18:14:00;143;com vítima;106,15;BR-050/GO;Norte;Capotamento;1;;;;;;;;;;3;1;;;
11/11/2018;19:24:00;160;sem vítima;162;BR-050/GO;Sul;Choque - Obstáculo Fixo;1;;;;;;;;;;2;;;;
11/11/2018;21:54:00;180;com vítima;1,02;BR-050/MG;Norte;Choque - Suporte de Sinalização;1;;;;;;;;;;0;1;;;
12/11/2018;08:36:00;44;sem vítima;114,7;BR-050/MG;Norte;Colisão Traseira;2;;;;;;;;;;2;;;;
12/11/2018;15:52:00;142;com vítima;140,9;BR-050/MG;Sul;Capotamento;1;;;;;;;;;;0;2;;;
13/11/2018;07:01:00;38;sem vítima;178;BR-050/MG;Norte;Colisão Traseira;1;;1;;;;;;;;2;;;;
13/11/2018;07:17:00;39;sem vítima;194,8;BR-050/GO;Norte;Saida de Pista;;;1;;;;;;;;1;;;;
13/11/2018;08:01:00;50;sem vítima;137;BR-050/GO;Norte;Choque - Poste;;;1;;;;;;;;1;;;;
13/11/2018;12:56:00;118;sem vítima;195,3;BR-050/MG;Sul;Colisão Traseira;2;;;;;;;;;;5;;;;
13/11/2018;14:16:00;130;sem vítima;174,6;BR-050/MG;Norte;Choque - Defensa, barreira ou meio fio;1;;;;;;;;;;1;;;;
13/11/2018;16:37:00;148;com vítima;132,8;BR-050/GO;Sul;Choque - Suporte de Sinalização;1;;;;;;;;;;3;1;;;
14/11/2018;04:38:00;25;com vítima;16,995;BR-050/MG;Norte;Choque - Talude;;;1;;;;;;;;0;1;;;
14/11/2018;12:45:00;122;sem vítima;17,9;Contorno;Norte;Capotamento;1;;;;;;;;;;2;;;;
14/11/2018;12:56:00;125;sem vítima;17,9;Contorno;Norte;Choque - Defensa, barreira ou meio fio;1;;;;;;;;;;1;;;;
14/11/2018;13:32:00;133;sem vítima;11,1;Contorno;Sul;Saida de Pista;1;;1;;;;;;;;5;;;;
14/11/2018;15:13:00;148;sem vítima;10,15;BR-050/MG;Norte;Capotamento;1;;;;;;;;;;1;;;;
14/11/2018;16:25:00;159;sem vítima;203;BR-050/MG;Sul;Choque - Defensa, barreira ou meio fio;;;;;;;;;;1;1;;;;
14/11/2018;18:49:00;180;com vítima;133,99;BR-050/MG;Sul;Choque - Defensa, barreira ou meio fio;1;;;;;;;;;;0;1;;;
15/11/2018;10:35:00;110;com vítima;151;BR-050/MG;Norte;Queda de Moto;;;;1;;;;;;;0;1;;;
15/11/2018;11:48:00;123;com vítima;181;BR-050/MG;Norte;Colisão Lateral;;;1;1;;;;;;;1;1;;;
15/11/2018;12:19:00;127;com vítima;55,2;BR-050/MG;Norte;Queda de Ciclista;;1;;;;;;;;;0;1;;;
15/11/2018;16:58:00;176;sem vítima;144,2;BR-050/MG;Sul;Choque - Elemento de Drenagem;1;;;;;;;;;;2;;;;
15/11/2018;18:00:00;185;sem vítima;136,24;BR-050/MG;Sul;Saida de Pista;;;;;;;;;;1;1;;;;
15/11/2018;21:55:00;231;sem vítima;116,4;BR-050/MG;Sul;Choque - Elemento de Drenagem;;;1;;;;;;;;1;;;;
16/11/2018;14:07:00;108;com vítima;221,3;BR-050/GO;Sul;Colisão Traseira;;;1;;;;;;;1;1;;1;;
16/11/2018;18:54:00;153;com vítima;24,8;BR-050/MG;Norte;Queda de Moto;;;;1;;;;;;;1;1;;;
17/11/2018;07:48:00;41;com vítima;123,3;BR-050/GO;Sul;Choque - Talude;1;;;;;;;;;;0;;1;;
18/11/2018;11:40:00;72;sem vítima;61;BR-050/MG;Norte;Colisão Lateral;1;;1;;;;;;;;5;;;;
18/11/2018;19:55:00;165;com vítima;14,8;Contorno;Sul;Tombamento;;;1;;;;;;;;0;;;;1
18/11/2018;20:43:00;171;sem vítima;194,8;BR-050/MG;Sul;Choque - Defensa, barreira ou meio fio;1;;;;;;;;;;2;;;;
19/11/2018;09:19:00;72;sem vítima;186;BR-050/MG;Sul;Choque - Obstáculo Fixo;1;;;;;;;;;1;2;;;;
19/11/2018;10:54:00;96;sem vítima;177,8;BR-050/MG;Sul;Colisão Traseira;2;;;;;;;;;;2;;;;
19/11/2018;18:55:00;181;com vítima;1;BR-050/MG;Sul;Tombamento;;;1;;;;;;;;0;1;;;
19/11/2018;19:02:00;184;sem vítima;23,2;BR-050/MG;Sul;Choque - Talude;;;;;;;;;;1;1;;;;
20/11/2018;00:06:00;1;sem vítima;179;BR-050/MG;Norte;Choque - Obstáculo Fixo;;;1;;;;;;;;1;;;;
20/11/2018;00:39:00;9;com vítima;279,5;BR-050/GO;Norte;Queda de Moto;;;;1;;;;;;;0;1;;;
20/11/2018;08:04:00;44;sem vítima;39;BR-050/MG;Norte;Choque - Veiculo parado na pista;;;2;;;;;;;;2;;;;
20/11/2018;09:38:00;70;sem vítima;311,4;BR-050/GO;Norte;Colisão Traseira;1;;;;;1;;;;;2;;;;
20/11/2018;12:44:00;96;sem vítima;306,6;BR-050/GO;Sul;Saida de Pista;;;1;;;;;;;;2;;;;
20/11/2018;18:47:00;151;com vítima;118,05;BR-050/MG;Norte;Capotamento;1;;;;;;;;;;0;5;;;
21/11/2018;06:23:00;31;sem vítima;19,4;BR-050/MG;Sul;Saida de Pista;;;;;;;;;;1;1;;;;
21/11/2018;06:46:00;33;com vítima;65;BR-050/MG;Sul;Choque - Talude;;;;1;;;;;;;0;1;;;
21/11/2018;09:25:00;65;sem vítima;32;BR-050/MG;Norte;Colisão Lateral;;;1;;;;;;;1;3;;;;
21/11/2018;12:13:00;115;sem vítima;158,12;BR-050/MG;Sul;Saida de Pista;;;;;;;;;;1;2;;;;
21/11/2018;12:13:00;116;sem vítima;158,3;BR-050/MG;Sul;Tombamento;;;;;;;;;;1;1;;;;
21/11/2018;15:24:00;145;sem vítima;61;BR-050/MG;Norte;Colisão Lateral;;;;1;;1;;;;;2;;;;
22/11/2018;02:17:00;24;com vítima;259,5;BR-050/GO;Sul;Capotamento;1;;;;;;;;;;0;2;;;
22/11/2018;04:05:00;31;com vítima;307;BR-050/GO;Sul;Colisão Frontal;;;1;;;;;;;1;2;;2;;
22/11/2018;05:36:00;35;sem vítima;81,2;BR-050/MG;Sul;Atropelamento de Animal;2;;;;;;;;;;3;;;;
22/11/2018;05:36:00;36;sem vítima;81,2;BR-050/MG;Sul;Atropelamento de Animal;;;1;;;;;;;;1;;;;
22/11/2018;13:40:00;142;com vítima;282,1;BR-050/GO;Norte;Queda de Moto;;;;1;;;;;;1;1;1;;1;
23/11/2018;09:48:00;100;sem vítima;152,05;BR-050/MG;Sul;Saida de Pista;1;;;;;;;;;;1;;;;
23/11/2018;15:18:00;177;sem vítima;200,1;BR-050/GO;Sul;Saida de Pista;;;1;;;;;;;;1;;;;
24/11/2018;00:18:00;13;sem vítima;161;BR-050/MG;Norte;Choque - Defensa, barreira ou meio fio;1;;;;;;;;;;2;;;;
24/11/2018;07:03:00;41;com vítima;5,1;BR-050/MG;Norte;Choque - Suporte de Sinalização;1;;;;;;;;;;4;;1;;
24/11/2018;10:47:00;74;sem vítima;194,82;BR-050/GO;Sul;Saida de Pista;1;;;;;;;;;;1;;;;
24/11/2018;12:34:00;91;sem vítima;53,2;BR-050/MG;Sul;Choque - Defensa, barreira ou meio fio;1;;;;;;;;;;3;;;;
24/11/2018;13:24:00;98;sem vítima;206,4;BR-050/MG;Sul;Choque - Obstáculo Fixo;1;;;;;;;;;;2;;;;
24/11/2018;13:32:00;99;sem vítima;47;BR-050/MG;Sul;Choque - Obstáculo Fixo;1;;;;;;;;;;2;;;;
24/11/2018;13:49:00;100;sem vítima;8;Contorno;Sul;Choque - Defensa, barreira ou meio fio;;;;;;;;;;1;1;;;;
24/11/2018;14:06:00;102;com vítima;136,5;BR-050/MG;Sul;Capotamento;1;;;;;;;;;;0;;1;;1
24/11/2018;15:21:00;112;com vítima;276,95;BR-050/GO;Sul;Colisão Transversal;1;;;1;;;;;;;1;1;;;
25/11/2018;11:16:00;64;com vítima;205,6;BR-050/MG;Sul;Capotamento;1;;;;;;;;;;0;;1;;
25/11/2018;13:40:00;87;sem vítima;314;BR-050/GO;Norte;Colisão Traseira;;;1;;;1;;;;;2;;;;
25/11/2018;15:21:00;101;com vítima;192;BR-050/MG;Norte;Capotamento;;;;;;;;;;1;0;2;;;
25/11/2018;16:38:00;114;sem vítima;173,05;BR-050/GO;Sul;Saida de Pista;1;;;;;;;;;;1;;;;
25/11/2018;16:44:00;118;sem vítima;156;BR-050/MG;Sul;Choque - Suporte de Sinalização;1;;;;;;;;;;1;;;;
26/11/2018;11:43:00;117;com vítima;180;BR-050/MG;Sul;Colisão Traseira;;;;2;;;;;;;1;2;;;
26/11/2018;12:06:00;125;sem vítima;3,92;BR-050/MG;Sul;Colisão Traseira;;;1;;;;;;;1;3;;;;
27/11/2018;07:50:00;51;sem vítima;136,2;BR-050/GO;Norte;Colisão Traseira;;;2;;;;;;;;2;;;;
27/11/2018;18:53:00;204;sem vítima;306;BR-050/GO;Sul;Choque - Arvore;;;1;;;1;;;;;2;;;;
27/11/2018;21:14:00;226;com vítima;118,3;BR-050/MG;Norte;Colisão Traseira;;;2;;;;;;;;1;2;;;
27/11/2018;23:20:00;245;sem vítima;103,3;BR-050/MG;Sul;Colisão Lateral;1;;;;;;;;;;4;;;;
28/11/2018;02:42:00;22;sem vítima;3,9;BR-050/MG;Sul;Choque - Elemento de Drenagem;;;1;;;;;;;;1;;;;
28/11/2018;16:04:00;138;com vítima;174;BR-050/MG;Sul;Queda de Moto;;;;1;;;;;;;0;2;;;
28/11/2018;20:40:00;188;com vítima;171,2;BR-050/MG;Norte;Colisão Traseira;1;;1;;;;;;;;1;1;;;
29/11/2018;00:28:00;6;com vítima;196,5;BR-050/MG;Sul;Capotamento;1;;;;;;;;;;0;1;;1;1
29/11/2018;08:45:00;63;sem vítima;274;BR-050/GO;Norte;Colisão Transversal;1;;;;;;;;;1;4;;;;
29/11/2018;16:37:00;158;com vítima;4,2;BR-050/MG;Sul;Capotamento;1;;;;;;;;;;0;;1;;
29/11/2018;20:08:00;202;com vítima;119;BR-050/MG;Norte;Tombamento;;;1;;;;;;;;0;1;;;
29/11/2018;23:25:00;228;sem vítima;2,9;BR-050/MG;Sul;Colisão Traseira;;;2;;;;;;;;2;;;;
30/11/2018;01:17:00;11;com vítima;260,7;BR-050/GO;Norte;Saida de Pista;;;1;;;;;;;;0;1;;;
30/11/2018;18:22:00;177;com vítima;205,8;BR-050/MG;Norte;Colisão Traseira;2;;;;;;;;;;4;1;;;
30/11/2018;20:30:00;208;com vítima;52,6;BR-050/MG;Norte;Colisão Traseira;;;1;1;;;;;;;1;1;;;
30/11/2018;20:50:00;210;com vítima;16,5;Contorno;Sul;Atropelamento - Sem Informação;;;;;;1;;;;;1;;1;;
01/12/2018;03:19:00;19;com vítima;136,3;BR-050/GO;Sul;Capotamento;;;1;;;;;;;;0;;1;;
01/12/2018;05:24:00;27;sem vítima;6;Contorno;Norte;Choque - Elemento de Drenagem;1;;;;;;;;;;1;;;;
01/12/2018;06:24:00;34;sem vítima;158;BR-050/MG;Norte;Colisão Lateral;;;2;;;;;;;;2;;;;
01/12/2018;06:46:00;37;com vítima;19,64;BR-050/MG;Norte;Choque - Talude;1;;;;;;;;;;1;1;;;
01/12/2018;10:58:00;71;com vítima;98,001;BR-050/GO;Norte;Colisão Transversal;2;;;;;;;;;;4;1;;;
01/12/2018;11:03:00;72;com vítima;170;BR-050/MG;Norte;Colisão Lateral;;;;1;;1;;;;;1;1;;;
01/12/2018;14:11:00;108;sem vítima;53,37;BR-050/MG;Sul;Saida de Pista;1;;;;;;;;;;4;;;;
01/12/2018;16:39:00;120;sem vítima;15,4;BR-050/MG;Sul;Choque - Elemento de Drenagem;1;;;;;;;;;;1;;;;
01/12/2018;18:00:00;133;sem vítima;58,08;BR-050/MG;Norte;Choque - Defensa, barreira ou meio fio;1;;;;;;;;;;2;;;;
01/12/2018;18:29:00;140;sem vítima;171,15;BR-050/MG;Sul;Colisão Traseira;;;;;1;1;;;;;6;;;;
01/12/2018;19:59:00;154;com vítima;78,64;BR-050/MG;Sul;Choque - Elemento de Drenagem;1;;;;;;;;;;0;2;;;
01/12/2018;20:15:00;157;sem vítima;57,9;BR-050/MG;Sul;Saida de Pista;1;;;;;;;;;;2;;;;
01/12/2018;20:29:00;158;sem vítima;98;BR-050/GO;Norte;Colisão Frontal;1;;;1;;;;;;;3;;;;
01/12/2018;21:44:00;166;sem vítima;280;BR-050/GO;Sul;Colisão Lateral;2;;;;;;;;;;6;;;;
02/12/2018;00:15:00;4;sem vítima;283;BR-050/GO;Sul;Saida de Pista;1;;;;;;;;;;3;;;;
02/12/2018;00:49:00;12;com vítima;279,5;BR-050/GO;Norte;Colisão Lateral;;;;1;;1;;;;;1;2;;;
02/12/2018;11:52:00;65;sem vítima;139,8;BR-050/MG;Norte;Saida de Pista;1;;;;;;;;;;1;;;;
02/12/2018;13:52:00;82;com vítima;135,6;BR-050/MG;Sul;Colisão Lateral;2;;;;;;;;;;2;3;1;;
02/12/2018;13:52:00;83;sem vítima;158,4;BR-050/MG;Sul;Choque - Elemento de Drenagem;1;;;;;;;;;;1;;;;
02/12/2018;16:58:00;104;com vítima;59,04;BR-050/MG;Sul;Capotamento;;;;;;;;;;1;0;2;;;
02/12/2018;18:33:00;116;sem vítima;65;BR-050/MG;Norte;Choque - Suporte de Sinalização;1;;;;;;;;;;2;;;;
02/12/2018;23:19:00;157;com vítima;106,25;BR-050/GO;Norte;Tombamento;;;1;;;;;;;;0;1;;;
03/12/2018;13:55:00;112;sem vítima;279,05;BR-050/GO;Sul;Colisão Lateral;1;;1;;;;;;;;2;;;;
03/12/2018;15:29:00;121;sem vítima;141;BR-050/MG;Sul;Colisão Traseira;;;;;;1;;;;1;2;;;;
03/12/2018;23:23:00;190;sem vítima;77,6;BR-050/MG;Norte;Saida de Pista;;;;;;;;;;1;2;;;;
04/12/2018;12:53:00;126;com vítima;133,1;BR-050/GO;Sul;Choque - Obstáculo Fixo;;;1;;;;;;;;0;1;;;
04/12/2018;19:53:00;188;sem vítima;157,2;BR-050/MG;Sul;Colisão Lateral;1;;1;;;;;;;;2;;;;
04/12/2018;22:01:00;210;sem vítima;233,4;BR-050/GO;Norte;Choque - Elemento de Drenagem;1;;;;;1;;;;;2;;;;
05/12/2018;08:43:00;80;com vítima;57,56;BR-050/MG;Norte;Queda de Moto;;;;1;;;;;;;0;1;;;
05/12/2018;14:38:00;167;sem vítima;108,5;BR-050/GO;Norte;Saida de Pista;1;;;;;;;;;;3;;;;
05/12/2018;15:32:00;169;sem vítima;196,6;BR-050/GO;Sul;Capotamento;;;;;;;;;;1;4;;;;
05/12/2018;19:06:00;217;com vítima;20;Contorno;Sul;Colisão Lateral;;;;1;;1;;;;1;3;;1;;
06/12/2018;04:36:00;24;sem vítima;84,1;BR-050/MG;Sul;Colisão Lateral;;;2;;;;;;;;2;;;;
06/12/2018;10:30:00;82;com vítima;270,94;BR-050/GO;Norte;Tombamento;;;1;;;;;;;;0;1;;;
06/12/2018;17:36:00;172;com vítima;144;BR-050/MG;Norte;Choque - Elemento de Drenagem;1;;;;;;;;;;1;1;;;
06/12/2018;19:13:00;192;sem vítima;21;Contorno;Sul;Colisão Traseira;2;;;;;;;;;;5;;;;
07/12/2018;15:00:00;161;sem vítima;281,3;BR-050/GO;Norte;Colisão Traseira;1;;;;;;;;;1;4;;;;
07/12/2018;16:22:00;175;com vítima;150,2;BR-050/MG;Sul;Capotamento;1;;;;;;;;;;0;1;;;
07/12/2018;19:36:00;220;sem vítima;58;BR-050/MG;Norte;Choque - Elemento de Drenagem;1;;;;;;;;;;4;;;;
08/12/2018;00:34:00;10;sem vítima;182,75;BR-050/MG;Norte;Capotamento;;;;;;;;;;1;1;;;;
08/12/2018;16:12:00;152;sem vítima;0;Contorno;Norte;Tombamento;1;;;;;;;;;;3;;;;
08/12/2018;22:43:00;216;sem vítima;118,3;BR-050/MG;Norte;Choque - Elemento de Drenagem;1;;;;;;;;;;3;;;;
08/12/2018;23:29:00;219;sem vítima;167,7;BR-050/GO;Norte;Tombamento;;;1;;;;;;;;1;;;;
09/12/2018;17:12:00;121;sem vítima;157,27;BR-050/MG;Norte;Tombamento;;;1;;;;;;;;2;;;;
10/12/2018;04:18:00;18;com vítima;156,2;BR-050/MG;Sul;Colisão Traseira;;;;;2;;;;;;88;6;;;
10/12/2018;09:40:00;65;sem vítima;113,1;BR-050/MG;Sul;Choque - Suporte de Sinalização;1;;;;;;;;;;3;;;;
10/12/2018;10:23:00;79;sem vítima;51;BR-050/MG;Sul;Colisão Traseira;2;;;;;;;;;;5;;;;
10/12/2018;21:44:00;197;sem vítima;175,3;BR-050/MG;Sul;Colisão Traseira;;;1;;;;;;;1;2;;;;
11/12/2018;09:55:00;78;com vítima;163;BR-050/MG;Norte;Choque - Suporte de Sinalização;1;;;;;;;;;;0;2;;;
11/12/2018;12:15:00;101;sem vítima;51;BR-050/MG;Sul;Choque - Obstáculo Fixo;;;;;;;;;;1;2;;;;
12/12/2018;01:12:00;13;sem vítima;97,47;BR-050/GO;Norte;Colisão Traseira;2;;;;;;;;;;4;;;;
12/12/2018;06:18:00;34;com vítima;287;BR-050/GO;Sul;Queda de Ciclista;;1;;;;;;;;;0;;;1;
12/12/2018;12:01:00;114;sem vítima;95,98;BR-050/MG;Sul;Colisão Traseira;1;;1;;;;;;;;3;;;;
12/12/2018;15:09:00;145;sem vítima;186;BR-050/MG;Norte;Choque - Defensa, barreira ou meio fio;1;;;;;;;;;;2;;;;
12/12/2018;22:47:00;228;sem vítima;185,5;BR-050/GO;Norte;Choque - Suporte de Sinalização;;;1;;;;;;;;1;;;;
13/12/2018;18:11:00;186;sem vítima;138,3;BR-050/MG;Sul;Carreta deu L;;;1;;;;;;;;1;;;;
13/12/2018;18:15:00;187;sem vítima;179;BR-050/MG;Sul;Colisão Traseira;1;;;;1;;;;;;6;;;;
13/12/2018;21:45:00;220;sem vítima;10,3;BR-050/MG;Norte;Choque - Defensa, barreira ou meio fio;;;;;;;;;;1;3;;;;
13/12/2018;22:01:00;223;com vítima;196,7;BR-050/MG;Norte;Colisão Lateral;;;2;;;;;;;;0;2;;;
14/12/2018;00:02:00;6;com vítima;103,5;BR-050/GO;Norte;Capotamento;;;;;;;;;;1;0;1;1;1;
14/12/2018;01:33:00;21;sem vítima;173;BR-050/MG;Sul;Colisão Lateral;;;2;;;;;;;;4;;;;
14/12/2018;02:43:00;31;sem vítima;122;BR-050/MG;Norte;Choque - Arvore;;;;;;;;;;1;1;;;;
14/12/2018;02:52:00;32;sem vítima;22;BR-050/MG;Sul;Queda de Moto;;;;1;;;;;;;1;;;;
14/12/2018;14:25:00;142;com vítima;197,25;BR-050/MG;Sul;Capotamento;;;;;;;;;;1;0;1;;;
14/12/2018;15:38:00;154;com vítima;247,9;BR-050/GO;Sul;Colisão Frontal;1;;;;;;;;;1;4;3;;;
14/12/2018;20:38:00;208;com vítima;178,9;BR-050/MG;Sul;Queda de Moto;;;;1;;;;;;;0;;1;;
14/12/2018;22:24:00;215;sem vítima;174,9;BR-050/MG;Sul;Atropelamento de Animal;1;;;;;;;;;;2;;;;
14/12/2018;23:43:00;225;sem vítima;81,9;BR-050/MG;Sul;Choque - Defensa, barreira ou meio fio;1;;;;;;;;;;1;;;;
15/12/2018;15:07:00;147;com vítima;174,3;BR-050/MG;Sul;Choque - Elemento de Drenagem;1;;;;;;;;;;1;1;;;
15/12/2018;15:59:00;161;sem vítima;198,08;BR-050/MG;Norte;Choque - Obstáculo Fixo;;;;;;;;;;1;4;;;;
15/12/2018;17:40:00;180;com vítima;177;BR-050/MG;Sul;Choque - Defensa, barreira ou meio fio;1;;;;;;;;;;0;1;;;
15/12/2018;21:43:00;215;com vítima;170,84;BR-050/MG;Norte;Colisão Traseira;1;;1;;;;;;;;1;;1;;
16/12/2018;08:07:00;42;com vítima;180;BR-050/MG;Sul;Choque - Defensa, barreira ou meio fio;1;;;;;;;;;;0;2;1;1;
16/12/2018;20:34:00;171;sem vítima;106;BR-050/GO;Norte;Choque - Defensa, barreira ou meio fio;1;;;;;;;;;;5;;;;
16/12/2018;20:36:00;173;com vítima;16,5;Contorno;Sul;Colisão Traseira;1;;;1;;;;;;;1;;1;;
16/12/2018;21:08:00;178;sem vítima;153;BR-050/MG;Sul;Saida de Pista;;;1;;;;;;;;1;;;;
17/12/2018;05:48:00;40;sem vítima;102,225;BR-050/GO;Norte;Saida de Pista;;;;;;;;;;1;1;;;;
17/12/2018;17:27:00;203;com vítima;100,51;BR-050/MG;Sul;Choque - Talude;1;;;;;;;;;;0;1;1;;
18/12/2018;15:51:00;152;com vítima;82,3;BR-050/MG;Norte;Colisão Traseira;1;;1;;;;;;;;1;2;;;
18/12/2018;17:26:00;168;sem vítima;178;BR-050/MG;Norte;Saida de Pista;1;;;;;;;;;;2;;;;
18/12/2018;23:38:00;229;com vítima;96,95;BR-050/GO;Sul;Queda de Moto;;;;1;1;;;;;;1;;;1;
19/12/2018;06:00:00;34;com vítima;165,1;BR-050/GO;Norte;Capotamento;;;1;;;;;;;;0;;1;;
19/12/2018;07:16:00;42;sem vítima;273,5;BR-050/GO;Sul;Colisão Transversal;;;1;;;;;;;1;2;;;;
19/12/2018;22:47:00;238;sem vítima;39,8;BR-050/MG;Norte;Colisão Traseira;2;;;;;;;;;;5;;;;
20/12/2018;02:09:00;30;sem vítima;106,5;BR-050/GO;Sul;Atropelamento de Animal;1;;;;;;;;;;1;;;;
20/12/2018;06:32:00;42;com vítima;131,6;BR-050/MG;Norte;Colisão Traseira;;;2;;;;;;;;3;1;;;
20/12/2018;07:34:00;54;com vítima;102,7;BR-050/MG;Sul;Tombamento;1;;;;;;;;;;0;2;;;
20/12/2018;08:16:00;61;sem vítima;170,34;BR-050/MG;Norte;Saida de Pista;1;;;;;;;;;;1;;;;
20/12/2018;08:55:00;67;sem vítima;177,7;BR-050/MG;Sul;Choque - Suporte de Sinalização;;;;;;;;;;1;1;;;;
20/12/2018;11:00:00;97;sem vítima;105;BR-050/MG;Norte;Colisão Traseira;2;;;;;;;;;;7;;;;
20/12/2018;12:19:00;116;sem vítima;57,356;BR-050/MG;Norte;Colisão Traseira;;;2;;;;;;;;2;;;;
20/12/2018;16:27:00;168;com vítima;171,9;BR-050/MG;Norte;Colisão Traseira;1;;;1;;;;;;;0;2;;;
20/12/2018;16:59:00;173;com vítima;150,4;BR-050/GO;Sul;Capotamento;;;;;;;;;;1;0;;1;;
20/12/2018;17:19:00;180;sem vítima;171,9;BR-050/MG;Norte;Colisão Traseira;2;;;;;;;;;;3;;;;
20/12/2018;17:24:00;181;com vítima;280;BR-050/GO;Norte;Colisão Lateral;1;;;1;;;;;;;5;1;;;
20/12/2018;17:28:00;182;com vítima;171,9;BR-050/MG;Norte;Colisão Traseira;1;;;1;;;;;;;1;1;;;
20/12/2018;18:55:00;199;sem vítima;179,9;BR-050/MG;Sul;Colisão Traseira;1;;1;;;;;;;;2;;;;
21/12/2018;00:59:00;17;sem vítima;102,04;BR-050/MG;Norte;Choque - Defensa, barreira ou meio fio;;;1;;;;;;;;1;;;;
21/12/2018;08:44:00;84;sem vítima;30,45;BR-050/MG;Sul;Saida de Pista;1;;;;;;;;;;2;;;;
21/12/2018;17:51:00;212;com vítima;167,3;BR-050/MG;Norte;Capotamento;1;;;;;;;;;;0;1;1;;
22/12/2018;08:26:00;70;sem vítima;148,2;BR-050/MG;Norte;Choque - Defensa, barreira ou meio fio;1;;;;;;;;;;5;;;;
22/12/2018;11:01:00;109;com vítima;117;BR-050/MG;Norte;Queda de Moto;;;;1;;;;;;;0;2;;;
22/12/2018;14:55:00;167;com vítima;56,3;BR-050/MG;Sul;Colisão Traseira;1;;;1;;;;;;;4;1;;;
22/12/2018;15:03:00;168;sem vítima;142;BR-050/MG;Norte;Choque - Elemento de Drenagem;1;;;;;;;;;;3;;;;
22/12/2018;15:52:00;181;com vítima;89;BR-050/MG;Sul;Queda de Moto;;;;1;;;;;;;0;1;;;
22/12/2018;17:54:00;214;sem vítima;49,55;BR-050/MG;Sul;Saida de Pista;1;;;;;;;;;;4;;;;
22/12/2018;19:32:00;238;sem vítima;25,43;BR-050/MG;Sul;Capotamento;1;;;;;;;;;;2;;;;
22/12/2018;21:21:00;254;sem vítima;172,8;BR-050/MG;Norte;Choque - Defensa, barreira ou meio fio;;;;;;;;;;1;1;;;;
23/12/2018;04:32:00;40;sem vítima;40;BR-050/MG;Norte;Choque - Talude;1;;;;;;;;;;1;;;;
23/12/2018;06:22:00;47;sem vítima;179,38;BR-050/MG;Norte;Saida de Pista;1;;;;;;;;;;2;;;;
23/12/2018;09:31:00;71;sem vítima;96,3;BR-050/GO;Sul;Colisão Lateral;;;1;;;;;;;1;2;;;;
23/12/2018;21:07:00;201;com vítima;106,075;BR-050/GO;Norte;Tombamento;;;;;;;;;;1;2;2;;;
24/12/2018;03:50:00;21;com vítima;177,45;BR-050/MG;Sul;Capotamento;;;;;;;;;;1;0;;;;1
24/12/2018;21:22:00;132;com vítima;171,8;BR-050/MG;Norte;Colisão Traseira;1;;;1;;;;;;;3;1;;;
25/12/2018;01:40:00;16;com vítima;271,5;BR-050/GO;Sul;Colisão Lateral;2;;;;;;;;;;6;2;;;
25/12/2018;06:49:00;30;com vítima;79,04;BR-050/MG;Norte;Capotamento;1;;;;;;;;;;1;1;;1;
25/12/2018;14:15:00;67;sem vítima;176;BR-050/MG;Norte;Choque - Defensa, barreira ou meio fio;1;;;;;;;;;;3;;;;
25/12/2018;14:22:00;68;sem vítima;157;BR-050/MG;Norte;Colisão Transversal;1;;1;;;;;;;;6;;;;
25/12/2018;21:14:00;136;sem vítima;54,2;BR-050/MG;Norte;Choque - Defensa, barreira ou meio fio;1;;;;;;;;;;1;;;;
26/12/2018;06:17:00;26;com vítima;157;BR-050/MG;Sul;Colisão Frontal;1;;;;;;;;;1;2;3;;;
26/12/2018;06:23:00;27;sem vítima;33,65;BR-050/MG;Norte;Saida de Pista;1;;;;;;;;;;1;;;;