data;horario;n_da_ocorrencia;tipo_de_ocorrencia;km;trecho;sentido;tipo_de_acidente;automovel;bicicleta;caminhao;moto;onibus;outros;tracao_animal;transporte_de_cargas_especiais;trator_maquinas;utilitarios;ilesos;levemente_feridos;moderadamente_feridos;gravemente_feridos;mortos
29/06/2019;09:11:44;43;sem vítima;286,7;BR-050/GO;Norte;Colisão Traseira;2;;;;;;;;;;6;;;;
29/06/2019;09:30:37;46;com vítima;17,9;Contorno;Norte;Choque - Veiculo parado no acostamento;1;1;;;;;;;;;1;1;;;
29/06/2019;12:33:29;71;sem vítima;313,4;BR-050/GO;Sul;Colisão Transversal;1;;1;;;;;;;;5;;;;
30/06/2019;05:26:33;22;com vítima;279,95;BR-050/GO;Norte;Colisão Frontal;1;;;1;1;;;;;;2;;;;1
30/06/2019;14:18:14;96;com vítima;96,05;BR-050/GO;Norte;Atropelamento - Ciclista;1;1;;;;;;;;;1;;1;;
30/06/2019;15:47:07;112;com vítima;174,2;BR-050/MG;Sul;Choque - Suporte de Sinalização;1;;;;;;;;;;2;1;;;
30/06/2019;16:27:59;123;sem vítima;148,2;BR-050/MG;Sul;Saida de Pista;1;;;;;;;;;;1;;;;
02/09/2019;22:52:38;181;sem vítima;123,8;BR-050/MG;Norte;Choque - Elemento de Drenagem;1;;;;;;;;;;2;;;;
05/09/2019;06:27:22;25;com vítima;184,34;BR-050/GO;Sul;Capotamento;1;;;;;;;;;;0;;;1;
05/09/2019;14:08:16;107;sem vítima;283;BR-050/GO;Norte;Colisão Transversal;;;1;;;;;;;1;2;;;;
05/09/2019;19:47:19;173;sem vítima;132;BR-050/MG;Norte;Colisão Traseira;1;;1;;;;;;;;2;;;;
05/09/2019;21:35:18;179;sem vítima;12,5;BR-050/MG;Sul;Colisão Traseira;1;;;;;;;;;1;3;;;;
06/09/2019;03:48:03;15;sem vítima;185,8;BR-050/GO;Norte;Saida de Pista;1;;;;;;;;;;1;;;;
06/09/2019;11:39:00;81;com vítima;78,9;BR-050/MG;Sul;Tombamento;;;1;;;;;;;;1;1;;;
06/09/2019;12:39:20;90;sem vítima;51,9;BR-050/MG;Sul;Engavetamento;2;;;;;1;;;;;4;;;;
07/09/2019;19:31:37;149;sem vítima;266,65;BR-050/GO;Sul;Capotamento;1;;;;;;;;;;1;;;;
07/09/2019;21:43:50;163;com vítima;111,2;BR-050/GO;Norte;Capotamento;1;;;;;;;;;;0;2;;;
08/09/2019;04:24:33;10;com vítima;36,7;BR-050/MG;Sul;Choque - Elemento de Drenagem;1;;;;;;;;;;0;2;;;
08/09/2019;09:36:20;35;com vítima;217,28;BR-050/GO;Norte;Capotamento;1;;;;;;;;;;1;2;;;
08/09/2019;10:37:26;41;com vítima;136;BR-050/MG;Norte;Choque - Veiculo parado na pista;;;;;;1;;;;1;1;1;;;
08/09/2019;11:18:12;47;sem vítima;182,15;BR-050/MG;Norte;Colisão Traseira;1;;;;;;;;;1;2;;;;
08/09/2019;19:31:17;129;sem vítima;20;Contorno;Sul;Capotamento;1;;;;;;;;;;1;;;;
08/09/2019;21:00:38;142;com vítima;280,3;BR-050/GO;Norte;Colisão Transversal;1;;1;;;;;;;;5;1;;;
10/09/2019;11:13:47;76;sem vítima;126,06;BR-050/MG;Norte;Tombamento;;;1;;;;;;;;2;;;;
11/09/2019;16:28:54;137;sem vítima;177,7;BR-050/MG;Norte;Colisão Traseira;1;;;;;1;;;;;2;;;;
12/09/2019;12:51:48;103;sem vítima;13,8;BR-050/MG;Norte;Colisão Traseira;1;;1;;;;;;;;5;;;;
12/09/2019;14:11:24;113;sem vítima;48;BR-050/MG;Norte;Saida de Pista;1;;;;;;;;;;1;;;;
12/09/2019;20:30:54;178;com vítima;126,3;BR-050/MG;Norte;Capotamento;1;;;;;;;;;;0;1;;;
13/09/2019;05:59:27;25;sem vítima;81;BR-050/MG;Sul;Atropelamento de Animal;1;;;;;;;;;;1;;;;
13/09/2019;07:15:11;35;com vítima;169,8;BR-050/MG;Norte;Choque - Defensa, barreira ou meio fio;;;;1;;;;;;;0;2;;;
13/09/2019;08:08:08;45;com vítima;169,64;BR-050/MG;Sul;Colisão Lateral;;;1;;;;;;;1;3;1;;;
13/09/2019;22:52:32;195;sem vítima;95,8;BR-050/GO;Norte;Saida de Pista;1;;;;;;;;;;2;;;;
14/09/2019;07:53:13;21;sem vítima;31,422;BR-050/MG;Norte;Queda de Moto;;;;1;;;;;;;2;;;;
14/09/2019;10:36:14;46;sem vítima;3,05;Contorno;Sul;Saida de Pista;1;;;;;1;;;;;2;;;;
14/09/2019;11:12:24;50;sem vítima;188,4;BR-050/GO;Sul;Colisão Traseira;;;1;;;;;;;1;3;;;;
14/09/2019;15:07:06;81;com vítima;157,33;BR-050/GO;Norte;Choque - Elemento de Drenagem;1;;;;;;;;;;1;1;;;
15/09/2019;01:08:32;8;sem vítima;12,7;Contorno;Norte;Choque - Defensa, barreira ou meio fio;1;;;;;;;;;;1;;;;
15/09/2019;06:04:32;23;com vítima;209,5;BR-050/GO;Norte;Choque - Suporte de Sinalização;1;;;;;;;;;;0;1;;;
15/09/2019;16:43:09;103;com vítima;78,1;BR-050/MG;Sul;Colisão Traseira;2;;;;;;;;;;3;2;;;
16/09/2019;05:19:18;19;com vítima;11;Contorno;Norte;Atropelamento de Animal;1;;;;;;;;;;2;1;;;
16/09/2019;15:31:01;98;com vítima;157,1;BR-050/MG;Sul;Colisão Traseira;1;;;;;1;;;;;2;1;;;
17/09/2019;06:58:00;27;com vítima;262,5;BR-050/GO;Norte;Colisão Traseira;1;;2;;;;;;;;1;2;;;
17/09/2019;18:31:16;160;sem vítima;0,95;Contorno;Sul;Colisão Traseira;1;;;;;1;;;;;3;;;;
18/09/2019;14:38:58;90;com vítima;173,95;BR-050/MG;Norte;Queda de Moto;;;;1;;;;;;;0;2;;;
20/09/2019;13:43:59;108;com vítima;107,62;BR-050/MG;Norte;Capotamento;;;1;;;;;;;;0;1;;;
20/09/2019;16:47:06;153;sem vítima;97,8;BR-050/GO;Sul;Colisão Transversal;2;;;;;;;;;;3;;;;
20/09/2019;17:52:38;173;sem vítima;176,5;BR-050/MG;Sul;Colisão Lateral;2;;;;;;;;;;3;;;;
20/09/2019;18:31:32;179;sem vítima;180;BR-050/MG;Norte;Colisão Traseira;1;;1;;;;;;;;3;;;;
21/09/2019;08:13:56;46;com vítima;8,33;Contorno;Sul;Queda de Ciclista;;1;;;;;;;;;0;;1;;
22/09/2019;15:40:32;84;com vítima;80;BR-050/MG;Sul;Capotamento;1;;;;;;;;;;2;;;1;
22/09/2019;16:34:38;95;com vítima;293,53;BR-050/GO;Norte;Colisão Traseira;;;;1;;1;;;;;1;1;;;
22/09/2019;16:44:00;100;sem vítima;196,25;BR-050/GO;Norte;Saida de Pista;;;1;;;;;;;;1;;;;
22/09/2019;20:10:58;134;sem vítima;29;BR-050/MG;Norte;Choque - Defensa, barreira ou meio fio;;;;;;;;;;1;2;;;;
22/09/2019;20:18:36;136;com vítima;101,3;BR-050/GO;Sul;Capotamento;1;;;;;;;;;;0;2;1;;
22/09/2019;20:49:02;142;sem vítima;29;BR-050/MG;Norte;Queda de Moto;;;;1;;;;;;;1;;;;
23/09/2019;13:17:00;81;sem vítima;20,08;BR-050/MG;Norte;Saida de Pista;;;;;;;;;;1;1;;;;
23/09/2019;13:47:29;88;com vítima;261,115;BR-050/GO;Norte;Choque - Suporte de Sinalização;;;;;;;;;;1;0;1;;;
23/09/2019;18:37:27;141;sem vítima;171,8;BR-050/MG;Norte;Tombamento;;;1;;;;;;;;1;;;;
23/09/2019;19:04:21;146;sem vítima;59,2;BR-050/MG;Norte;Colisão Lateral;1;;;;;1;;;;;2;;;;
23/09/2019;21:49:25;163;com vítima;43,4;BR-050/MG;Norte;Colisão Lateral;;;2;;;;;;;;1;;1;;
23/09/2019;22:57:29;168;sem vítima;9,8;BR-050/MG;Norte;Choque - Elemento de Drenagem;;;;;;;;;;1;1;;;;
24/09/2019;13:15:34;82;com vítima;57,55;BR-050/MG;Sul;Colisão Traseira;;;2;;;;;;;;1;1;;;
24/09/2019;17:29:21;122;com vítima;195;BR-050/MG;Sul;Colisão Traseira;;;1;;;;;;;1;7;1;;;
24/09/2019;20:53:30;149;sem vítima;132,05;BR-050/MG;Sul;Choque - Talude;;;1;;;;;;;;1;;;;
25/09/2019;00:02:01;1;com vítima;170;BR-050/MG;Sul;Colisão Traseira;;;2;;;;;;;;1;1;;;
25/09/2019;05:24:34;30;com vítima;55,51;BR-050/MG;Norte;Colisão Lateral;;;1;1;;;;;;;1;2;;;
25/09/2019;08:19:56;53;sem vítima;29,74;BR-050/MG;Norte;Choque - Defensa, barreira ou meio fio;1;;;;;;;;;;1;;;;
25/09/2019;11:08:54;81;com vítima;29,75;BR-050/MG;Norte;Choque - Defensa, barreira ou meio fio;1;;;;;;;;;;1;1;;;
25/09/2019;17:41:09;147;sem vítima;116,5;BR-050/MG;Sul;Choque - Defensa, barreira ou meio fio;1;;;;;;;;;;3;;;;
25/09/2019;18:50:32;157;sem vítima;312,8;BR-050/GO;Sul;Colisão Lateral;;;1;;;;;;;1;2;;;;
26/09/2019;06:23:52;23;sem vítima;170,2;BR-050/GO;Norte;Saida de Pista;;;1;;;;;;;;2;;;;
26/09/2019;14:17:18;103;com vítima;193,1;BR-050/MG;Sul;Colisão Traseira;;;2;;;;;;;;1;;1;;
26/09/2019;22:33:49;177;com vítima;95,7;BR-050/GO;Sul;Queda de Moto;;;;1;;;;;;;0;1;;;
28/09/2019;02:45:40;15;sem vítima;244,3;BR-050/GO;Sul;Choque - Defensa, barreira ou meio fio;1;;;;;;;;;;2;;;;
28/09/2019;16:24:58;91;com vítima;178,19;BR-050/MG;Sul;Choque - Objeto sobre a pista;;;;1;;;;;;;0;1;;;
29/09/2019;03:42:48;23;sem vítima;154,3;BR-050/MG;Norte;Choque - Arvore;;;;1;;;;;;;1;;;;
29/09/2019;09:01:00;42;com vítima;102,7;BR-050/GO;Norte;Tombamento;1;;;;;;;;;;0;1;;;
29/09/2019;15:28:39;81;com vítima;188,5;BR-050/MG;Norte;Queda de Moto;;;;1;;;;;;;0;1;;;
29/09/2019;20:25:22;130;sem vítima;143,5;BR-050/MG;Sul;Saida de Pista;1;;;;;;;;;;5;;;;
30/09/2019;04:18:51;14;sem vítima;296,3;BR-050/GO;Norte;Saida de Pista;1;;;;;;;;;;1;;;;
30/09/2019;11:56:15;64;com vítima;268,4;BR-050/GO;Sul;Tombamento;1;;;;;;;;;;0;1;;;
30/09/2019;15:38:09;100;com vítima;268;BR-050/GO;Sul;Capotamento;1;;;;;;;;;;0;1;;;
30/09/2019;16:54:20;122;com vítima;280;BR-050/GO;Sul;Atropelamento - Ciclista;;1;;;;;;;;1;1;1;;;
01/08/2019;05:21:33;12;sem vítima;272;BR-050/GO;Sul;Saida de Pista;;;;;;;;;;1;2;;;;
01/08/2019;05:26:41;13;com vítima;173,5;BR-050/MG;Norte;Capotamento;1;;;;;;;;;;0;2;;;
01/08/2019;23:53:11;183;sem vítima;102,7;BR-050/GO;Sul;Capotamento;;;;;;;;;;1;1;;;;
02/08/2019;20:46:03;165;com vítima;192,9;BR-050/MG;Sul;Colisão Lateral;;;1;;;;;;;1;1;1;;;
03/08/2019;01:35:10;12;sem vítima;169,65;BR-050/MG;Sul;Atropelamento de Animal;;;;;1;;;;;;8;;;;
03/08/2019;04:23:03;19;sem vítima;21;Contorno;Norte;Capotamento;1;;;;;;;;;;1;;;;
03/08/2019;04:57:46;24;com vítima;233,65;BR-050/GO;Norte;Colisão Traseira;;;1;;1;;;;;;25;1;;;
03/08/2019;20:56:31;133;com vítima;27,86;BR-050/MG;Norte;Choque - Talude;1;;;;;;;;;;0;;;;1
04/08/2019;06:41:06;21;com vítima;33,8;BR-050/MG;Sul;Choque - Arvore;1;;;;;;;;;;0;;1;;
04/08/2019;11:22:39;55;com vítima;208,7;BR-050/GO;Sul;Queda de Moto;;;;1;;;;;;;0;2;;;
04/08/2019;16:22:21;90;com vítima;45;BR-050/MG;Sul;Colisão Lateral;1;;1;;;;;;;;1;;1;;
04/08/2019;16:29:02;92;sem vítima;45,1;BR-050/MG;Sul;Colisão Lateral;;;;;;1;;;;1;4;;;;
04/08/2019;18:36:26;112;sem vítima;207,2;BR-050/GO;Sul;Atropelamento de Animal;;;;;;;;;;1;1;;;;
04/08/2019;20:16:07;127;com vítima;207,5;BR-050/GO;Sul;Queda de Moto;;;;1;;;;;;;0;1;;;
05/08/2019;06:43:11;17;com vítima;11,9;Contorno;Norte;Queda de Moto;;;;;;1;;;;;1;1;;;
05/08/2019;07:28:55;21;sem vítima;105;BR-050/MG;Norte;Choque - Obstáculo Fixo;1;;;;;;;;;;1;;;;
05/08/2019;18:49:28;122;com vítima;54,3;BR-050/MG;Sul;Queda de Moto;;;;1;;;;;;;0;1;;;
06/08/2019;06:47:14;22;sem vítima;203,72;BR-050/MG;Sul;Choque - Talude;1;;;;;;;;;;1;;;;
06/08/2019;07:42:54;30;sem vítima;199,28;BR-050/MG;Sul;Choque - Defensa, barreira ou meio fio;;;1;;;;;;;;1;;;;
06/08/2019;13:09:28;85;sem vítima;177;BR-050/MG;Norte;Choque - Defensa, barreira ou meio fio;1;;;;;1;;;;;3;;;;
06/08/2019;16:26:46;112;sem vítima;124,36;BR-050/MG;Norte;Choque - Defensa, barreira ou meio fio;1;;;;;;;;;;1;;;;
06/08/2019;17:26:29;120;sem vítima;34;BR-050/MG;Sul;Colisão Traseira;2;;;;;;;;;;4;;;;
06/08/2019;17:39:40;123;sem vítima;96;BR-050/GO;Sul;Colisão Lateral;;;1;;1;;;;;;2;;;;
07/08/2019;07:54:22;37;sem vítima;77,3;BR-050/MG;Norte;Choque - Veiculo parado na pista;1;;;;;;;;;1;3;;;;
07/08/2019;12:21:00;84;sem vítima;214,6;BR-050/GO;Sul;Choque - Elemento de Drenagem;;;1;;;;;;;;1;;;;
07/08/2019;12:50:35;87;com vítima;272;BR-050/GO;Norte;Tombamento;;;1;;;;;;;;0;1;;;
07/08/2019;16:17:33;124;sem vítima;118,78;BR-050/MG;Norte;Colisão Traseira;;;2;;;;;;;;2;;;;
08/08/2019;06:35:00;24;com vítima;280;BR-050/GO;Sul;Colisão Transversal;1;;;1;;;;;;;1;1;;;
08/08/2019;08:13:57;35;sem vítima;6,38;BR-050/MG;Sul;Tombamento;;;1;;;;;;;;2;;;;
08/08/2019;17:32:35;123;sem vítima;248;BR-050/GO;Sul;Choque - Talude;;;1;;;;;;;;2;;;;
08/08/2019;22:37:39;157;sem vítima;118,95;BR-050/GO;Norte;Colisão Traseira;;;2;;;;;;;;2;;;;
09/08/2019;08:23:37;39;sem vítima;29,94;BR-050/MG;Sul;Colisão Traseira;2;;;;;;;;;;4;;;;
10/08/2019;17:41:10;141;sem vítima;55,46;BR-050/MG;Norte;Choque - Suporte de Sinalização;1;;;;;;;;;;1;;;;
10/08/2019;22:52:42;178;com vítima;22;BR-050/MG;Norte;Queda de Moto;;;;1;;;;;;;1;1;;;
11/08/2019;02:26:04;10;sem vítima;258,05;BR-050/GO;Sul;Saida de Pista;;;1;;;;;;;;1;;;;
11/08/2019;21:00:57;145;com vítima;41,025;BR-050/MG;Sul;Choque - Defensa, barreira ou meio fio;;;;;;;;;;1;2;1;;;
12/08/2019;05:27:37;22;sem vítima;43,3;BR-050/MG;Norte;Choque - Elemento de Drenagem;1;;;;;;;;;;1;;;;
12/08/2019;06:35:09;28;com vítima;171,7;BR-050/MG;Norte;Queda de Ciclista;;1;;;;;;;;;0;1;;;
12/08/2019;13:50:21;79;com vítima;139,4;BR-050/MG;Sul;Capotamento;;;;;;;;;;1;1;1;;;
12/08/2019;14:43:18;90;sem vítima;157,78;BR-050/MG;Norte;Choque - Suporte de Sinalização;;;;;;;;;;1;1;;;;
13/08/2019;13:39:44;92;com vítima;313,4;BR-050/GO;Sul;Colisão Transversal;;;1;;;;;;;1;2;1;1;;
14/08/2019;08:28:36;44;com vítima;45,4;BR-050/MG;Sul;Queda de Ciclista;;1;;;;;;;;;0;1;;;
14/08/2019;19:01:03;159;sem vítima;279;BR-050/GO;Sul;Colisão Lateral;;;1;;;;;;;1;2;;;;
14/08/2019;19:07:49;161;sem vítima;278;BR-050/GO;Sul;Colisão Traseira;;;2;;;;;;;;2;;;;
15/08/2019;00:11:13;3;sem vítima;81,8;BR-050/MG;Norte;Colisão Traseira;;;1;;;;;;;1;2;;;;
15/08/2019;11:46:41;73;com vítima;133,5;BR-050/MG;Norte;Saida de Pista;;;;;;;;;;1;0;1;;;
15/08/2019;18:49:53;140;com vítima;169;BR-050/MG;Sul;Colisão Lateral;;;2;;;;;;;;1;1;;;
16/08/2019;01:57:44;8;sem vítima;81,5;BR-050/MG;Norte;Colisão Traseira;;;2;;;;;;;;3;;;;
16/08/2019;13:20:00;97;com vítima;162;BR-050/GO;Sul;Tombamento;;;1;;;;;;;;0;1;;;
16/08/2019;18:20:37;146;sem vítima;15;Contorno;Sul;Tombamento;;;1;;;;;;;;1;;;;
17/08/2019;06:44:01;29;sem vítima;202,92;BR-050/GO;Sul;Choque - Defensa, barreira ou meio fio;1;;;;;;;;;;6;;;;
17/08/2019;15:00:48;97;sem vítima;29,05;BR-050/MG;Sul;Queda de Moto;;;;1;;;;;;;1;;;;
17/08/2019;19:14:13;137;com vítima;179,1;BR-050/MG;Sul;Queda de Moto;;;;1;;;;;;;0;1;;;
18/08/2019;04:32:13;21;sem vítima;16;Contorno;Norte;Choque - Defensa, barreira ou meio fio;1;;;;;;;;;;3;;;;
18/08/2019;09:12:09;39;sem vítima;29;BR-050/MG;Norte;Queda de Moto;;;;1;;;;;;;1;;;;
18/08/2019;20:25:14;141;com vítima;119,1;BR-050/GO;Norte;Capotamento;1;;;;;;;;;;1;2;;;
19/08/2019;07:54:23;37;com vítima;20,09;Contorno;Sul;Colisão Lateral;;;;1;;1;;;;;1;1;;;
19/08/2019;16:40:00;124;sem vítima;174;BR-050/MG;Sul;Colisão Traseira;1;;;;;;;;;1;2;;;;
20/08/2019;11:58:10;94;sem vítima;100,725;BR-050/GO;Norte;Saida de Pista;;;;;;;;;;1;2;;;;
20/08/2019;18:29:53;174;com vítima;283;BR-050/GO;Sul;Colisão Transversal;1;;;1;;;;;;;1;1;;;
20/08/2019;18:58:25;180;sem vítima;281,5;BR-050/GO;Norte;Colisão Traseira;1;;;;;;;;;1;5;;;;
21/08/2019;01:58:07;12;com vítima;177,02;BR-050/GO;Norte;Capotamento;1;;;;;;;;;;1;1;;;
21/08/2019;17:46:56;142;com vítima;11,64;BR-050/MG;Sul;Queda de Moto;;;;1;;;;;;;0;1;;;
22/08/2019;04:17:48;20;sem vítima;168,35;BR-050/GO;Norte;Atropelamento de Animal;;;1;;;;;;;;1;;;;
22/08/2019;04:52:41;25;sem vítima;169,8;BR-050/GO;Norte;Atropelamento de Animal;;;1;;;;;;;;1;;;;
22/08/2019;07:00:59;29;com vítima;8;Contorno;Sul;Atropelamento - Pedestre;;;;;;;;;;;0;;1;;
22/08/2019;14:24:26;114;sem vítima;29,72;BR-050/MG;Norte;Choque - Defensa, barreira ou meio fio;1;;;;;;;;;;1;;;;
23/08/2019;19:15:17;160;sem vítima;18;Contorno;Norte;Colisão Lateral;3;;;;;;;;;;3;;;;
24/08/2019;07:20:50;17;com vítima;151,66;BR-050/MG;Sul;Colisão Traseira;;;2;;;;;;;;1;1;;;
24/08/2019;08:24:03;28;com vítima;195,35;BR-050/GO;Norte;Tombamento;;;1;;;;;;;;0;;1;;
24/08/2019;20:27:19;135;sem vítima;119;BR-050/MG;Norte;Colisão Transversal;1;;1;;;;;;;;2;;;;
25/08/2019;19:19:33;118;com vítima;25,5;BR-050/MG;Norte;Choque - Elemento de Drenagem;1;;;;;;;;;;0;;1;;
25/08/2019;22:05:14;134;com vítima;174,5;BR-050/MG;Norte;Colisão Lateral;1;;;1;;;;;;;2;1;;;
26/08/2019;05:05:49;18;com vítima;103,3;BR-050/GO;Norte;Atropelamento - Sem Informação;1;;;;;;;;;;2;;;;1
26/08/2019;05:49:03;21;com vítima;169,45;BR-050/MG;Norte;Atropelamento - Pedestre;;;;1;;;;;;;0;;;1;1
27/08/2019;13:08:00;108;sem vítima;276,5;BR-050/GO;Norte;Colisão Transversal;1;;1;;;;;;;;2;;;;
28/08/2019;09:20:13;53;sem vítima;51,6;BR-050/MG;Norte;Colisão Lateral;1;;;;;;;;;1;2;;;;
28/08/2019;23:50:59;166;sem vítima;52;BR-050/MG;Sul;Choque - Elemento de Drenagem;;;;;;;;;;1;1;;;;
29/08/2019;16:41:19;115;com vítima;176,6;BR-050/MG;Norte;Queda de Moto;;;;1;;;;;;;0;1;;;
29/08/2019;22:27:40;153;sem vítima;46,8;BR-050/MG;Norte;Colisão Traseira;1;;1;;;;;;;;2;;;;
30/08/2019;07:56:00;40;sem vítima;179,4;BR-050/MG;Norte;Colisão Traseira;;;;1;;1;;;;;3;;;;
30/08/2019;12:10:16;80;sem vítima;152,05;BR-050/GO;Norte;Saida de Pista;;;1;;;;;;;;2;;;;
30/08/2019;12:27:56;82;com vítima;244,2;BR-050/GO;Sul;Tombamento;;;1;;;;;;;;0;1;;;
30/08/2019;16:05:31;118;sem vítima;283;BR-050/GO;Sul;Colisão Transversal;2;;;;;;;;;;4;;;;
30/08/2019;17:32:57;137;sem vítima;188,3;BR-050/MG;Sul;Engavetamento;3;;;;1;;;;;;16;;;;
30/08/2019;20:49:31;168;sem vítima;207,3;BR-050/GO;Sul;Tombamento;;;1;;;;;;;;1;;;;
31/08/2019;09:16:00;43;sem vítima;105;BR-050/MG;Norte;Colisão Traseira;2;;;;;;;;;;2;;;;
31/08/2019;12:14:00;72;com vítima;310,79;BR-050/GO;Sul;Colisão Frontal;1;;1;;;;;;;;1;;;;1
31/08/2019;21:36:24;176;com vítima;56;BR-050/MG;Norte;Capotamento;;;1;;;;;;;;0;;;;1
01/07/2019;07:27:47;31;com vítima;142,86;BR-050/MG;Sul;Tombamento;;;;;;;;;;1;0;3;;;
01/07/2019;10:07:18;68;sem vítima;118,01;BR-050/MG;Norte;Colisão Lateral;;;1;;;;;;;1;5;;;;
02/07/2019;17:55:21;111;com vítima;171;BR-050/MG;Norte;Colisão Traseira;1;;1;;;;;;;;1;1;;;
04/07/2019;12:05:44;100;com vítima;25,4;BR-050/MG;Sul;Queda de Moto;;;;1;;;;;;;1;1;;;
04/07/2019;22:30:54;187;sem vítima;54,5;BR-050/MG;Sul;Tombamento;;;1;;;;;;;;1;;;;
05/07/2019;00:47:33;5;sem vítima;52,15;BR-050/MG;Norte;Colisão Traseira;1;;;;;1;;;;;2;;;;
06/07/2019;00:19:32;3;sem vítima;125,1;BR-050/MG;Norte;Saida de Pista;1;;;;;;;;;;1;;;;
06/07/2019;01:16:07;10;sem vítima;99,5;BR-050/MG;Sul;Colisão Lateral;;;1;;1;;;;;;30;;;;
06/07/2019;20:40:38;156;com vítima;157;BR-050/MG;Norte;Colisão Frontal;1;;1;;;;;;;;1;1;;;
07/07/2019;00:24:22;1;sem vítima;177;BR-050/MG;Sul;Choque - Obstáculo Fixo;;;;;;;;;;1;1;;;;
07/07/2019;16:44:14;112;sem vítima;180;BR-050/MG;Norte;Colisão Traseira;2;;;;;;;;;;6;;;;
07/07/2019;17:17:58;119;sem vítima;174;BR-050/MG;Sul;Choque - Defensa, barreira ou meio fio;1;;;;;;;;;;2;;;;
07/07/2019;17:19:51;120;com vítima;77,3;BR-050/MG;Norte;Choque - Defensa, barreira ou meio fio;2;;;;;;;;;;1;4;;;
08/07/2019;01:13:43;9;com vítima;103,48;BR-050/MG;Sul;Capotamento;1;;;;;;;;;;0;1;;;
08/07/2019;12:27:29;104;sem vítima;198;BR-050/MG;Norte;Colisão Traseira;1;;;;;;;;;1;7;;;;
08/07/2019;16:45:34;143;sem vítima;158,4;BR-050/MG;Norte;Colisão Traseira;1;;;;;;;;;1;2;;;;
08/07/2019;18:02:46;165;com vítima;171,5;BR-050/MG;Sul;Atropelamento - Ciclista;;1;;;;1;;;;;0;2;;;
08/07/2019;20:24:04;191;com vítima;234,5;BR-050/GO;Norte;Colisão Traseira;;;1;;;1;;;;1;3;;;1;
09/07/2019;13:00:33;83;sem vítima;278;BR-050/GO;Norte;Colisão Traseira;;;;2;;;;;;;2;;;;
10/07/2019;05:53:03;22;sem vítima;106,6;BR-050/MG;Sul;Choque - Elemento de Drenagem;;;1;;;;;;;;1;;;;
11/07/2019;03:19:40;23;sem vítima;62,55;BR-050/MG;Sul;Tombamento;;;1;;;;;;;;1;;;;
11/07/2019;06:33:55;34;com vítima;62,92;BR-050/MG;Norte;Atropelamento de Animal;;;;1;;;;;;;0;1;;;
11/07/2019;09:57:00;67;com vítima;99,9;BR-050/GO;Sul;Colisão Transversal;1;;;;;;;;;1;5;1;;;
11/07/2019;13:27:37;109;com vítima;97,8;BR-050/GO;Norte;Capotamento;2;;;;;;;;;;1;1;;;
11/07/2019;19:43:58;183;com vítima;281;BR-050/GO;Sul;Colisão Transversal;1;;1;;;;;;;;1;1;;;
12/07/2019;00:47:54;7;com vítima;113;BR-050/MG;Norte;Colisão Traseira;;;2;;;;;;;;1;1;;;
13/07/2019;05:32:10;18;sem vítima;263,2;BR-050/GO;Sul;Capotamento;1;;;;;;;;;;2;;;;
13/07/2019;09:00:47;40;sem vítima;150;BR-050/GO;Norte;Colisão Traseira;;;2;;;;;;;;2;;;;
13/07/2019;11:51:18;61;sem vítima;77,36;BR-050/MG;Sul;Colisão Traseira;1;;;;;1;;;;1;3;;;;
13/07/2019;16:21:15;116;sem vítima;10,24;BR-050/MG;Norte;Queda de Moto;;;;1;;;;;;;2;;;;
14/07/2019;09:58:11;42;sem vítima;159,85;BR-050/MG;Sul;Choque - Suporte de Sinalização;1;;;;;;;;;;1;;;;
15/07/2019;10:45:58;80;sem vítima;174,98;BR-050/MG;Norte;Choque - Defensa, barreira ou meio fio;1;;;;;;;;;;5;;;;
15/07/2019;11:26:45;83;sem vítima;117,3;BR-050/MG;Sul;Capotamento;1;;;;;;;;;;3;;;;
15/07/2019;12:06:37;94;com vítima;133;BR-050/MG;Sul;Choque - Talude;1;;;;;;;;;;0;1;;;
16/07/2019;01:06:51;11;sem vítima;303,16;BR-050/GO;Norte;Atropelamento de Animal;;;;;;;;;;1;3;;;;
17/07/2019;07:59:35;44;com vítima;21,3;Contorno;Norte;Colisão Traseira;;;;1;;1;;;;;1;;1;;
17/07/2019;09:49:44;71;sem vítima;293,58;BR-050/GO;Norte;Choque - Obstáculo Fixo;;;;;;1;;;;;1;;;;
17/07/2019;12:12:49;97;com vítima;117,95;BR-050/GO;Norte;Colisão Transversal;1;1;;;;;;;;;2;1;;;
17/07/2019;12:19:01;98;com vítima;130,42;BR-050/MG;Norte;Capotamento;1;;;;;;;;;;0;5;;;
17/07/2019;22:45:29;197;sem vítima;102,5;BR-050/GO;Norte;Choque - Arvore;1;;;;;;;;;;1;;;;
18/07/2019;16:09:35;117;sem vítima;82;BR-050/MG;Norte;Tombamento;;;1;;;;;;;;1;;;;
18/07/2019;18:30:17;145;com vítima;185;BR-050/GO;Norte;Choque - Veiculo parado no acostamento;;;;3;;;;;;;2;;1;;
19/07/2019;02:26:55;10;com vítima;179;BR-050/MG;Norte;Capotamento;;;;;;;;;;1;0;;;1;
19/07/2019;11:13:00;66;com vítima;112,75;BR-050/GO;Norte;Colisão Lateral;;;1;1;;;;;;;5;;2;;
19/07/2019;18:33:21;147;sem vítima;280,3;BR-050/GO;Norte;Colisão Transversal;;;;2;;;;;;;2;;;;