data;horario;n_da_ocorrencia;tipo_de_ocorrencia;km;trecho;sentido;tipo_de_acidente;automovel;bicicleta;caminhao;moto;onibus;outros;tracao_animal;transporte_de_cargas_especiais;trator_maquinas;utilitarios;ilesos;levemente_feridos;moderadamente_feridos;gravemente_feridos;mortos
19/07/2019;19:11:42;154;sem vítima;13,5;BR-050/MG;Sul;Atropelamento de Animal;;;;;;;;;;1;1;;;;
19/07/2019;19:14:24;155;sem vítima;29;BR-050/MG;Norte;Choque - Obstáculo Fixo;1;;;;;;;;;;1;;;;
20/07/2019;06:16:25;34;com vítima;43,2;BR-050/MG;Sul;Queda de Moto;;;;1;;;;;;;0;1;;;
20/07/2019;13:13:03;93;sem vítima;48,1;BR-050/MG;Norte;Colisão Traseira;2;;;;;;;;;;4;;;;
20/07/2019;13:21:00;96;sem vítima;47,8;BR-050/MG;Norte;Colisão Transversal;1;;;;;1;;;;;3;;;;
20/07/2019;18:56:00;147;com vítima;98,3;BR-050/GO;Sul;Atropelamento de Animal;;;;1;;;;;;;0;;1;;
20/07/2019;20:35:08;167;com vítima;177,6;BR-050/MG;Sul;Queda de Moto;;;;1;;1;;;;;1;;1;;
20/07/2019;20:54:51;169;com vítima;12,7;Contorno;Norte;Colisão Traseira;;;;1;;1;;;;;1;1;;;
20/07/2019;21:56:51;171;com vítima;8,2;Contorno;Norte;Choque - Defensa, barreira ou meio fio;1;;;;;;;;;;1;1;;;
21/07/2019;11:21:42;60;sem vítima;16,89;BR-050/MG;Norte;Choque - Defensa, barreira ou meio fio;1;;;;;;;;;;2;;;;
21/07/2019;14:29:17;87;com vítima;28,9;BR-050/MG;Sul;Choque - Defensa, barreira ou meio fio;;;;1;;;;;;;0;1;;;
21/07/2019;14:47:08;90;sem vítima;28,95;BR-050/MG;Sul;Queda de Moto;;;;1;;;;;;;1;;;;
22/07/2019;09:02:41;44;com vítima;20,46;Contorno;Norte;Colisão Traseira;2;;;;;;;;;;2;1;;;
22/07/2019;14:31:24;102;com vítima;268,65;BR-050/GO;Sul;Capotamento;1;;;;;;;;;;0;1;2;;
22/07/2019;16:41:20;125;com vítima;216,7;BR-050/GO;Sul;Queda de Moto;;;;1;;;;;;;0;1;;;
22/07/2019;17:32:24;136;com vítima;60,15;BR-050/MG;Sul;Colisão Traseira;;;1;1;;;;;;;1;1;;;
22/07/2019;18:15:17;142;com vítima;275,9;BR-050/GO;Norte;Choque - Defensa, barreira ou meio fio;1;;;;;;;;;;0;1;;;
23/07/2019;05:52:52;28;com vítima;183;BR-050/MG;Sul;Capotamento;1;;;;;;;;;;1;1;;;
23/07/2019;06:38:47;33;sem vítima;198;BR-050/MG;Sul;Colisão Lateral;;;1;;;;;;;1;4;;;;
23/07/2019;15:50:43;139;com vítima;55,73;BR-050/MG;Sul;Capotamento;1;;;;;;;;;;0;1;;;
24/07/2019;17:42:17;131;com vítima;111,338;BR-050/MG;Norte;Capotamento;1;;;;;;;;;;0;2;;;
24/07/2019;18:17:52;135;sem vítima;51,4;BR-050/MG;Sul;Colisão Traseira;2;;;;;;;;;;2;;;;
25/07/2019;11:36:23;79;com vítima;201,38;BR-050/MG;Sul;Atropelamento - Morador;1;;;;;;;;;;4;;;1;
25/07/2019;14:01:35;103;sem vítima;14,1;BR-050/MG;Norte;Choque - Obstáculo Fixo;;;1;;;;;;;;1;;;;
25/07/2019;15:16:55;113;sem vítima;177;BR-050/MG;Norte;Queda de Moto;;;;1;;;;;;;2;;;;
25/07/2019;15:27:16;115;com vítima;177;BR-050/MG;Norte;Queda de Moto;;;;1;;;;;;;0;1;;;
25/07/2019;15:27:30;116;com vítima;177;BR-050/MG;Norte;Queda de Moto;;;;1;;;;;;;0;1;;;
26/07/2019;00:11:49;2;sem vítima;83,8;BR-050/MG;Sul;Colisão Traseira;;;2;;;;;;;;2;;;;
26/07/2019;01:03:02;8;sem vítima;2,8;BR-050/MG;Sul;Saida de Pista;;;;;;;;;;1;2;;;;
26/07/2019;07:16:36;38;sem vítima;29,1;BR-050/MG;Norte;Choque - Elemento de Drenagem;1;;;;;1;;;;;3;;;;
26/07/2019;19:49:34;158;sem vítima;41,65;BR-050/MG;Sul;Colisão Traseira;1;;1;;;;;;;;8;;;;
27/07/2019;16:01:03;99;com vítima;201,46;BR-050/MG;Sul;Choque - Arvore;1;;;;;;;;;;3;1;;;
27/07/2019;16:36:05;104;com vítima;245,45;BR-050/GO;Norte;Capotamento;1;;;;;;;;;;2;;1;;
28/07/2019;00:03:51;1;sem vítima;179;BR-050/MG;Norte;Choque - Defensa, barreira ou meio fio;1;;;;;;;;;;1;;;;
28/07/2019;05:00:58;20;com vítima;207;BR-050/MG;Norte;Colisão Traseira;2;;;;;;;;;;2;1;;;
28/07/2019;14:08:42;78;sem vítima;260,7;BR-050/GO;Sul;Choque - Obstáculo Fixo;;;;;;;;;;1;2;;;;
28/07/2019;16:41:16;99;com vítima;99,8;BR-050/GO;Norte;Colisão Lateral;2;;;;;;;;;;6;1;;;
28/07/2019;17:30:37;106;com vítima;233;BR-050/GO;Sul;Colisão Traseira;1;;;;;1;;;;;2;;2;;
28/07/2019;18:50:51;116;com vítima;193,4;BR-050/GO;Norte;Saida de Pista;;;1;;;;;;;;0;1;;;
29/07/2019;01:15:07;10;com vítima;111,15;BR-050/MG;Sul;Colisão Traseira;;;2;;;;;;;;1;;1;;
29/07/2019;07:41:11;35;com vítima;42,2;BR-050/MG;Sul;Queda de Ciclista;;1;;;;;;;;;0;1;;;
29/07/2019;09:37:21;56;sem vítima;277,02;BR-050/GO;Sul;Colisão Lateral;1;;1;;;;;;;;2;;;;
29/07/2019;18:28:18;158;sem vítima;85,1;BR-050/MG;Sul;Colisão Traseira;;;;;;1;;;;1;2;;;;
30/07/2019;18:02:29;133;sem vítima;2,5;BR-050/MG;Sul;Saida de Pista;1;;;;;;;;;;1;;;;
31/07/2019;08:42:58;41;sem vítima;178,1;BR-050/MG;Norte;Colisão Lateral;2;;;;;;;;;;5;;;;
31/07/2019;18:23:42;137;sem vítima;85;BR-050/MG;Sul;Colisão Traseira;1;;;;;;;;;1;5;;;;
31/07/2019;20:01:44;162;com vítima;105,6;BR-050/GO;Norte;Colisão Lateral;;;1;;1;;;;;;17;;2;;
01/10/2019;19:24:24;158;sem vítima;178,9;BR-050/MG;Sul;Saida de Pista;1;;;;;;;;;;2;;;;
01/10/2019;20:19:44;172;sem vítima;41;BR-050/MG;Norte;Choque - Defensa, barreira ou meio fio;1;;;;;;;;;;1;;;;
02/10/2019;07:26:12;39;com vítima;282,4;BR-050/GO;Sul;Atropelamento de Animal;;;;1;;;;;;;0;1;;;
02/10/2019;09:25:00;61;com vítima;281;BR-050/GO;Norte;Colisão Transversal;2;;;;;;;;;;2;1;;;
02/10/2019;10:14:26;67;com vítima;183,5;BR-050/MG;Norte;Colisão Frontal;1;;;;;;;;;1;0;;1;1;
02/10/2019;16:44:31;127;com vítima;251,1;BR-050/GO;Norte;Capotamento;1;;;;;;;;;;0;;1;;
03/10/2019;13:41:32;125;com vítima;98,88;BR-050/MG;Norte;Tombamento;;;1;;;;;;;;1;;;;1
03/10/2019;16:08:12;144;com vítima;114,68;BR-050/MG;Sul;Capotamento;1;;;;;;;;;;0;2;;;
04/10/2019;11:07:00;68;com vítima;96,3;BR-050/GO;Sul;Colisão Lateral;2;;;;;;;;;;1;3;;;
04/10/2019;14:48:34;107;com vítima;28,1;BR-050/MG;Norte;Choque - Defensa, barreira ou meio fio;1;;;;;;;;;;0;1;;;
04/10/2019;19:43:01;177;com vítima;119;BR-050/MG;Norte;Colisão Traseira;;;2;;;;;;;;1;;;1;
05/10/2019;03:02:13;19;sem vítima;98,5;BR-050/MG;Norte;Choque - Defensa, barreira ou meio fio;1;;;;;;;;;;1;;;;
05/10/2019;03:35:21;21;sem vítima;62;BR-050/MG;Sul;Queda de Moto;;;;1;;;;;;;2;;;;
06/10/2019;03:22:33;7;com vítima;179,7;BR-050/MG;Norte;Queda de Moto;;;;1;;;;;;;0;;1;;
06/10/2019;04:02:17;12;com vítima;41;BR-050/MG;Norte;Atropelamento de Animal;;;;1;;;;;;;0;;1;;
06/10/2019;20:50:00;161;sem vítima;137,9;BR-050/MG;Sul;Choque - Elemento de Drenagem;;;1;;;;;;;;1;;;;
06/10/2019;21:49:47;167;sem vítima;186;BR-050/MG;Norte;Colisão Traseira;1;;;;;;;;;1;3;;;;
07/10/2019;02:14:58;14;com vítima;81;BR-050/MG;Norte;Colisão Traseira;1;;;;;;;;;;0;;1;;
07/10/2019;03:19:49;16;com vítima;78;BR-050/MG;Norte;Colisão Lateral;;;1;;;;;;;1;3;;1;2;
07/10/2019;04:35:46;20;com vítima;158,33;BR-050/GO;Norte;Tombamento;;;1;;;;;;;;0;1;;;
07/10/2019;06:25:37;22;sem vítima;26,4;BR-050/MG;Sul;Choque - Elemento de Drenagem;1;;;;;;;;;;1;;;;
07/10/2019;17:21:58;145;com vítima;233,501;BR-050/GO;Sul;Capotamento;1;;;;;;;;;;0;1;;;
07/10/2019;23:37:46;196;com vítima;180;BR-050/MG;Norte;Colisão Lateral;1;;;;;;;;;1;1;1;1;;
08/10/2019;00:59:45;4;sem vítima;153,5;BR-050/MG;Norte;Colisão Traseira;;;;;;1;;;;1;2;;;;
08/10/2019;08:07:51;30;sem vítima;167,2;BR-050/MG;Norte;Saida de Pista;1;;;;;;;;;;1;;;;
10/10/2019;01:29:30;10;com vítima;263,5;BR-050/GO;Norte;Choque - Elemento de Drenagem;;;;1;;;;;;;0;;1;;
10/10/2019;06:12:05;24;com vítima;177,08;BR-050/MG;Sul;Queda de Moto;;;;1;;;;;;;0;2;;;
10/10/2019;13:58:00;95;com vítima;193,221;BR-050/GO;Norte;Choque - Arvore;;;1;;;;;;;;0;1;;;
10/10/2019;21:19:41;159;sem vítima;120,4;BR-050/GO;Sul;Queda de Moto;;;;1;;;;;;;1;;;;
10/10/2019;21:52:14;163;com vítima;21;Contorno;Norte;Queda de Moto;1;;;;;;;;;;0;1;;;
11/10/2019;00:37:22;5;com vítima;280,6;BR-050/GO;Sul;Tombamento;1;;;;;;;;;;0;2;;;
11/10/2019;08:22:00;54;com vítima;146,439;BR-050/GO;Norte;Capotamento;1;;;;;;;;;;0;3;1;;
11/10/2019;12:00:13;92;com vítima;45;BR-050/MG;Sul;Colisão Traseira;1;;1;;;;;;;;3;2;;;
11/10/2019;14:31:14;116;sem vítima;169,4;BR-050/MG;Sul;Engavetamento;;;3;;;;;;;;4;;;;
11/10/2019;20:32:44;175;com vítima;117,8;BR-050/MG;Norte;Colisão Traseira;1;;1;;;;;;;;1;;;1;
12/10/2019;01:37:58;13;com vítima;151,75;BR-050/MG;Sul;Colisão Traseira;;;2;;;;;;;;1;1;;;
12/10/2019;08:55:13;64;com vítima;16,94;BR-050/MG;Norte;Tombamento;;;1;;;;;;;;0;1;;;
12/10/2019;15:30:20;121;sem vítima;222,8;BR-050/GO;Sul;Saida de Pista;;;1;;;;;;;;1;;;;
12/10/2019;21:17:38;167;sem vítima;77,3;BR-050/MG;Sul;Choque - Obstáculo Fixo;1;;;;;;;;;;2;;;;
12/10/2019;23:12:51;182;sem vítima;27,6;BR-050/MG;Sul;Choque - Elemento de Drenagem;;;1;;;;;;;;1;;;;
13/10/2019;07:12:13;27;sem vítima;206,65;BR-050/MG;Norte;Colisão Traseira;1;;;;;;;;;1;7;;;;
13/10/2019;09:03:02;38;com vítima;147,78;BR-050/MG;Norte;Capotamento;1;;;;;;;;;;0;2;;;
13/10/2019;18:54:39;127;com vítima;101,15;BR-050/GO;Norte;Colisão Traseira;2;;;1;;;;;;;3;1;;;1
13/10/2019;19:59:11;139;com vítima;280,6;BR-050/GO;Sul;Colisão Transversal;1;;1;;;;;;;;3;1;;;
13/10/2019;22:29:50;164;com vítima;134;BR-050/MG;Norte;Colisão Traseira;1;;1;;;;;;;;3;;;2;1
14/10/2019;13:43:51;76;com vítima;107,76;BR-050/MG;Sul;Capotamento;1;;;;;;;;;;0;1;;;
14/10/2019;17:11:16;95;com vítima;79,32;BR-050/MG;Sul;Queda de Moto;;;1;1;;;;;;;1;2;;;
15/10/2019;01:57:45;13;sem vítima;85,7;BR-050/MG;Norte;Colisão Traseira;;;1;;;;;;;1;3;;;;
15/10/2019;11:21:30;64;com vítima;34,2;BR-050/MG;Norte;Colisão Traseira;1;;;1;;;;;;;1;2;;;
16/10/2019;11:33:16;91;com vítima;280;BR-050/GO;Norte;Colisão Transversal;1;;;1;;;;;;;2;2;;;
16/10/2019;16:03:16;136;sem vítima;48,2;BR-050/MG;Sul;Tombamento;;;1;;;;;;;;3;;;;
16/10/2019;16:44:08;144;com vítima;81;BR-050/MG;Sul;Colisão Lateral;1;;;1;;;;;;;1;1;;;
16/10/2019;17:11:35;149;com vítima;168,98;BR-050/MG;Sul;Colisão Traseira;1;;1;;;;;;;;1;2;;;
17/10/2019;09:57:44;57;sem vítima;290;BR-050/GO;Sul;Saida de Pista;;;1;;;;;;;;1;;;;
18/10/2019;10:47:45;66;sem vítima;204,35;BR-050/MG;Sul;Choque - Defensa, barreira ou meio fio;;;;;;1;;;;1;3;;;;
18/10/2019;11:23:09;75;sem vítima;204,3;BR-050/MG;Sul;Colisão Traseira;2;;;;;;;;;;4;;;;
19/10/2019;17:44:58;125;sem vítima;265;BR-050/GO;Norte;Choque - Elemento de Drenagem;1;;;;;;;;;;1;;;;
19/10/2019;20:51:33;149;sem vítima;175;BR-050/MG;Norte;Colisão Lateral;;;1;;;;;;;1;4;;;;
20/10/2019;01:12:55;7;sem vítima;209,6;BR-050/GO;Sul;Choque - Sinalização;1;;;;;;;;;;2;;;;
20/10/2019;05:12:28;25;com vítima;174,6;BR-050/MG;Sul;Engavetamento;2;;1;;;;;;;;3;8;;;
20/10/2019;06:31:32;29;sem vítima;27,65;BR-050/MG;Sul;Choque - Defensa, barreira ou meio fio;;;1;;;;;;;;2;;;;
20/10/2019;09:44:59;50;com vítima;153,3;BR-050/GO;Norte;Queda de Moto;;;;1;;;;;;;0;1;;;
20/10/2019;10:13:51;53;com vítima;81,04;BR-050/MG;Sul;Capotamento;1;;;;;;;;;;0;1;;;
20/10/2019;11:30:10;65;com vítima;89,84;BR-050/MG;Sul;Capotamento;1;;;;;;;;;;0;2;;;
21/10/2019;03:50:22;10;sem vítima;108,3;BR-050/MG;Norte;Tombamento;;;1;;;;;;;;1;;;;
21/10/2019;09:27:34;47;com vítima;17;BR-050/MG;Norte;Capotamento;1;;;;;;;;;;0;2;;;
22/10/2019;08:13:05;23;sem vítima;39;BR-050/MG;Norte;Colisão Traseira;1;;;;;;;;;1;5;;;;
23/10/2019;02:37:35;16;sem vítima;273;BR-050/GO;Norte;Choque - Defensa, barreira ou meio fio;1;;;;;;;;;;2;;;;
23/10/2019;17:30:55;114;sem vítima;313,8;BR-050/GO;Sul;Tombamento;;;1;;;;;;;;2;;;;
23/10/2019;17:45:30;117;com vítima;174;BR-050/MG;Sul;Colisão Lateral;;1;1;;;;;;;;1;2;;;
23/10/2019;19:08:23;131;com vítima;22;BR-050/MG;Norte;Choque - Elemento de Drenagem;1;;;;;;;;;;4;1;;;
23/10/2019;21:26:15;142;com vítima;119,5;BR-050/MG;Norte;Queda de Moto;;;;1;;;;;;;0;1;;;
24/10/2019;17:44:30;108;com vítima;27,64;BR-050/MG;Sul;Colisão Lateral;;;;1;;1;;;;;1;;;1;
24/10/2019;19:58:08;136;com vítima;119;BR-050/MG;Norte;Colisão Lateral;1;;1;;;;;;;;1;;;;1
24/10/2019;21:40:24;146;com vítima;119;BR-050/MG;Norte;Colisão Traseira;;;1;;1;;;;;;2;1;;;
25/10/2019;14:11:56;111;com vítima;111,5;BR-050/MG;Norte;Choque - Defensa, barreira ou meio fio;1;;;;;;;;;;2;1;;;
25/10/2019;19:25:46;169;sem vítima;280,5;BR-050/GO;Sul;Colisão Lateral;1;;;;;;;;;1;2;;;;
26/10/2019;01:17:04;8;com vítima;148,8;BR-050/GO;Sul;Choque - Elemento de Drenagem;1;;;;;;;;;;3;1;;;
26/10/2019;06:41:36;21;sem vítima;29,6;BR-050/MG;Norte;Choque - Defensa, barreira ou meio fio;1;;;;;;;;;;5;;;;
26/10/2019;19:43:43;126;com vítima;141,2;BR-050/MG;Sul;Queda de Moto;;;;1;;;;;;;0;1;;;
27/10/2019;04:16:21;17;com vítima;36,78;BR-050/MG;Norte;Colisão Traseira;1;;;;;;;;;1;2;1;;;
27/10/2019;07:23:26;29;com vítima;81;BR-050/MG;Norte;Choque - Defensa, barreira ou meio fio;;;;1;;;;;;;0;1;;;
27/10/2019;16:36:48;93;sem vítima;53,9;BR-050/MG;Sul;Saida de Pista;1;;;;;;;;;;5;;;;
27/10/2019;16:41:49;95;com vítima;53;BR-050/MG;Sul;Choque - Talude;;;1;;;;;;;;0;;1;;
27/10/2019;16:50:09;98;sem vítima;52,95;BR-050/MG;Sul;Colisão Lateral;1;;;;;1;;;;;3;;;;
28/10/2019;10:07:40;54;com vítima;96,72;BR-050/MG;Norte;Capotamento;;;;;;;;;;1;0;1;;;
28/10/2019;13:24:31;89;sem vítima;133,8;BR-050/MG;Sul;Choque - Sinalização;1;;;;;;;;;;1;;;;
28/10/2019;19:25:48;140;com vítima;158,05;BR-050/MG;Sul;Colisão Traseira;1;;1;;;;;;;;2;4;;;
29/10/2019;08:24:44;36;sem vítima;58,61;BR-050/MG;Norte;Colisão Traseira;2;;;;;;;;;;2;;;;
29/10/2019;12:50:45;98;com vítima;64,68;BR-050/MG;Sul;Capotamento;1;;;;;1;;;;;1;1;;;
29/10/2019;12:59:35;101;sem vítima;254,38;BR-050/GO;Sul;Capotamento;1;;;;;;;;;;2;;;;
29/10/2019;13:42:18;110;sem vítima;147,16;BR-050/MG;Sul;Choque - Defensa, barreira ou meio fio;;;1;;;;;;;;2;;;;
29/10/2019;13:56:49;115;sem vítima;147,16;BR-050/MG;Sul;Choque - Elemento de Drenagem;;;1;;;;;;;;2;;;;
29/10/2019;16:16:54;138;sem vítima;147,45;BR-050/MG;Sul;Colisão Traseira;;;1;;;;;;;1;2;;;;
29/10/2019;17:48:28;155;sem vítima;147,45;BR-050/MG;Sul;Colisão Traseira;1;;1;;;;;;;;2;;;;
29/10/2019;18:35:45;161;com vítima;178,5;BR-050/MG;Norte;Engavetamento;2;;;;;;;;;1;4;1;;;
30/10/2019;06:09:43;13;sem vítima;255;BR-050/GO;Norte;Capotamento;;;;;;;;;;1;2;;;;
30/10/2019;06:52:31;16;sem vítima;50;BR-050/MG;Norte;Choque - Defensa, barreira ou meio fio;1;;;;;;;;;;1;;;;
30/10/2019;17:34:56;111;sem vítima;157;BR-050/MG;Sul;Choque - Defensa, barreira ou meio fio;1;;;;;;;;;;1;;;;
01/11/2019;01:30:11;6;com vítima;97,5;BR-050/GO;Sul;Atropelamento de Animal;1;;;;;;;;;;1;1;;;
01/11/2019;09:24:42;51;sem vítima;58,86;BR-050/MG;Sul;Saida de Pista;1;;;;;;;;;;1;;;;
01/11/2019;14:27:01;109;sem vítima;301,6;BR-050/GO;Norte;Choque - Sinalização;1;;;;;;;;;;1;;;;
01/11/2019;15:41:30;125;com vítima;10;Contorno;Sul;Choque - Sinalização;;;;;;;;;;1;5;1;;;
01/11/2019;19:41:37;176;sem vítima;85,5;BR-050/MG;Norte;Colisão Traseira;2;;1;;;;;;;;3;;;;
01/11/2019;21:32:50;188;sem vítima;292,9;BR-050/GO;Sul;Choque - Defensa, barreira ou meio fio;1;;;;;;;;;;4;;;;
02/11/2019;09:58:49;55;sem vítima;42,45;BR-050/MG;Norte;Colisão Traseira;2;;;;;;;;;;5;;;;
02/11/2019;12:35:02;81;com vítima;20;Contorno;Sul;Queda de Moto;;;;1;;;;;;;0;1;1;;
02/11/2019;15:27:31;100;com vítima;278,61;BR-050/GO;Sul;Colisão Transversal;1;;1;;;;;;;;1;3;;;
03/11/2019;03:26:46;9;sem vítima;179,4;BR-050/MG;Sul;Choque - Sinalização;1;;;;;;;;;;2;;;;
03/11/2019;13:34:33;70;sem vítima;209,5;BR-050/GO;Norte;Colisão Transversal;;;1;;;;;;;1;3;;;;
03/11/2019;22:03:33;135;com vítima;170,8;BR-050/GO;Sul;Atropelamento de Animal;1;;;;;;;;;;0;1;;;
03/11/2019;22:43:12;144;sem vítima;180;BR-050/MG;Sul;Choque - Obstáculo Fixo;1;;;;;;;;;;1;;;;
05/11/2019;09:32:48;52;sem vítima;100;BR-050/MG;Norte;Colisão Traseira;1;;1;;;;;;;;2;;;;
05/11/2019;19:11:45;128;com vítima;173;BR-050/MG;Norte;Queda de Moto;;;;1;;;;;;;1;1;;;
05/11/2019;21:31:57;136;sem vítima;81,2;BR-050/MG;Norte;Choque - Defensa, barreira ou meio fio;1;;;;;;;;;;1;;;;
06/11/2019;03:18:06;8;com vítima;81,9;BR-050/MG;Norte;Colisão Traseira;;;2;;;;;;;;2;1;;;
06/11/2019;06:10:15;11;com vítima;179,8;BR-050/MG;Sul;Queda de Moto;;;;1;;;;;;;0;1;;;
07/11/2019;23:34:07;151;com vítima;188;BR-050/MG;Norte;Colisão Traseira;;;2;;;;;;;1;2;1;;;
08/11/2019;03:46:31;18;sem vítima;272,8;BR-050/GO;Norte;Choque - Elemento de Drenagem;1;;;;;;;;;;1;;;;
08/11/2019;12:40:46;73;com vítima;98,8;BR-050/GO;Norte;Colisão Transversal;;;;1;;;;;;1;1;;1;;
08/11/2019;15:51:43;100;sem vítima;108,63;BR-050/GO;Norte;Saida de Pista;1;;;;;;;;;;3;;;;
08/11/2019;16:58:41;105;sem vítima;101,401;BR-050/GO;Sul;Choque - Elemento de Drenagem;;;;;;;;;;1;1;;;;
08/11/2019;17:40:07;115;com vítima;171,6;BR-050/MG;Norte;Queda de Moto;;;;1;;;;;;;0;;1;;
08/11/2019;19:23:21;137;com vítima;95,5;BR-050/MG;Norte;Capotamento;1;;;;;;;;;;0;1;;;
09/11/2019;02:21:12;10;com vítima;282,001;BR-050/GO;Sul;Choque - Talude;1;;;;;;;;;;0;1;;;
09/11/2019;11:35:04;74;sem vítima;255,05;BR-050/GO;Norte;Saida de Pista;1;;;;;;;;;;1;;;;
09/11/2019;16:38:12;120;sem vítima;280;BR-050/GO;Norte;Colisão Transversal;2;;;;;;;;;;5;;;;
09/11/2019;19:37:46;150;com vítima;246,2;BR-050/GO;Sul;Queda de Ciclista;;;;1;;;;;;;0;1;;;
10/11/2019;06:16:35;13;sem vítima;52,7;BR-050/MG;Norte;Saida de Pista;1;;;;;;;;;;1;;;;
10/11/2019;11:22:27;41;sem vítima;161,32;BR-050/GO;Norte;Saida de Pista;;;1;;;;;;;;1;;;;
10/11/2019;13:13:05;50;com vítima;29;BR-050/MG;Sul;Colisão Transversal;;;;2;;;;;;;0;2;2;;
10/11/2019;16:11:21;67;sem vítima;17;Contorno;Norte;Capotamento;;;;;;;;;;1;1;;;;
10/11/2019;16:24:42;70;sem vítima;17;Contorno;Norte;Saida de Pista;1;;;;;;;;;;1;;;;
10/11/2019;17:00:39;78;sem vítima;16,1;Contorno;Norte;Choque - Defensa, barreira ou meio fio;1;;;;;;;;;;2;;;;
11/11/2019;01:39:15;4;sem vítima;179,9;BR-050/MG;Norte;Choque - Defensa, barreira ou meio fio;1;;;;;;;;;;5;;;;
11/11/2019;05:11:35;17;com vítima;168,4;BR-050/MG;Sul;Choque - Talude;;;;;;;;;;1;0;1;;;
11/11/2019;08:32:36;34;com vítima;171,69;BR-050/MG;Sul;Atropelamento - Pedestre;;;1;;;;;;;;1;1;;;
11/11/2019;14:04:25;76;sem vítima;108,38;BR-050/MG;Norte;Choque - Elemento de Drenagem;1;;;;;;;;;;3;;;;
12/11/2019;18:03:09;107;sem vítima;174;BR-050/MG;Sul;Choque - New jersey;1;;;;;;;;;;3;;;;
13/11/2019;12:49:09;83;com vítima;18,15;Contorno;Sul;Colisão Traseira;1;1;;;;;;;;;2;1;;;
13/11/2019;23:18:19;183;sem vítima;178,4;BR-050/MG;Norte;Saida de Pista;1;;;;;;;;;;2;;;;
14/11/2019;08:51:58;51;com vítima;109,7;BR-050/MG;Sul;Tombamento;1;;;;;;;;;;0;1;;;
14/11/2019;09:02:14;53;com vítima;58,14;BR-050/MG;Norte;Capotamento;;;;;;;;;;1;0;;;1;
14/11/2019;09:55:26;63;sem vítima;29,14;BR-050/MG;Norte;Choque - Sinalização;;;1;;;;;;;;1;;;;
14/11/2019;11:12:58;69;com vítima;93,4;BR-050/MG;Sul;Colisão Transversal;2;;;;;;;;;;1;3;1;;
14/11/2019;12:17:02;78;com vítima;17;BR-050/MG;Norte;Capotamento;1;;;;;;;;;;0;1;;;
14/11/2019;13:20:04;92;sem vítima;100,4;BR-050/MG;Sul;Choque - Talude;;;1;;;;;;;;1;;;;
14/11/2019;16:13:48;126;sem vítima;230,15;BR-050/GO;Norte;Capotamento;;;;;;;;;;1;2;;;;
14/11/2019;16:21:01;128;sem vítima;29,78;BR-050/MG;Norte;Saida de Pista;1;;;;;;;;;;1;;;;
14/11/2019;16:35:48;131;sem vítima;56,499;BR-050/MG;Norte;Saida de Pista;1;;;;;;;;;;4;;;;
14/11/2019;17:41:21;138;com vítima;53;BR-050/MG;Norte;Capotamento;;;;;;;;;;1;0;2;;;
14/11/2019;19:10:57;155;com vítima;79,2;BR-050/MG;Sul;Choque - Defensa, barreira ou meio fio;1;;;;;;;;;;0;;1;;
14/11/2019;20:08:42;163;com vítima;178;BR-050/MG;Norte;Atropelamento - Andarilho;;;;;;1;;;;;1;1;;;
15/11/2019;02:26:34;14;sem vítima;246,5;BR-050/GO;Sul;Choque - Elemento de Drenagem;;;1;;;;;;;;2;;;;
15/11/2019;02:52:06;17;com vítima;100,7;BR-050/MG;Sul;Colisão lateral no mesmo sentido;;;;;;1;;;;1;14;2;;;
15/11/2019;13:11:04;92;sem vítima;88;BR-050/MG;Norte;Choque - Defensa, barreira ou meio fio;1;;;;;;;;;;4;;;;
15/11/2019;13:18:08;93;sem vítima;192,7;BR-050/MG;Sul;Colisão Traseira;;;1;;;;;;;1;3;;;;
15/11/2019;16:49:03;130;sem vítima;55,55;BR-050/MG;Norte;Choque - Talude;1;;;;;;;;;;2;;;;
15/11/2019;18:46:14;138;sem vítima;14,7;Contorno;Norte;Choque - Defensa, barreira ou meio fio;1;;;;;;;;;;1;;;;
16/11/2019;00:18:22;6;sem vítima;118,7;BR-050/MG;Sul;Colisão lateral no mesmo sentido;1;;1;;;;;;;;3;;;;
16/11/2019;08:24:47;33;com vítima;174,7;BR-050/MG;Norte;Queda de Moto;;;;1;;;;;;;0;1;;;
16/11/2019;14:49:48;77;sem vítima;39,9;BR-050/MG;Sul;Choque - Defensa, barreira ou meio fio;;;;;;;;;;1;1;;;;
16/11/2019;16:55:20;92;sem vítima;174,45;BR-050/MG;Norte;Choque - Poste;;;;;;;;;;1;2;;;;
17/11/2019;07:59:35;27;sem vítima;46,9;BR-050/MG;Sul;Colisão Traseira;2;;;;;;;;;;4;;;;
17/11/2019;08:37:29;30;sem vítima;99,7;BR-050/MG;Norte;Choque - Elemento de Drenagem;1;;;;;;;;;;1;;;;
17/11/2019;10:18:11;40;com vítima;85,8;BR-050/MG;Sul;Queda de Moto;;;;1;;;;;;;0;;1;;
17/11/2019;12:12:45;58;sem vítima;281;BR-050/GO;Norte;Colisão Transversal;2;;;;;;;;;;6;;;;
17/11/2019;13:50:55;66;sem vítima;29,79;BR-050/MG;Sul;Choque - Elemento de Drenagem;;;;;;;;;;1;4;;;;
18/11/2019;11:24:58;85;sem vítima;195;BR-050/GO;Sul;Saida de Pista;1;;;;;;;;;;1;;;;