data;horario;n_da_ocorrencia;tipo_de_ocorrencia;km;trecho;sentido;tipo_de_acidente;automovel;bicicleta;caminhao;moto;onibus;outros;tracao_animal;transporte_de_cargas_especiais;trator_maquinas;utilitarios;ilesos;levemente_feridos;moderadamente_feridos;gravemente_feridos;mortos
12/05/2020;20:29:45;146;com vítima;50,8;BR-050/MG;Norte;Choque - Elemento de Drenagem;;;;1;;;;;;;0;1;;;
12/05/2020;23:00:46;157;com vítima;107;BR-050/GO;Norte;Tombamento;;;1;;;;;;;;0;;1;;
13/05/2020;03:32:58;10;sem vítima;27,8;BR-050/MG;Sul;Choque - Meio fio;;;1;;;;;;;;1;;;;
13/05/2020;06:08:50;13;sem vítima;104,5;BR-050/GO;Norte;Tombamento;;;1;;;;;;;;1;;;;
13/05/2020;07:34:38;20;com vítima;80,6;BR-050/MG;Sul;Choque - Meio fio;;;;1;;;;;;;0;;1;;
13/05/2020;09:35:27;38;sem vítima;101;BR-050/GO;Norte;Colisão lateral no sentido contrário;;;1;;;1;;;;;1;;;;
13/05/2020;18:28:22;116;sem vítima;97,25;BR-050/GO;Sul;Colisão Transversal;;;;;;;;;;2;3;;;;
13/05/2020;21:19:11;135;sem vítima;172;BR-050/MG;Sul;Queda de Moto;;;;1;;;;;;;0;;;;
14/05/2020;06:32:24;17;sem vítima;77,68;BR-050/MG;Norte;Choque - Meio fio;1;;;;;;;;;;1;;;;
14/05/2020;17:47:12;107;sem vítima;27;BR-050/MG;Norte;Tombamento;;;1;;;;;;;;2;;;;
14/05/2020;23:12:35;137;sem vítima;111,3;BR-050/MG;Sul;Choque - Elemento de Drenagem;1;;;;;;;;;;1;;;;
15/05/2020;20:59:40;147;com vítima;115;BR-050/MG;Norte;Tombamento;;;1;;;;;;;;0;1;;;
15/05/2020;21:53:24;154;com vítima;147;BR-050/MG;Norte;Colisão Traseira;;;2;;;;;;;;1;;1;;
16/05/2020;10:48:03;54;com vítima;171,7;BR-050/MG;Sul;Choque - Meio fio;1;;;;;;;;;;1;2;;;
16/05/2020;14:03:44;82;com vítima;301;BR-050/GO;Sul;Saida de Pista;;;;;;;;;;1;0;2;;;
16/05/2020;19:41:02;124;com vítima;279;BR-050/GO;Sul;Colisão lateral no sentido contrário;;;;1;;1;;;;;0;1;;;
17/05/2020;01:28:15;10;com vítima;55,6;BR-050/MG;Norte;Tombamento;;;1;;;;;;;;0;1;;;
17/05/2020;01:46:27;11;sem vítima;260;BR-050/GO;Sul;Capotamento;;;;;;;;;;1;1;;;;
17/05/2020;09:34:57;34;com vítima;248,301;BR-050/GO;Sul;Queda de Moto;;;;1;;;;;;;0;;1;;
17/05/2020;16:52:57;73;com vítima;26,7;BR-050/MG;Sul;Queda de Moto;;;;1;;;;;;;0;2;;;
17/05/2020;18:20:27;84;sem vítima;174,85;BR-050/MG;Norte;Capotamento;1;;;;;;;;;;0;;;;
17/05/2020;18:47:56;86;sem vítima;27,95;BR-050/MG;Sul;Choque - Defensa metálica;1;;;;;;;;;;1;;;;
17/05/2020;19:55:24;95;sem vítima;60,8;BR-050/MG;Sul;Choque - Elemento de Drenagem;1;;;;;;;;;;1;;;;
18/05/2020;08:44:07;36;com vítima;181,05;BR-050/MG;Norte;Choque - New jersey;;;1;;;;;;;;0;1;;;
18/05/2020;18:29:26;122;com vítima;176,2;BR-050/MG;Sul;Atropelamento - Andarilho;;;;;;;;;;1;2;;;;1
19/05/2020;08:40:29;36;com vítima;273,2;BR-050/GO;Norte;Tombamento;;;1;;;;;;;;0;2;;;
19/05/2020;12:12:31;70;com vítima;112,99;BR-050/GO;Norte;Capotamento;;;;;;;;;;1;0;1;;;
19/05/2020;16:08:40;115;sem vítima;172;BR-050/MG;Sul;Choque - New jersey;1;;;;;;;;;;1;;;;
19/05/2020;18:32:24;143;sem vítima;178;BR-050/MG;Norte;Colisão lateral no mesmo sentido;1;;1;;;1;;;;;2;;;;
20/05/2020;08:47:20;34;com vítima;55,1;BR-050/MG;Norte;Colisão Traseira;;;1;;;;;;;1;2;;1;;
20/05/2020;10:56:44;56;com vítima;154,4;BR-050/MG;Sul;Choque - Elemento de Drenagem;;;;;;;;;;1;0;;1;;
21/05/2020;18:28:57;134;com vítima;115,2;BR-050/GO;Sul;Colisão Transversal;;;1;;;;;;;1;1;;2;;1
21/05/2020;21:13:50;145;com vítima;278;BR-050/GO;Sul;Colisão Transversal;1;;;1;;;;;;;1;1;;;
22/05/2020;04:22:00;11;sem vítima;56,1;BR-050/MG;Sul;Choque - Elemento de Drenagem;;;1;;;;;;;;2;;;;
22/05/2020;09:24:55;43;sem vítima;79,9;BR-050/MG;Sul;Colisão lateral no mesmo sentido;;;1;;;1;;;;1;2;;;;
22/05/2020;13:10:28;74;sem vítima;97,2;BR-050/GO;Norte;Colisão Transversal;1;;1;;;;;;;;4;;;;
22/05/2020;13:53:26;79;sem vítima;3,9;Contorno;Norte;Capotamento;1;;;;;;;;;;1;;;;
22/05/2020;16:14:45;96;com vítima;287;BR-050/GO;Sul;Colisão Transversal;2;;;;;;;;;;2;;1;;
22/05/2020;23:26:48;159;com vítima;173,9;BR-050/MG;Norte;Colisão Traseira;;1;;;;1;;;;;0;1;;;
23/05/2020;06:11:35;21;sem vítima;41,26;BR-050/MG;Norte;Tombamento;;;;;;;;;;1;1;;;;
23/05/2020;06:31:24;22;com vítima;41,1;BR-050/MG;Norte;Choque - Veiculo parado no acostamento;;;;1;;1;;;;;0;;1;;
23/05/2020;07:34:50;30;com vítima;107;BR-050/MG;Sul;Saida de Pista;;;1;;;;;;;;0;1;;;
23/05/2020;08:20:32;34;sem vítima;106;BR-050/MG;Norte;Saida de Pista;1;;;;;;;;;;2;;;;
23/05/2020;11:08:12;63;com vítima;30,05;BR-050/MG;Norte;Queda de Moto;;;;1;;;;;;;0;1;;;
23/05/2020;18:00:37;110;sem vítima;119,1;BR-050/GO;Norte;Choque - Defensa metálica;1;;;;;;;;;;2;;;;
23/05/2020;22:26:20;143;sem vítima;177,5;BR-050/MG;Sul;Capotamento;1;;;;;;;;;;1;;;;
24/05/2020;04:24:46;12;sem vítima;33,5;BR-050/MG;Sul;Choque - Elemento de Drenagem;1;;;;;;;;;;2;;;;
24/05/2020;05:56:43;20;sem vítima;58;BR-050/MG;Norte;Choque - Meio fio;;;;;;;;;;1;2;;;;
24/05/2020;08:40:20;34;com vítima;154,9;BR-050/MG;Sul;Capotamento;1;;;;;;;;;;0;2;;;
24/05/2020;15:53:42;81;sem vítima;31;BR-050/MG;Norte;Choque - Outros;1;;;;;;;;;;1;;;;
25/05/2020;18:05:43;109;com vítima;270;BR-050/GO;Sul;Queda de Moto;;;;1;;;;;;;0;1;;;
25/05/2020;18:18:35;113;sem vítima;105;BR-050/MG;Sul;Colisão Traseira;;;2;;;;;;;;3;;;;
26/05/2020;02:37:24;8;sem vítima;194;BR-050/MG;Norte;Choque - Defensa metálica;;;1;;;;;;;;1;;;;
26/05/2020;16:54:43;114;sem vítima;167;BR-050/MG;Sul;Colisão Frontal;2;;;;;;;;;;3;;;;
26/05/2020;19:36:23;133;sem vítima;60,5;BR-050/MG;Sul;Choque - Elemento de Drenagem;1;;;;;;;;;;3;;;;
26/05/2020;23:50:45;155;sem vítima;172;BR-050/GO;Sul;Choque - Sinalização;;;1;;;;;;;;1;;;;
27/05/2020;03:26:46;9;com vítima;193;BR-050/MG;Norte;Tombamento;;;1;;;;;;;;0;;1;;
27/05/2020;04:37:59;11;sem vítima;300,5;BR-050/GO;Norte;Colisão lateral no mesmo sentido;1;;1;;;;;;;;3;;;;
27/05/2020;09:31:53;35;com vítima;21;BR-050/MG;Norte;Atropelamento - Sem Informação;;;1;;;;;;;;1;1;;;
28/05/2020;19:45:20;142;com vítima;93;BR-050/MG;Sul;Tombamento;;;1;;;;;;;;0;1;;;
29/05/2020;00:05:24;1;com vítima;151;BR-050/MG;Sul;Colisão Traseira;;;2;;;;;;;;0;2;;;
29/05/2020;14:15:16;70;sem vítima;185;BR-050/GO;Sul;Colisão Traseira;;;1;;;;;;;1;3;;;;
29/05/2020;15:30:47;82;com vítima;21,1;Contorno;Norte;Queda de Moto;;;;1;;;;;;;0;1;;;
29/05/2020;17:06:16;99;com vítima;177,5;BR-050/MG;Sul;Engavetamento;1;;2;;;;;;;2;5;1;;;
29/05/2020;20:09:25;109;sem vítima;173,8;BR-050/MG;Sul;Colisão Traseira;1;;;;;;;;;1;1;;;;
30/05/2020;19:21:37;108;sem vítima;172,2;BR-050/MG;Sul;Atropelamento de Animal;;;1;;;;;;;;1;;;;
30/05/2020;19:25:56;109;com vítima;172;BR-050/MG;Norte;Atropelamento de Animal;1;;;;;;;;;;1;1;;;
02/06/2020;00:07:02;1;sem vítima;179,9;BR-050/MG;Sul;Choque - Outros;1;;;;;1;;;;;1;;;;
02/06/2020;01:08:15;5;sem vítima;246,4;BR-050/GO;Sul;Atropelamento de Animal;;;1;;;;;;;;1;;;;
02/06/2020;05:19:32;12;sem vítima;127;BR-050/MG;Sul;Choque - Meio fio;;;;;;;;;;1;0;;;;
02/06/2020;19:35:21;117;sem vítima;2;Contorno;Sul;Capotamento;1;;;;;;;;;;1;;;;
03/06/2020;04:26:53;8;sem vítima;273,6;BR-050/GO;Sul;Choque - Meio fio;;;;;;;;;;1;1;;;;
03/06/2020;05:02:02;10;com vítima;149,9;BR-050/MG;Norte;Capotamento;1;;;;;;;;;;0;1;;;
03/06/2020;15:36:35;102;sem vítima;126;BR-050/MG;Sul;Choque - Defensa metálica;;;1;;;;;;;;1;;;;
04/06/2020;13:38:14;96;sem vítima;139,75;BR-050/MG;Norte;Choque - Sinalização;;;;;;;;;;1;1;;;;
04/06/2020;13:38:14;102;com vítima;139,78;BR-050/MG;Sul;Capotamento;1;;;;;;;;;;0;2;;;
05/06/2020;14:56:35;97;com vítima;118,6;BR-050/MG;Norte;Colisão Traseira;;;;1;;1;;;;;0;1;1;;
06/06/2020;01:24:09;3;com vítima;187,7;BR-050/MG;Norte;Capotamento;1;;;;;;;;;;0;;2;;
06/06/2020;01:40:04;4;sem vítima;177,5;BR-050/MG;Norte;Colisão Traseira;1;;;;;1;;;;;2;;;;
06/06/2020;05:41:41;11;sem vítima;218,3;BR-050/GO;Norte;Choque - Elemento de Drenagem;;;1;;;;;;;;3;;;;
06/06/2020;11:31:02;48;com vítima;55,415;BR-050/MG;Norte;Colisão lateral no mesmo sentido;;;;1;;1;;;;;1;1;1;;
06/06/2020;22:49:00;125;com vítima;98,5;BR-050/GO;Norte;Colisão Transversal;1;;;;;;;;;1;1;;;1;1
07/06/2020;00:26:47;2;sem vítima;174;BR-050/MG;Norte;Choque - Sinalização;1;;;;;;;;;;1;;;;
07/06/2020;06:01:41;13;com vítima;20,78;Contorno;Norte;Colisão Frontal;1;;;1;;;;;;;1;;;;1
07/06/2020;08:34:43;22;sem vítima;269,8;BR-050/GO;Norte;Colisão lateral no mesmo sentido;1;;1;;;;;;;;5;;;;
07/06/2020;13:00:58;49;com vítima;259,8;BR-050/GO;Sul;Capotamento;1;;;;;;;;;;0;;1;;
07/06/2020;13:56:04;53;com vítima;81;BR-050/MG;Norte;Choque - Meio fio;1;;;;;;;;;;0;1;;;
07/06/2020;13:58:58;54;sem vítima;84,5;BR-050/MG;Sul;Tombamento;;;1;;;;;;;;1;;;;
07/06/2020;15:21:42;58;com vítima;106;BR-050/GO;Sul;Capotamento;1;;;;;;;;;;0;;1;;
07/06/2020;20:16:01;110;sem vítima;177,7;BR-050/MG;Sul;Capotamento;1;;;;;;;;;;1;;;;
07/06/2020;21:12:22;123;sem vítima;130,96;BR-050/GO;Sul;Atropelamento de Animal;;;1;;;;;;;;1;;;;
08/06/2020;19:10:29;107;com vítima;280,5;BR-050/GO;Sul;Colisão Transversal;2;;;;;;;;;;1;1;;;
09/06/2020;15:38:11;114;sem vítima;308,3;BR-050/GO;Sul;Colisão Traseira;2;;;;;;;;;;6;;;;
09/06/2020;19:34:28;145;sem vítima;29;BR-050/MG;Norte;Queda de Moto;;;;1;;;;;;;1;;;;
10/06/2020;08:00:12;29;sem vítima;90,25;BR-050/MG;Norte;Choque - Barranco;;;;;;;;;;1;1;;;;
10/06/2020;09:15:20;36;com vítima;279;BR-050/GO;Norte;Queda de Moto;;;;1;;;;;;;0;;1;;
10/06/2020;09:40:57;40;sem vítima;278,8;BR-050/GO;Sul;Colisão Traseira;;;2;;;;;;;;2;;;;
10/06/2020;15:01:46;84;com vítima;98,8;BR-050/GO;Norte;Colisão lateral no mesmo sentido;;;1;;;;;;;1;1;2;;;
11/06/2020;08:16:22;42;com vítima;101,098;BR-050/MG;Norte;Choque - Elemento de Drenagem;1;;;;;;;;;;0;;2;;
11/06/2020;14:13:22;92;sem vítima;113,1;BR-050/GO;Norte;Colisão Traseira;1;;1;;;;;;;;2;;;;
11/06/2020;14:36:58;94;sem vítima;111,2;BR-050/MG;Norte;Choque - Arvore;;;1;;;;;;;;1;;;;
11/06/2020;16:35:45;105;sem vítima;177,8;BR-050/MG;Sul;Colisão lateral no mesmo sentido;;;1;;;1;;;;;1;;;;
11/06/2020;17:35:25;114;sem vítima;77,45;BR-050/MG;Sul;Tombamento;;;1;;;;;;;;1;;;;
12/06/2020;07:43:02;23;com vítima;302,8;BR-050/GO;Norte;Colisão Frontal;;;1;;;1;;;;1;2;;;1;
12/06/2020;07:43:02;25;com vítima;302,81;BR-050/GO;Sul;Colisão Traseira;;;2;;;;;;;;1;;1;;
12/06/2020;12:31:22;57;sem vítima;23,8;BR-050/MG;Sul;Colisão Traseira;1;;1;;;;;;;1;6;;;;
12/06/2020;14:24:07;68;com vítima;253,4;BR-050/GO;Norte;Capotamento;1;;;;;;;;;;0;;4;;
12/06/2020;18:20:13;103;sem vítima;27,14;BR-050/MG;Norte;Capotamento;1;;;;;;;;;;2;;;;
12/06/2020;18:21:38;104;sem vítima;184,4;BR-050/MG;Norte;Atropelamento de Animal;1;;;;;;;;;;3;;;;
13/06/2020;06:02:50;16;com vítima;267,28;BR-050/GO;Norte;Atropelamento de Animal;;;;1;;;;;;;0;1;;;
13/06/2020;08:49:13;40;sem vítima;249,3;BR-050/GO;Sul;Tombamento;;;1;;;;;;;;1;;;;
13/06/2020;19:37:01;127;sem vítima;36;BR-050/MG;Norte;Colisão Traseira;2;;;;;;;;;;5;;;;
14/06/2020;07:24:26;15;sem vítima;142,1;BR-050/GO;Norte;Capotamento;1;;;;;;;;;;1;;;;
14/06/2020;08:05:00;19;sem vítima;247;BR-050/GO;Norte;Choque - Talude;1;;;;;;;;;;1;;;;
14/06/2020;10:13:23;34;sem vítima;297;BR-050/GO;Norte;Saida de Pista;;;;;;;;;;1;2;;;;
14/06/2020;20:34:58;116;sem vítima;22;BR-050/MG;Sul;Choque - Elemento de Drenagem;1;;;;;;;;;;1;;;;
14/06/2020;20:51:50;118;sem vítima;195,14;BR-050/MG;Norte;Choque - New jersey;1;;;;;;;;;;2;;;;
14/06/2020;22:06:19;128;com vítima;272,73;BR-050/GO;Sul;Choque - Sinalização;;;;1;;;;;;;0;;1;;
15/06/2020;09:10:44;36;sem vítima;303,8;BR-050/GO;Sul;Colisão Traseira;1;;1;;;;;;;;3;;;;
15/06/2020;10:54:07;49;sem vítima;104,5;BR-050/MG;Norte;Choque - Defensa metálica;1;;;;;;;;;;1;;;;
15/06/2020;16:16:40;99;com vítima;25,5;BR-050/MG;Norte;Tombamento;;;1;;;;;;;;0;1;;;
15/06/2020;18:57:26;123;sem vítima;112;BR-050/GO;Norte;Colisão Transversal;;;1;;;;;;;1;2;;;;
15/06/2020;23:32:20;145;sem vítima;178,8;BR-050/MG;Norte;Queda de Moto;;;;1;;;;;;;1;;;;
16/06/2020;07:27:52;23;com vítima;280,5;BR-050/GO;Sul;Queda de Ciclista;;;;1;;;;;;;0;1;;;
16/06/2020;10:52:13;70;sem vítima;56,9;BR-050/MG;Sul;Colisão Traseira;;;2;;;;;;;;2;;;;
16/06/2020;14:50:15;109;sem vítima;165,5;BR-050/MG;Sul;Saida de Pista;;;1;;;;;;;;1;;;;
16/06/2020;18:18:45;144;com vítima;132,7;BR-050/GO;Sul;Queda de Moto;;;;2;;;;;;;1;1;;;
16/06/2020;20:11:27;155;sem vítima;149,6;BR-050/GO;Norte;Atropelamento de Animal;1;;;;;;;;;;2;;;;
17/06/2020;10:57:55;46;com vítima;187,4;BR-050/MG;Norte;Queda de Moto;;;;1;;;;;;;1;1;;;
17/06/2020;18:40:34;117;sem vítima;118;BR-050/MG;Norte;Colisão lateral no mesmo sentido;;;2;;;;;;;;2;;;;
18/06/2020;10:17:13;48;com vítima;23,18;BR-050/MG;Sul;Queda de Moto;;;;1;;;;;;;0;2;;;
19/06/2020;12:11:43;52;com vítima;175;BR-050/MG;Sul;Colisão Traseira;1;;;1;;;;;;;1;1;;;
20/06/2020;03:38:55;15;com vítima;13;Contorno;Norte;Queda de Moto;;;;1;;;;;;;0;;;1;1
20/06/2020;04:14:53;19;com vítima;21,44;Contorno;Sul;Choque - Outros;;;;;;1;;;;;1;;1;;
20/06/2020;07:18:49;30;com vítima;37,8;BR-050/MG;Norte;Colisão Traseira;;;1;;;;;;;1;2;1;;;
20/06/2020;10:40:31;62;com vítima;247,8;BR-050/GO;Sul;Queda de Ciclista;;1;;;;;;;;;0;;1;;
20/06/2020;10:44:55;65;com vítima;28,7;BR-050/MG;Sul;Tombamento;;;1;;;;;;;;0;1;;;
20/06/2020;12:09:13;84;com vítima;196,5;BR-050/MG;Sul;Choque - New jersey;1;;;;;;;;;;0;4;;;
20/06/2020;13:21:52;89;com vítima;202,8;BR-050/GO;Norte;Saida de Pista;1;;;;;;;;;;2;;4;;
20/06/2020;18:19:26;126;com vítima;179,8;BR-050/MG;Sul;Colisão lateral no mesmo sentido;1;;;1;;;;;;;0;;1;;
20/06/2020;20:29:53;141;com vítima;96,4;BR-050/GO;Norte;Colisão lateral no mesmo sentido;1;;;1;;;;;;;2;;1;;
20/06/2020;22:07:05;150;sem vítima;178,8;BR-050/MG;Norte;Choque - New jersey;1;;;;;;;;;;2;;;;
21/06/2020;00:22:44;3;sem vítima;78,5;BR-050/MG;Norte;Choque - Barranco;1;;;;;;;;;;3;;;;
21/06/2020;08:20:23;25;com vítima;101;BR-050/GO;Sul;Colisão lateral no mesmo sentido;;;;;;;;;;2;2;;2;;
21/06/2020;08:50:56;30;com vítima;55,3;BR-050/MG;Norte;Colisão Traseira;;;;1;;;;;;1;2;1;;;
21/06/2020;09:37:37;36;com vítima;248,5;BR-050/GO;Sul;Queda de Ciclista;;1;;;;;;;;;0;1;;;
21/06/2020;15:49:13;89;com vítima;15;Contorno;Norte;Choque - Defensa metálica;;;;1;;;;;;;0;1;;;
21/06/2020;19:15:56;122;sem vítima;244;BR-050/GO;Norte;Tombamento;;;1;;;;;;;;2;;;;
22/06/2020;08:43:52;33;com vítima;172,5;BR-050/MG;Norte;Queda de Ciclista;;1;;;;;;;;;0;1;;;
22/06/2020;20:33:34;125;com vítima;280,6;BR-050/GO;Sul;Colisão Transversal;;1;1;;;;;;;;1;;;1;
23/06/2020;02:25:47;13;com vítima;176,7;BR-050/MG;Norte;Tombamento;;;1;;;;;;;;0;1;;;
23/06/2020;22:05:04;131;com vítima;283,5;BR-050/GO;Sul;Colisão Traseira;;;1;;1;;;;;;1;1;;;
23/06/2020;23:19:37;137;sem vítima;175,8;BR-050/MG;Norte;Choque - Elemento de Drenagem;1;;;;;;;;;;2;;;;
24/06/2020;06:08:37;19;sem vítima;272,3;BR-050/GO;Sul;Choque - Sinalização;1;;;;;;;;;;1;;;;
24/06/2020;18:58:16;141;sem vítima;124;BR-050/MG;Sul;Capotamento;1;;;;;;;;;;2;;;;
25/06/2020;00:51:52;4;com vítima;191,86;BR-050/GO;Sul;Colisão Traseira;;;2;;;;;;;;1;;1;;
25/06/2020;12:25:07;82;sem vítima;107;BR-050/MG;Sul;Colisão lateral no mesmo sentido;1;;;;;1;;;;;2;;;;
25/06/2020;14:46:39;113;com vítima;187,8;BR-050/GO;Norte;Colisão lateral no mesmo sentido;1;;1;;;;;;;;1;1;;;
25/06/2020;21:10:44;174;sem vítima;194,15;BR-050/MG;Norte;Choque - New jersey;;;;;;;;;;1;1;;;;
26/06/2020;06:07:42;18;com vítima;250,5;BR-050/GO;Norte;Colisão lateral no mesmo sentido;;;1;;;;;;;1;1;;1;;
26/06/2020;07:18:30;23;sem vítima;106,1;BR-050/GO;Norte;Tombamento;;;1;;;;;;;;1;;;;
26/06/2020;10:41:32;47;com vítima;198;BR-050/MG;Norte;Colisão Traseira;2;;;;;;;;;;5;1;;;
26/06/2020;20:00:48;127;sem vítima;182,8;BR-050/MG;Sul;Atropelamento de Animal;;;;;;;;;;1;4;;;;
26/06/2020;22:52:41;146;com vítima;262,7;BR-050/GO;Norte;Capotamento;1;;;;;;;;;;0;4;;;
27/06/2020;06:24:30;16;com vítima;82,6;BR-050/MG;Sul;Queda de Ciclista;;1;;;;;;;;;0;1;;;
28/06/2020;10:50:35;38;com vítima;105;BR-050/MG;Sul;Queda de Moto;;;;1;;;;;;;1;1;;;
28/06/2020;11:41:05;44;com vítima;28,9;BR-050/MG;Sul;Queda de Moto;;;;1;;;;;;;0;2;;;
28/06/2020;20:03:46;103;com vítima;15,4;Contorno;Sul;Choque - New jersey;1;;;;;;;;;;1;1;;;
29/06/2020;07:19:21;15;com vítima;63,76;BR-050/MG;Norte;Colisão Traseira;1;;1;;;;;;;;0;3;1;;
30/06/2020;18:24:50;96;com vítima;41,1;BR-050/MG;Norte;Colisão lateral no mesmo sentido;1;;1;;;;;;;;0;1;;;
01/07/2020;18:03:25;115;com vítima;131,7;BR-050/GO;Norte;Colisão Traseira;1;;;;;1;;;;;0;1;;;
02/07/2020;06:58:48;21;com vítima;198;BR-050/MG;Norte;Choque na praça ? submarino;;;;;;;;;;1;0;1;;;
02/07/2020;08:13:18;31;com vítima;154,35;BR-050/MG;Sul;Choque - Sinalização;1;;;;;;;;;;0;2;1;;
02/07/2020;18:31:51;158;sem vítima;43;BR-050/MG;Sul;Engavetamento;3;;;;;;;;;;3;;;;
02/07/2020;20:38:07;181;sem vítima;51,9;BR-050/MG;Sul;Choque - Defensa metálica;1;;;;;1;;;;;3;;;;
03/07/2020;03:15:36;20;sem vítima;174,4;BR-050/MG;Norte;Colisão Traseira;2;;;;;;;;;;1;;;;
03/07/2020;05:16:38;24;com vítima;7;Contorno;Norte;Tombamento;;;1;;;;;;;;0;1;;;
03/07/2020;10:46:42;73;sem vítima;59;BR-050/MG;Norte;Atropelamento de Animal;1;;;;;;;;;;4;;;;
03/07/2020;11:22:11;82;sem vítima;267,22;BR-050/GO;Norte;Choque - Sinalização;;;;;;;;;;1;1;;;;
03/07/2020;12:34:29;100;com vítima;143;BR-050/MG;Norte;Tombamento;1;;;;;1;;;;;0;2;;;
04/07/2020;11:17:10;59;com vítima;12,98;Contorno;Sul;Colisão lateral no mesmo sentido;;1;;;;1;;;;;0;1;;;
04/07/2020;16:28:36;101;sem vítima;3,77;BR-050/MG;Sul;Queda de Moto;;;;1;;;;;;;1;;;;
04/07/2020;17:12:39;110;sem vítima;114,28;BR-050/MG;Norte;Saida de Pista;1;;;;;;;;;;4;;;;
04/07/2020;19:01:05;124;sem vítima;19,1;Contorno;Norte;Choque - Outros;1;;;;;;;;;;2;;;;
04/07/2020;22:50:06;147;com vítima;279;BR-050/GO;Norte;Queda de Moto;;;;1;;;;;;;0;1;;;
05/07/2020;18:37:43;97;com vítima;275,5;BR-050/GO;Sul;Queda de Moto;;;;;;1;;;;;0;1;;;
05/07/2020;22:17:02;118;com vítima;175,3;BR-050/MG;Sul;Choque - Meio fio;1;;;;;;;;;;0;1;;;
06/07/2020;03:42:56;11;com vítima;81;BR-050/MG;Norte;Choque - Meio fio;;;;1;;;;;;;0;;;1;1
06/07/2020;05:49:40;19;com vítima;154,85;BR-050/MG;Norte;Colisão Transversal;;;;1;;;;;;1;1;;;1;
06/07/2020;07:29:45;34;sem vítima;177;BR-050/MG;Sul;Atropelamento de Animal;1;;;;;;;;;;1;;;;
06/07/2020;17:42:40;139;com vítima;280,5;BR-050/GO;Sul;Colisão Transversal;;;;1;;;;;;1;1;1;;;
07/07/2020;11:12:01;83;com vítima;17,8;BR-050/MG;Sul;Choque - Sinalização;1;;;;;;;;;;0;1;;;
07/07/2020;19:07:51;186;com vítima;12;Contorno;Norte;Queda de Moto;;;;1;;;;;;;0;1;;;
07/07/2020;22:12:26;206;com vítima;15,55;BR-050/MG;Sul;Tombamento;;;1;;;;;;;;0;1;;;
08/07/2020;07:39:36;30;com vítima;178,95;BR-050/MG;Sul;Engavetamento;2;;;;;;;;;1;2;;2;;
08/07/2020;08:04:51;35;sem vítima;118,2;BR-050/MG;Norte;Colisão lateral no mesmo sentido;;;2;;;;;;;;2;;;;
08/07/2020;09:04:54;45;sem vítima;177,35;BR-050/MG;Norte;Colisão Traseira;;;;1;;1;;;;;1;;;;
08/07/2020;09:04:54;48;sem vítima;177,3;BR-050/MG;Norte;Colisão lateral no mesmo sentido;;;;;;;;;;2;3;;;;
08/07/2020;13:22:08;87;sem vítima;95,7;BR-050/GO;Norte;Tombamento;;;1;;;;;;;;1;;;;
08/07/2020;16:55:32;116;sem vítima;180,05;BR-050/MG;Norte;Colisão lateral no mesmo sentido;1;;1;;;;;;;;2;;;;
08/07/2020;18:32:20;122;com vítima;250;BR-050/GO;Norte;Queda de Moto;;;;1;;;;;;;1;;1;;
08/07/2020;19:01:37;130;com vítima;89;BR-050/MG;Sul;Capotamento;1;;1;;;;;;;;0;2;;;
09/07/2020;07:31:51;27;sem vítima;96,7;BR-050/GO;Norte;Queda de Moto;;;;1;;;;;;;1;;;;
09/07/2020;20:19:56;159;sem vítima;265;BR-050/GO;Sul;Choque - Elemento de Drenagem;;;;;;;;;;1;5;;;;
10/07/2020;10:40:47;75;sem vítima;179,79;BR-050/MG;Sul;Colisão Traseira;1;;;1;;;;;;;2;;;;
10/07/2020;11:02:12;76;sem vítima;180;BR-050/MG;Sul;Colisão Traseira;;;1;;;2;;;;;1;;;;
10/07/2020;13:50:18;100;sem vítima;44,6;BR-050/MG;Norte;Colisão Traseira;1;;1;;;;;;;1;5;;;;
10/07/2020;15:16:58;111;com vítima;115,8;BR-050/MG;Sul;Tombamento;;;1;;;;;;;;0;;1;;
10/07/2020;18:51:12;156;com vítima;244,3;BR-050/GO;Norte;Queda de Ciclista;;1;;;;;;;;;0;;1;;
11/07/2020;11:28:27;89;com vítima;51,85;BR-050/MG;Norte;Colisão Transversal;1;;;1;;;;;;;4;1;1;;
11/07/2020;15:10:52;123;com vítima;174;BR-050/MG;Sul;Queda de Moto;;;;1;;;;;;;0;2;;;
11/07/2020;15:25:15;128;sem vítima;126,7;BR-050/MG;Norte;Choque - Defensa metálica;1;;;;;;;;;;2;;;;
11/07/2020;18:47:33;171;sem vítima;198,65;BR-050/MG;Norte;Atropelamento de Animal;1;;;;;;;;;;1;;;;
12/07/2020;15:18:59;51;sem vítima;266;BR-050/GO;Norte;Queda de Moto;;;;1;;;;;;;1;;;;
12/07/2020;17:47:18;78;com vítima;178,6;BR-050/MG;Norte;Tombamento;;;1;;;;;;;;0;;1;;
12/07/2020;18:17:16;83;sem vítima;185,45;BR-050/GO;Sul;Queda de Moto;;;;2;;;;;;;1;;;;
12/07/2020;18:40:49;89;sem vítima;19,8;Contorno;Sul;Colisão lateral no mesmo sentido;2;;;;;;;;;;6;;;;
12/07/2020;19:57:42;103;com vítima;24,6;BR-050/MG;Norte;Queda de Moto;;;;1;;;;;;;1;1;;;