data;horario;n_da_ocorrencia;tipo_de_ocorrencia;km;trecho;sentido;tipo_de_acidente;automovel;bicicleta;caminhao;moto;onibus;outros;tracao_animal;transporte_de_cargas_especiais;trator_maquinas;utilitarios;ilesos;levemente_feridos;moderadamente_feridos;gravemente_feridos;mortos
12/07/2020;21:45:30;118;sem vítima;176,5;BR-050/MG;Norte;Choque - Meio fio;1;;;;;;;;;;0;;;;
13/07/2020;20:30:17;141;com vítima;172,25;BR-050/GO;Sul;Tombamento;;;1;;;;;;;;0;1;;;
14/07/2020;07:01:08;34;com vítima;19;Contorno;Norte;Queda de Ciclista;;1;;;;;;;;;0;;1;;
15/07/2020;08:28:39;41;sem vítima;77,3;BR-050/MG;Norte;Choque - Meio fio;;;1;;;1;;;;;1;;;;
15/07/2020;15:17:50;121;sem vítima;25,1;BR-050/MG;Sul;Colisão lateral no sentido contrário;;;2;;;;;;;;2;;;;
15/07/2020;19:16:32;175;sem vítima;16,75;Contorno;Norte;Capotamento;1;;;;;;;;;;2;;;;
16/07/2020;08:47:51;38;sem vítima;105,4;BR-050/GO;Norte;Colisão lateral no mesmo sentido;;;2;;;;;;;;2;;;;
16/07/2020;18:20:51;123;com vítima;173;BR-050/MG;Sul;Queda de Moto;;;;1;;;;;;;0;1;;;
16/07/2020;19:45:18;136;sem vítima;84,9;BR-050/MG;Sul;Colisão lateral no mesmo sentido;;;1;;;;;;;1;2;;;;
17/07/2020;07:33:32;25;com vítima;206,7;BR-050/MG;Norte;Colisão Traseira;2;;1;;;;;;;;3;2;;;
17/07/2020;19:48:55;129;com vítima;194,2;BR-050/MG;Norte;Atropelamento de Animal;;;;;;;;;;1;10;2;;;
17/07/2020;20:38:39;139;com vítima;40;BR-050/MG;Sul;Objeto lançado contra veículo;;;1;;;;;;;;0;1;;;
18/07/2020;08:21:38;48;sem vítima;255,15;BR-050/GO;Norte;Atropelamento de Animal;;;;;;;;;;1;2;;;;
18/07/2020;09:50:36;78;sem vítima;96,9;BR-050/GO;Norte;Colisão Traseira;;;;;;1;;;;1;5;;;;
18/07/2020;11:49:01;121;sem vítima;205,9;BR-050/MG;Sul;Colisão lateral no mesmo sentido;;;1;;;;;;;1;3;;;;
18/07/2020;14:39:03;153;sem vítima;50,75;BR-050/MG;Norte;Choque - Meio fio;;;1;;;;;;;;1;;;;
18/07/2020;19:20:04;206;com vítima;279;BR-050/GO;Sul;Colisão Traseira;;;1;1;;;;;;;0;;1;;
19/07/2020;01:54:37;6;sem vítima;36;BR-050/MG;Norte;Choque - New jersey;1;;;;;;;;;;2;;;;
19/07/2020;02:55:33;11;com vítima;180;BR-050/MG;Norte;Capotamento;1;;;;;;;;;;0;;;;1
19/07/2020;09:16:13;41;com vítima;146,5;BR-050/GO;Norte;Choque - Sinalização;;;;;;;;;;1;0;2;;;
19/07/2020;11:24:06;59;sem vítima;145,42;BR-050/MG;Sul;Saida de Pista;;;;;;;;;;1;1;;;;
19/07/2020;17:11:38;100;com vítima;16,5;Contorno;Sul;Colisão Traseira;1;;;1;;;;;;;4;1;1;;
20/07/2020;13:35:13;76;com vítima;134,2;BR-050/MG;Sul;Capotamento;;;1;;;;;;;;0;1;;;
20/07/2020;17:03:10;102;com vítima;143,65;BR-050/MG;Norte;Saida de Pista;1;;;;;;;;;;0;1;;;
20/07/2020;17:16:55;104;com vítima;176,2;BR-050/MG;Norte;Colisão Traseira;;;;1;;;;;;1;1;1;;;
21/07/2020;15:36:50;105;sem vítima;279,2;BR-050/GO;Norte;Colisão Traseira;1;;;;1;;;;;;2;;;;
22/07/2020;18:27:08;159;sem vítima;176,4;BR-050/MG;Norte;Engavetamento;1;;;;;1;;;;3;6;;;;
22/07/2020;18:52:34;167;sem vítima;176,2;BR-050/MG;Norte;Colisão Traseira;1;;;;;;;;;1;2;;;;
22/07/2020;21:30:25;192;sem vítima;196,85;BR-050/GO;Sul;Tombamento;;;1;;;;;;;;1;;;;
23/07/2020;14:34:14;112;sem vítima;301,5;BR-050/GO;Norte;Saida de Pista;;;2;;;;;;;;3;;;;
23/07/2020;15:13:03;125;com vítima;171,7;BR-050/GO;Sul;Capotamento;1;;;;;;;;;;2;;1;;
23/07/2020;16:06:54;135;sem vítima;27,8;BR-050/MG;Sul;Choque - Defensa metálica;;;1;;;;;;;;1;;;;
23/07/2020;16:25:13;140;sem vítima;147;BR-050/GO;Norte;Tombamento;;;1;;;;;;;;1;;;;
23/07/2020;17:04:47;147;sem vítima;26,7;BR-050/MG;Sul;Choque - Meio fio;1;;;;;;;;;;1;;;;
24/07/2020;08:44:55;48;sem vítima;20,62;Contorno;Norte;Colisão Traseira;1;;;;;1;;;;;1;;;;
24/07/2020;20:07:34;169;sem vítima;118,7;BR-050/MG;Sul;Colisão Traseira;1;;;;;;;;;;1;;;;
24/07/2020;23:18:47;188;com vítima;21;Contorno;Sul;Colisão lateral no mesmo sentido;1;;;;;1;;;;;0;1;;;
25/07/2020;04:57:34;20;com vítima;84,6;BR-050/MG;Norte;Capotamento;1;;1;;;;;;;;0;2;;;
25/07/2020;10:14:05;68;sem vítima;280,3;BR-050/GO;Norte;Colisão Transversal;1;;;;;1;;;;;2;;;;
25/07/2020;12:37:00;85;sem vítima;52,91;BR-050/MG;Norte;Colisão lateral no mesmo sentido;2;;;;;;;;;;5;;;;
25/07/2020;15:05:52;105;sem vítima;311,75;BR-050/GO;Sul;Choque - Meio fio;1;;;;;;;;;;1;;;;
26/07/2020;13:57:30;55;sem vítima;193,7;BR-050/MG;Norte;Colisão Traseira;;;2;;;;;;;;2;;;;
26/07/2020;16:19:14;69;com vítima;252,1;BR-050/GO;Norte;Capotamento;1;;;;;;;;;;0;1;;;
26/07/2020;16:46:18;73;com vítima;44;BR-050/MG;Sul;Queda de Moto;;;;1;;;;;;;0;1;;;
26/07/2020;18:20:37;85;com vítima;195,8;BR-050/MG;Norte;Colisão Traseira;1;;;1;;;;;;;2;2;;;
27/07/2020;07:13:52;22;com vítima;174;BR-050/MG;Norte;Queda de Moto;;;;1;;;;;;;0;1;;;
27/07/2020;08:58:50;35;sem vítima;271,95;BR-050/GO;Sul;Atropelamento de Animal;1;;;;;;;;;;1;;;;
27/07/2020;19:20:11;137;com vítima;96;BR-050/MG;Norte;Colisão Traseira;;;2;;;;;;;;1;1;;;
28/07/2020;00:50:09;13;sem vítima;201,8;BR-050/GO;Sul;Choque - Barranco;1;;;;;;;;;;1;;;;
28/07/2020;11:08:41;67;com vítima;280,5;BR-050/GO;Sul;Colisão Transversal;;;;1;;;;;;1;1;;1;;
28/07/2020;20:39:53;161;sem vítima;230,4;BR-050/GO;Sul;Choque - Elemento de Drenagem;1;;;;;;;;;;1;;;;
29/07/2020;08:51:58;51;sem vítima;98,9;BR-050/GO;Sul;Colisão Transversal;1;;;1;;;;;;;2;;;;
29/07/2020;19:57:01;143;sem vítima;99,1;BR-050/GO;Sul;Colisão Traseira;;;2;;;;;;;;2;;;;
30/07/2020;13:33:08;102;com vítima;135;BR-050/MG;Sul;Engavetamento;;;3;;;2;;;;;1;2;1;1;
31/07/2020;07:20:02;27;com vítima;173,5;BR-050/MG;Norte;Queda de Ciclista;;1;;;;;;;;;0;;1;;
31/07/2020;19:49:18;157;com vítima;16,8;Contorno;Sul;Atropelamento de Animal;1;;;;;;;;;;0;2;;;
01/08/2020;09:45:54;49;ac03 - Acidente com vítima ilesa;3,18;BR-050/MG;Sul;Choque - Sinalização;1;;;;;;;;;;2;;;;
02/08/2020;04:06:23;14;ac03 - Acidente com vítima ilesa;133,1;BR-050/MG;Sul;Choque - Elemento de Drenagem;;;;;;;;;;1;1;;;;
02/08/2020;16:24:09;72;ac03 - Acidente com vítima ilesa;193;BR-050/MG;Sul;Colisão Traseira;;;1;;;1;;;;;1;;;;
02/08/2020;18:13:00;89;ac03 - Acidente com vítima ilesa;287,46;BR-050/GO;Norte;Choque - Meio fio;1;;;;;;;;;;2;;;;
02/08/2020;21:01:09;114;ac03 - Acidente com vítima ilesa;186,95;BR-050/GO;Sul;Tombamento;1;;;;;;;;;;2;;;;
02/08/2020;22:04:08;120;ac02 - Acidente com vítima;143,3;BR-050/MG;Sul;Choque - Elemento de Drenagem;;;1;;;;;;;;0;1;;;
03/08/2020;00:26:07;2;ac03 - Acidente com vítima ilesa;180,5;BR-050/MG;Norte;Colisão Traseira;2;;;;;;;;;;2;;;;
03/08/2020;07:20:30;21;ac02 - Acidente com vítima;32;BR-050/MG;Norte;Colisão lateral no mesmo sentido;1;;;;;1;;;;;0;3;;;
03/08/2020;13:30:35;76;ac02 - Acidente com vítima;86,7;BR-050/MG;Norte;Colisão Traseira;1;;1;;;;;;;;0;4;;;
03/08/2020;20:51:35;127;ac02 - Acidente com vítima;195,08;BR-050/GO;Sul;Capotamento;1;;;;;;;;;;2;2;;;
04/08/2020;14:35:48;102;ac03 - Acidente com vítima ilesa;100;BR-050/MG;Norte;Choque - Veiculo parado no acostamento;;;1;;;1;;;;;2;;;;
04/08/2020;18:14:33;137;ac03 - Acidente com vítima ilesa;189,4;BR-050/MG;Norte;Colisão lateral no mesmo sentido;1;;1;;;;;;;;5;;;;
06/08/2020;08:58:37;46;ac02 - Acidente com vítima;21,3;Contorno;Norte;Colisão lateral no sentido contrário;;;1;1;;;;;;;1;1;;;
06/08/2020;09:31:08;48;ac03 - Acidente com vítima ilesa;105,445;BR-050/GO;Norte;Tombamento;;;1;;;;;;;;1;;;;
07/08/2020;06:56:01;22;ac02 - Acidente com vítima;280,7;BR-050/GO;Sul;Colisão Transversal;1;;;1;;;;;;;1;1;;;
07/08/2020;08:04:53;35;ac03 - Acidente com vítima ilesa;47;BR-050/MG;Sul;Colisão Traseira;;;1;;;1;;;;;3;;;;
07/08/2020;17:03:32;145;ac03 - Acidente com vítima ilesa;112,6;BR-050/MG;Sul;Saida de Pista;1;;;;;;;;;;2;;;;
07/08/2020;18:18:46;158;ac03 - Acidente com vítima ilesa;93,64;BR-050/MG;Sul;Saida de Pista;1;;;;;;;;;;1;;;;
07/08/2020;19:18:24;169;ac02 - Acidente com vítima;46,7;BR-050/MG;Norte;Colisão Traseira;1;;;1;;;;;;;1;;1;;
08/08/2020;05:28:40;16;ac03 - Acidente com vítima ilesa;53,8;BR-050/MG;Norte;Saida de Pista;1;;;;;;;;;;1;;;;
08/08/2020;05:33:19;18;ac03 - Acidente com vítima ilesa;59,95;BR-050/MG;Sul;Saida de Pista;;;;;;;;;;1;1;;;;
08/08/2020;12:11:49;68;ac02 - Acidente com vítima;138,95;BR-050/MG;Norte;Choque - Barranco;1;;;;;;;;;;1;1;;;
08/08/2020;19:54:30;138;ac02 - Acidente com vítima;151,5;BR-050/MG;Norte;Tombamento;;;;;;;;;;1;4;1;;;
09/08/2020;17:29:49;80;ac03 - Acidente com vítima ilesa;1,5;BR-050/MG;Sul;Choque - Talude;;;;;;;;;;1;1;;;;
09/08/2020;17:36:37;81;ac01 - Acidente com vitima fatal;31,25;BR-050/MG;Norte;Choque - Elemento de Drenagem;;;;1;;;;;;;0;;;;1
09/08/2020;19:24:32;95;ac03 - Acidente com vítima ilesa;56,05;BR-050/MG;Norte;Tombamento;;;1;;;;;;;;1;;;;
09/08/2020;22:57:55;109;ac02 - Acidente com vítima;13;Contorno;Norte;Queda de Moto;;;;1;;;;;;;0;1;;;
09/08/2020;23:52:26;118;ac03 - Acidente com vítima ilesa;53,1;BR-050/MG;Norte;Colisão Traseira;1;;1;;;;;;;;2;;;;
10/08/2020;12:08:48;76;ac02 - Acidente com vítima;203,4;BR-050/MG;Sul;Choque - Talude;;;;;;;;;;1;0;1;;;
10/08/2020;13:24:11;87;ac02 - Acidente com vítima;40,75;BR-050/MG;Sul;Choque - Arvore;1;;;;;;;;;;2;1;;;
11/08/2020;13:13:58;74;ac03 - Acidente com vítima ilesa;175;BR-050/MG;Sul;Colisão lateral no mesmo sentido;1;;1;;;;;;;;2;;;;
11/08/2020;21:57:32;153;ac03 - Acidente com vítima ilesa;279;BR-050/GO;Norte;Colisão lateral no mesmo sentido;1;;;;;;;;;1;2;;;;
12/08/2020;09:08:16;58;ac02 - Acidente com vítima;162,3;BR-050/MG;Norte;Queda de Moto;;;;1;;;;;;;0;1;;;
13/08/2020;04:38:04;24;ac03 - Acidente com vítima ilesa;134;BR-050/GO;Norte;Capotamento;1;;;;;;;;;;1;;;;
13/08/2020;13:47:25;108;ac02 - Acidente com vítima;104,355;BR-050/GO;Norte;Queda de Moto;;;;1;;;;;;;0;2;;;
13/08/2020;17:04:35;138;ac03 - Acidente com vítima ilesa;118,8;BR-050/MG;Sul;Colisão lateral no mesmo sentido;;;1;;;;;;;1;7;;;;
14/08/2020;03:41:58;14;ac03 - Acidente com vítima ilesa;151,4;BR-050/GO;Norte;Choque - Defensa metálica;1;;;;;;;;;;1;;;;
14/08/2020;04:38:54;15;ac03 - Acidente com vítima ilesa;191,07;BR-050/MG;Norte;Choque - Talude;1;;;;;;;;;;1;;;;
14/08/2020;05:06:58;16;ac03 - Acidente com vítima ilesa;273;BR-050/GO;Norte;Choque - Meio fio;1;;;;;;;;;;3;;;;
14/08/2020;13:48:59;107;ac03 - Acidente com vítima ilesa;290,8;BR-050/GO;Norte;Choque - Barranco;1;;;;;;;;;;2;;;;
15/08/2020;08:44:19;30;ac01 - Acidente com vitima fatal;17;BR-050/MG;Norte;Choque - Sinalização;;;1;;;;;;;;0;;;1;1
15/08/2020;16:37:27;120;ac02 - Acidente com vítima;177,9;BR-050/MG;Norte;Capotamento;;;1;;;;;;;;0;1;;;
15/08/2020;19:00:05;147;ac03 - Acidente com vítima ilesa;180;BR-050/GO;Norte;Choque - New jersey;;;1;;1;;;;;;1;;;;
15/08/2020;23:57:09;184;ac02 - Acidente com vítima;61;BR-050/MG;Norte;Capotamento;2;;;;;;;;;;1;1;;;
16/08/2020;06:39:00;19;ac02 - Acidente com vítima;28,8;BR-050/MG;Sul;Queda de Ciclista;;1;;;;;;;;;0;1;;;
16/08/2020;10:12:31;39;ac02 - Acidente com vítima;176,2;BR-050/MG;Norte;Colisão lateral no mesmo sentido;1;;1;;;;;;;;2;1;;;
16/08/2020;15:10:14;103;ac02 - Acidente com vítima;33,9;BR-050/MG;Sul;Capotamento;1;;;;;;;;;;0;1;;;
16/08/2020;18:29:41;154;ac02 - Acidente com vítima;177,2;BR-050/MG;Norte;Queda de Moto;;;;1;;;;;;;0;1;;;
17/08/2020;09:44:58;43;ac02 - Acidente com vítima;275,8;BR-050/GO;Sul;Colisão lateral no mesmo sentido;2;;;;;;;;;;2;1;;;
17/08/2020;13:35:12;83;ac03 - Acidente com vítima ilesa;40,3;BR-050/MG;Norte;Choque - Defensa metálica;1;;;;;;;;;;1;;;;
17/08/2020;14:17:15;92;ac03 - Acidente com vítima ilesa;17,6;BR-050/MG;Norte;Choque - Meio fio;1;;;;;;;;;;1;;;;
17/08/2020;17:49:40;129;ac02 - Acidente com vítima;6,5;BR-050/MG;Norte;Queda de Ciclista;;1;;;;;;;;;0;1;;;
17/08/2020;22:56:58;165;ac02 - Acidente com vítima;80,55;BR-050/MG;Norte;Colisão lateral no mesmo sentido;;;2;;;;;;;;1;1;;;
18/08/2020;04:11:43;19;ac02 - Acidente com vítima;61,5;BR-050/MG;Sul;Colisão Traseira;;;2;;;;;;;;1;;1;;
18/08/2020;08:06:58;38;ac03 - Acidente com vítima ilesa;180,07;BR-050/MG;Sul;Colisão Transversal;1;;;1;;;;;;;2;;;;
18/08/2020;08:52:27;44;ac02 - Acidente com vítima;179,04;BR-050/MG;Sul;Colisão lateral no mesmo sentido;1;;;1;;;;;;;1;1;;;
18/08/2020;14:56:16;111;ac03 - Acidente com vítima ilesa;106,2;BR-050/MG;Norte;Colisão Traseira;2;;;;;;;;;;3;;;;
18/08/2020;15:32:47;114;ac02 - Acidente com vítima;280,58;BR-050/GO;Sul;Colisão Transversal;1;;;;;;;;;1;3;2;;;
18/08/2020;20:30:40;171;ac02 - Acidente com vítima;280,12;BR-050/GO;Norte;Capotamento;1;;;;;;;;;;0;;1;;
19/08/2020;02:50:38;16;ac02 - Acidente com vítima;140,9;BR-050/MG;Norte;Tombamento;;;1;;;;;;;;0;1;;;
19/08/2020;06:37:14;29;ac02 - Acidente com vítima;130;BR-050/MG;Norte;Capotamento;1;;;;;;;;;;0;1;;;
19/08/2020;10:50:26;70;ac02 - Acidente com vítima;1,9;Contorno;Sul;Capotamento;1;;;;;1;;;;;0;1;;;
19/08/2020;12:57:38;91;ac02 - Acidente com vítima;177,3;BR-050/MG;Sul;Colisão Traseira;1;;;;;;;;;1;3;2;;;
19/08/2020;17:38:55;168;ac02 - Acidente com vítima;91,95;BR-050/MG;Sul;Tombamento;;;1;;;;;;;;0;1;;;
19/08/2020;19:49:14;191;ac03 - Acidente com vítima ilesa;180,3;BR-050/MG;Norte;Atropelamento de Animal;1;;;;;;;;;;1;;;;
20/08/2020;08:48:00;59;ac03 - Acidente com vítima ilesa;82,05;BR-050/MG;Norte;Colisão lateral no mesmo sentido;1;;1;;;;;;;;2;;;;
20/08/2020;23:19:43;174;ac03 - Acidente com vítima ilesa;274,3;BR-050/GO;Sul;Choque - Elemento de Drenagem;1;;;;;;;;;;1;;;;
21/08/2020;00:31:41;5;ac02 - Acidente com vítima;150;BR-050/GO;Sul;Choque - Objeto sobre a pista;1;;;;;;;;;;3;;1;;
21/08/2020;09:21:00;59;ac02 - Acidente com vítima;49,15;BR-050/MG;Sul;Tombamento;;;1;;;;;;;;0;1;;;
21/08/2020;10:58:57;85;ac03 - Acidente com vítima ilesa;100,4;BR-050/MG;Sul;Choque - Elemento de Drenagem;1;;;;;;;;;;1;;;;
21/08/2020;15:20:41;128;ac02 - Acidente com vítima;270,6;BR-050/GO;Sul;Capotamento;1;;;;;;;;;;0;;1;;
21/08/2020;18:34:52;154;ac03 - Acidente com vítima ilesa;280,6;BR-050/GO;Sul;Colisão Transversal;2;;;;;;;;;;2;;;;
21/08/2020;18:47:54;158;ac01 - Acidente com vitima fatal;146;BR-050/MG;Norte;Atropelamento - Pedestre;1;;1;;;;;;;;3;;;;1
22/08/2020;05:17:52;16;ac03 - Acidente com vítima ilesa;254,7;BR-050/GO;Norte;Colisão Traseira;1;;;;;;;;;1;2;;;;
22/08/2020;16:00:31;77;ac03 - Acidente com vítima ilesa;181,95;BR-050/MG;Sul;Choque - Elemento de Drenagem;1;;;;;;;;;;4;;;;
22/08/2020;18:11:37;93;ac02 - Acidente com vítima;60,9;BR-050/MG;Norte;Choque - Sinalização;1;;;;;;;;;;3;1;;;
24/08/2020;01:34:56;15;ac03 - Acidente com vítima ilesa;23,42;BR-050/MG;Sul;Choque - Elemento de Drenagem;1;;;;;;;;;;1;;;;
24/08/2020;15:58:39;119;ac02 - Acidente com vítima;247;BR-050/GO;Sul;Capotamento;1;;;;;;;;;;2;;1;;
24/08/2020;19:14:10;151;ac02 - Acidente com vítima;168,05;BR-050/MG;Sul;Colisão Traseira;;;;;;;;;;2;1;5;;;
25/08/2020;08:47:27;48;ac03 - Acidente com vítima ilesa;56,9;BR-050/MG;Sul;Colisão Traseira;2;;1;;;;;;;;2;;;;
25/08/2020;17:57:34;141;ac02 - Acidente com vítima;119,1;BR-050/GO;Sul;Queda de Moto;;;;1;;;;;;;0;;2;;
25/08/2020;20:30:02;157;ac03 - Acidente com vítima ilesa;244,1;BR-050/GO;Sul;Tombamento;;;1;;;;;;;;1;;;;
26/08/2020;09:04:50;40;ac02 - Acidente com vítima;190,4;BR-050/MG;Sul;Choque - New jersey;1;;1;;;;;;;;1;1;;;
26/08/2020;15:03:08;92;ac03 - Acidente com vítima ilesa;228,75;BR-050/GO;Norte;Tombamento;;;1;;;;;;;;1;;;;
26/08/2020;15:28:06;98;ac03 - Acidente com vítima ilesa;13;BR-050/MG;Sul;Saida de Pista;1;;;;;;;;;;1;;;;
26/08/2020;15:39:08;99;ac02 - Acidente com vítima;196;BR-050/MG;Norte;Queda de Moto;;;;1;;;;;;;0;2;;;
26/08/2020;19:23:07;139;ac02 - Acidente com vítima;171,6;BR-050/MG;Sul;Choque - New jersey;;;1;;;;;;;;0;1;;;
26/08/2020;22:24:37;167;ac02 - Acidente com vítima;138,08;BR-050/MG;Sul;Capotamento;;;1;;;;;;;;0;1;;;
27/08/2020;01:35:27;9;ac03 - Acidente com vítima ilesa;81;BR-050/MG;Norte;Saida de Pista;1;;;;;;;;;;1;;;;
27/08/2020;10:35:19;68;ac03 - Acidente com vítima ilesa;18;Contorno;Norte;Choque - Meio fio;1;;;;;;;;;;1;;;;
27/08/2020;11:35:22;80;ac02 - Acidente com vítima;247;BR-050/GO;Norte;Saida de Pista;;;;;;;;;;1;0;1;;;
27/08/2020;22:16:07;182;ac03 - Acidente com vítima ilesa;102,86;BR-050/MG;Sul;Choque - Defensa metálica;;;;;;;;;;1;1;;;;
28/08/2020;15:58:58;116;ac02 - Acidente com vítima;299,5;BR-050/GO;Sul;Colisão Traseira;1;;1;;;;;;;;3;;2;;
28/08/2020;18:00:45;136;ac02 - Acidente com vítima;174;BR-050/MG;Sul;Colisão Frontal;;;;;;1;;;;;0;1;;;
28/08/2020;21:26:08;183;ac03 - Acidente com vítima ilesa;191,4;BR-050/MG;Sul;Capotamento;1;;;;;;;;;1;2;;;;
29/08/2020;08:28:58;27;ac02 - Acidente com vítima;164,4;BR-050/MG;Sul;Tombamento;;;1;;;;;;;;0;2;;;
29/08/2020;11:09:20;55;ac02 - Acidente com vítima;132,1;BR-050/MG;Sul;Colisão lateral no mesmo sentido;1;;1;;;;;;;;0;4;;;
29/08/2020;17:40:01;119;ac02 - Acidente com vítima;119,9;BR-050/MG;Norte;Capotamento;1;;;;;;;;;;0;;1;;
29/08/2020;18:28:40;128;ac02 - Acidente com vítima;203,7;BR-050/MG;Sul;Choque - New jersey;1;;;;;;;;;;0;1;2;;
30/08/2020;04:24:09;20;ac02 - Acidente com vítima;21;Contorno;Norte;Choque - New jersey;;;;;;;;;;1;0;1;1;;
30/08/2020;10:01:46;47;ac03 - Acidente com vítima ilesa;238,1;BR-050/GO;Norte;Colisão Traseira;1;;;;;1;;;;;1;;;;
30/08/2020;16:39:58;113;ac02 - Acidente com vítima;202,599;BR-050/GO;Norte;Choque - Meio fio;1;;;;;;;;;;0;;2;;
30/08/2020;20:27:06;166;ac02 - Acidente com vítima;280;BR-050/GO;Norte;Colisão Transversal;2;;;;;;;;;;0;3;;;
30/08/2020;23:15:00;185;ac03 - Acidente com vítima ilesa;3,543;Contorno;Sul;Atropelamento de Animal;;;1;;;;;;;;1;;;;
30/08/2020;23:50:03;191;ac02 - Acidente com vítima;127;BR-050/MG;Norte;Colisão Traseira;;;2;;;;;;;;0;2;;;
31/08/2020;16:18:21;102;ac03 - Acidente com vítima ilesa;195;BR-050/MG;Sul;Saida de Pista;1;;;;;;;;;;5;;;;
31/08/2020;18:06:01;123;ac03 - Acidente com vítima ilesa;188,2;BR-050/MG;Norte;Choque - New jersey;1;;;;;;;;;;2;;;;
01/09/2020;01:17:27;7;ac02 - Acidente com vítima;58,5;BR-050/MG;Sul;Capotamento;;;;;;;;;;1;0;2;;;
01/09/2020;13:04:20;100;ac03 - Acidente com vítima ilesa;188,5;BR-050/GO;Norte;Choque - Outros;;;1;;;;;;;;1;;;;
01/09/2020;18:21:12;181;ac02 - Acidente com vítima;99;BR-050/GO;Norte;Tombamento;;;1;;;;;;;;0;1;;;
02/09/2020;09:31:07;112;ac02 - Acidente com vítima;182,65;BR-050/MG;Sul;Tombamento;;;1;;;;;;;;0;1;;;
03/09/2020;07:20:41;45;ac02 - Acidente com vítima;21,07;Contorno;Norte;Engavetamento;;1;;1;;1;;;;;0;2;;;
03/09/2020;09:35:25;88;ac03 - Acidente com vítima ilesa;46,8;BR-050/MG;Norte;Choque - Sinalização;1;;;;;;;;;;1;;;;
03/09/2020;15:01:23;169;ac03 - Acidente com vítima ilesa;304,95;BR-050/GO;Norte;Colisão Traseira;;;1;;;2;;;;;1;;;;
03/09/2020;20:13:53;248;ac03 - Acidente com vítima ilesa;226,3;BR-050/GO;Sul;Colisão Traseira;;;2;;;;;;;;2;;;;
03/09/2020;21:11:58;263;ac02 - Acidente com vítima;96,5;BR-050/MG;Sul;Colisão Traseira;;;2;;;;;;;;2;1;;;
04/09/2020;08:33:55;62;ac02 - Acidente com vítima;97,7;BR-050/GO;Norte;Colisão Transversal;;;;1;;1;;;;;0;1;;;
04/09/2020;12:36:33;156;ac02 - Acidente com vítima;131,5;BR-050/MG;Norte;Capotamento;1;;;;;;;;;;0;1;;;
04/09/2020;19:36:14;291;ac03 - Acidente com vítima ilesa;308,53;BR-050/GO;Sul;Colisão lateral no mesmo sentido;;;1;;;;;;;1;1;;;;
04/09/2020;19:43:55;294;ac03 - Acidente com vítima ilesa;308,7;BR-050/GO;Sul;Saida de Pista;1;;1;;;;;;;;3;;;;
05/09/2020;04:58:54;31;ac02 - Acidente com vítima;188,4;BR-050/MG;Norte;Colisão Traseira;;;2;;;;;;;;1;1;;;
05/09/2020;07:15:45;44;ac03 - Acidente com vítima ilesa;15;Contorno;Norte;Choque - Sinalização;1;;;;;;;;;;1;;;;
05/09/2020;08:28:14;64;ac03 - Acidente com vítima ilesa;269,1;BR-050/GO;Sul;Queda de Moto;;;;1;;;;;;;1;;;;
05/09/2020;17:07:28;199;ac03 - Acidente com vítima ilesa;51,2;BR-050/MG;Sul;Colisão Traseira;1;;1;;;;;;;;2;;;;
05/09/2020;18:26:31;223;ac02 - Acidente com vítima;18,88;Contorno;Sul;Choque - New jersey;;;;1;;;;;;;0;;;1;
05/09/2020;20:27:05;263;ac03 - Acidente com vítima ilesa;83,8;BR-050/MG;Norte;Tombamento;1;;;;;;;;;;1;;;;
05/09/2020;20:37:27;264;ac03 - Acidente com vítima ilesa;178,4;BR-050/MG;Sul;Choque - Sinalização;1;;;;;;;;;;2;;;;
05/09/2020;22:30:00;283;ac02 - Acidente com vítima;178,15;BR-050/MG;Sul;Queda de Moto;;;;1;;;;;;;0;;1;;
06/09/2020;00:58:00;6;ac03 - Acidente com vítima ilesa;113,5;BR-050/GO;Sul;Saida de Pista;1;;;;;;;;;;2;;;;
06/09/2020;01:31:06;8;ac02 - Acidente com vítima;54,32;BR-050/MG;Sul;Tombamento;;;1;;;;;;;;0;;2;;
06/09/2020;06:27:43;32;ac02 - Acidente com vítima;180;BR-050/MG;Norte;Queda de Moto;;;;1;;;;;;;0;1;;;
06/09/2020;09:45:52;73;ac02 - Acidente com vítima;181,55;BR-050/GO;Sul;Capotamento;1;;;;;;;;;;0;;1;;
06/09/2020;10:46:50;91;ac02 - Acidente com vítima;9,9;BR-050/MG;Norte;Queda de Moto;;;;1;;;;;;;1;1;;;
06/09/2020;18:54:48;163;ac02 - Acidente com vítima;277,5;BR-050/GO;Norte;Colisão lateral no mesmo sentido;;;1;1;;;;;;;1;;1;;