data;horario;n_da_ocorrencia;tipo_de_ocorrencia;km;trecho;sentido;tipo_de_acidente;automovel;bicicleta;caminhao;moto;onibus;outros;tracao_animal;transporte_de_cargas_especiais;trator_maquinas;utilitarios;ilesos;levemente_feridos;moderadamente_feridos;gravemente_feridos;mortos
06/01/2021;17:08:31;225;ac03 - Acidente com vítima ilesa;102,15;BR-050/GO;Norte;Choque - Arvore;1;;;;;;;;;;1;;;;
07/01/2021;07:15:53;53;ac03 - Acidente com vítima ilesa;167;BR-050/MG;Norte;Colisão lateral no mesmo sentido;;;1;;;;;;;1;2;;;;
07/01/2021;18:16:45;250;ac03 - Acidente com vítima ilesa;188;BR-050/MG;Sul;Choque - Sinalização;1;;;;;;;;;;2;;;;
07/01/2021;22:38:46;294;ac03 - Acidente com vítima ilesa;204;BR-050/MG;Norte;Choque - New jersey;;;;;;;;;;1;1;;;;
07/01/2021;23:13:55;298;ac02 - Acidente com vítima;113,9;BR-050/MG;Norte;Capotamento;1;;;;;;;;;;0;1;;;
08/01/2021;06:31:36;33;ac03 - Acidente com vítima ilesa;1,41;BR-050/MG;Norte;Choque - Meio fio;1;;;;;;;;;;2;;;;
08/01/2021;07:31:16;42;ac03 - Acidente com vítima ilesa;180,35;BR-050/MG;Norte;Colisão lateral no mesmo sentido;;;1;;;;;;;1;2;;;;
08/01/2021;12:16:07;141;ac02 - Acidente com vítima;200,8;BR-050/GO;Sul;Capotamento;1;;;;;;;;;;0;1;;;
08/01/2021;13:36:43;153;ac03 - Acidente com vítima ilesa;48,8;BR-050/MG;Norte;Choque - Meio fio;;;;;;;;;;1;2;;;;
08/01/2021;19:47:25;248;ac03 - Acidente com vítima ilesa;37;BR-050/MG;Sul;Colisão Traseira;2;;;;;;;;;;5;;;;
08/01/2021;20:46:54;263;ac02 - Acidente com vítima;186,2;BR-050/MG;Sul;Choque - Outros;1;;;;;;;;;;0;1;;;
09/01/2021;07:08:05;52;ac03 - Acidente com vítima ilesa;99,075;BR-050/GO;Norte;Tombamento;1;;;;;;;;;;1;;;;
09/01/2021;08:39:41;70;ac02 - Acidente com vítima;119,45;BR-050/MG;Norte;Queda de Moto;;;;1;;;;;;;0;1;;;
09/01/2021;10:00:37;97;ac03 - Acidente com vítima ilesa;45,5;BR-050/MG;Norte;Queda de Moto;;;;1;;;;;;;1;;;;
09/01/2021;16:32:05;220;ac03 - Acidente com vítima ilesa;130,9;BR-050/GO;Norte;Choque - Elemento de Drenagem;1;;;;;;;;;;4;;;;
09/01/2021;21:04:06;274;ac02 - Acidente com vítima;180;BR-050/MG;Norte;Colisão Traseira;1;;;1;;;;;;;2;1;;;
10/01/2021;05:39:37;23;ac02 - Acidente com vítima;54,14;BR-050/MG;Sul;Tombamento;;;1;;;;;;;;0;3;;;
10/01/2021;09:02:57;61;ac02 - Acidente com vítima;2;BR-050/MG;Norte;Choque - Elemento de Drenagem;;;1;;;;;;;;0;1;;;
10/01/2021;18:14:07;209;ac03 - Acidente com vítima ilesa;54;BR-050/MG;Norte;Choque - Elemento de Drenagem;1;;;;;;;;;;5;;;;
10/01/2021;21:26:27;254;ac02 - Acidente com vítima;114,95;BR-050/GO;Sul;Capotamento;1;;;;;;;;;;0;;;2;
11/01/2021;04:25:45;19;ac03 - Acidente com vítima ilesa;225,9;BR-050/GO;Norte;Choque - Elemento de Drenagem;1;;;;;;;;;;3;;;;
11/01/2021;11:04:17;113;ac03 - Acidente com vítima ilesa;302,6;BR-050/GO;Sul;Choque - Sinalização;;;;;;;;;;1;4;;;;
12/01/2021;00:04:46;2;ac02 - Acidente com vítima;123,5;BR-050/MG;Norte;Colisão Traseira;;;;;;;;;;1;0;1;;;
12/01/2021;03:37:35;26;ac02 - Acidente com vítima;127,7;BR-050/MG;Norte;Colisão Traseira;;;2;;;;;;;;0;2;;;
12/01/2021;04:31:30;33;ac03 - Acidente com vítima ilesa;280,5;BR-050/GO;Norte;Choque - Elemento de Drenagem;;;1;;;;;;;;1;;;;
12/01/2021;12:44:22;149;ac02 - Acidente com vítima;148,05;BR-050/MG;Sul;Choque - Arvore;;;1;;;;;;;;0;;1;;
12/01/2021;14:35:43;173;ac01 - Acidente com vitima fatal;172,4;BR-050/MG;Norte;Atropelamento - Pedestre;;;1;;;;;;;;0;1;;;1
12/01/2021;17:40:30;218;ac03 - Acidente com vítima ilesa;21,6;BR-050/MG;Norte;Choque - Veiculo parado no acostamento;;;1;;;;;;;1;0;;;;
13/01/2021;01:33:04;11;ac03 - Acidente com vítima ilesa;218,199;BR-050/GO;Sul;Tombamento;;;1;;;;;;;;1;;;;
13/01/2021;12:22:09;124;ac01 - Acidente com vitima fatal;99,3;BR-050/MG;Norte;Colisão Frontal;1;;1;;;;;;;;1;;2;;1
13/01/2021;12:32:24;126;ac03 - Acidente com vítima ilesa;169,8;BR-050/MG;Sul;Colisão Traseira;;;2;;;;;;;;2;;;;
13/01/2021;15:59:35;175;ac03 - Acidente com vítima ilesa;176;BR-050/MG;Sul;Choque - Elemento de Drenagem;1;;;;;;;;;;1;;;;
13/01/2021;17:27:50;200;ac03 - Acidente com vítima ilesa;198,17;BR-050/MG;Norte;Colisão Traseira;1;;1;;;;;;;;2;;;;
14/01/2021;07:58:33;60;ac03 - Acidente com vítima ilesa;6,48;Contorno;Norte;Choque - Elemento de Drenagem;1;;;;;;;;;;1;;;;
14/01/2021;07:59:55;61;ac03 - Acidente com vítima ilesa;29,7;BR-050/MG;Norte;Choque - Meio fio;1;;;;;;;;;;1;;;;
14/01/2021;10:04:02;91;ac03 - Acidente com vítima ilesa;102,2;BR-050/GO;Sul;Choque - Elemento de Drenagem;1;;;;;;;;;;1;;;;
14/01/2021;10:14:36;97;ac02 - Acidente com vítima;20;BR-050/MG;Sul;Colisão lateral no sentido contrário;;;1;;;;;;;1;1;3;;;
14/01/2021;10:19:56;99;ac03 - Acidente com vítima ilesa;18,9;BR-050/MG;Sul;Choque - Elemento de Drenagem;1;;;;;;;;;;2;;;;
14/01/2021;10:23:23;102;ac03 - Acidente com vítima ilesa;35;BR-050/MG;Sul;Choque - Elemento de Drenagem;1;;;;;;;;;;1;;;;
14/01/2021;14:48:33;171;ac02 - Acidente com vítima;251,25;BR-050/GO;Sul;Choque - Talude ou Barranco;1;;;;;;;;;;0;;;1;
14/01/2021;17:44:01;215;ac02 - Acidente com vítima;230,64;BR-050/GO;Norte;Choque - Defensa metálica;;;;;;;;;;1;0;;1;;
15/01/2021;11:15:55;116;ac03 - Acidente com vítima ilesa;178,69;BR-050/MG;Norte;Tombamento;;;1;;;;;;;;1;;;;
15/01/2021;14:42:28;169;ac03 - Acidente com vítima ilesa;177,8;BR-050/MG;Sul;Colisão Traseira;;;1;;;;;;;1;2;;;;
16/01/2021;00:39:05;8;ac03 - Acidente com vítima ilesa;214,7;BR-050/GO;Sul;Colisão Traseira;1;;1;;;;;;;;6;;;;
16/01/2021;03:42:50;32;ac03 - Acidente com vítima ilesa;268,5;BR-050/GO;Sul;Choque - Elemento de Drenagem;1;;;;;;;;;;3;;;;
16/01/2021;10:32:13;116;ac03 - Acidente com vítima ilesa;98,6;BR-050/GO;Norte;Capotamento;;;;;;;;;;1;1;;;;
16/01/2021;10:37:01;119;ac02 - Acidente com vítima;204,2;BR-050/MG;Norte;Colisão Traseira;2;;;;;;;;;;0;8;;;
16/01/2021;12:34:27;151;ac02 - Acidente com vítima;206,55;BR-050/MG;Sul;Colisão Traseira;1;;;;;;;;;1;4;1;;;
16/01/2021;14:50:53;181;ac03 - Acidente com vítima ilesa;6,8;Contorno;Sul;Capotamento;1;;;;;;;;;;4;;;;
16/01/2021;14:56:38;184;ac03 - Acidente com vítima ilesa;28,25;BR-050/MG;Norte;Choque - Elemento de Drenagem;;;;;;;;;;1;3;;;;
16/01/2021;15:08:05;185;ac03 - Acidente com vítima ilesa;9,6;BR-050/MG;Sul;Choque - Elemento de Drenagem;;;;;;1;;;;1;2;;;;
16/01/2021;15:17:24;186;ac02 - Acidente com vítima;182;BR-050/MG;Norte;Queda de Moto;;;;1;;;;;;;0;1;;;
16/01/2021;21:56:49;274;ac03 - Acidente com vítima ilesa;86,9;BR-050/MG;Norte;Choque - Arvore;1;;;;;;;;;;1;;;;
17/01/2021;08:06:32;38;ac03 - Acidente com vítima ilesa;31,1;BR-050/MG;Norte;Colisão lateral no sentido contrário;;;2;;;;;;;;2;;;;
17/01/2021;09:53:17;65;ac02 - Acidente com vítima;49,21;BR-050/MG;Sul;Queda de Ciclista;;1;;;;;;;;;0;;;1;
18/01/2021;06:39:27;32;ac02 - Acidente com vítima;55,68;BR-050/MG;Sul;Choque - Elemento de Drenagem;1;;;;;;;;;;0;;1;;
18/01/2021;07:37:21;48;ac03 - Acidente com vítima ilesa;270,6;BR-050/GO;Sul;Choque - Elemento de Drenagem;1;;;;;;;;;;1;;;;
18/01/2021;09:45:07;94;ac03 - Acidente com vítima ilesa;54,5;BR-050/MG;Norte;Choque - Talude ou Barranco;1;;;;;;;;;;1;;;;
18/01/2021;11:11:23;118;ac03 - Acidente com vítima ilesa;18;Contorno;Sul;Choque - New jersey;1;;;;;;;;;;1;;;;
18/01/2021;23:54:40;299;ac02 - Acidente com vítima;28,7;BR-050/MG;Norte;Tombamento;;;1;;;;;;;;2;1;;;
19/01/2021;00:07:28;4;ac03 - Acidente com vítima ilesa;1,3;Contorno;Norte;Choque - Defensa metálica;;;1;;;;;;;;1;;;;
19/01/2021;13:04:49;154;ac02 - Acidente com vítima;306,4;BR-050/GO;Sul;Tombamento;;;1;;;;;;;;0;;1;;
19/01/2021;16:21:34;210;ac02 - Acidente com vítima;150,58;BR-050/MG;Sul;Choque - Elemento de Drenagem;1;;;;;;;;;;0;1;;;
19/01/2021;21:09:27;268;ac03 - Acidente com vítima ilesa;97;BR-050/GO;Norte;Choque - Meio fio;1;;;;;;;;;;4;;;;
20/01/2021;00:14:43;2;ac03 - Acidente com vítima ilesa;57;BR-050/MG;Norte;Choque - Elemento de Drenagem;1;;;;;;;;;;1;;;;
20/01/2021;11:26:59;140;ac02 - Acidente com vítima;286,3;BR-050/GO;Norte;Queda de Moto;;;;1;;;;;;;0;1;;;
20/01/2021;22:03:04;294;ac03 - Acidente com vítima ilesa;101,1;BR-050/MG;Norte;Colisão Traseira;;;1;;;1;;;;1;3;;;;
21/01/2021;20:23:06;229;ac03 - Acidente com vítima ilesa;118;BR-050/MG;Norte;Choque - Elemento de Drenagem;;;;;;;;;;1;1;;;;
22/01/2021;09:13:51;82;ac02 - Acidente com vítima;279,1;BR-050/GO;Sul;Queda de Ciclista;;1;;;;;;;;;0;;1;;
22/01/2021;17:18:07;232;ac03 - Acidente com vítima ilesa;151,54;BR-050/MG;Sul;Choque - Talude ou Barranco;;;1;;;;;;;;1;;;;
22/01/2021;18:15:43;248;ac03 - Acidente com vítima ilesa;180;BR-050/MG;Sul;Colisão lateral no mesmo sentido;1;;1;;;;;;;;4;;;;
22/01/2021;20:55:19;285;ac03 - Acidente com vítima ilesa;152,3;BR-050/MG;Norte;Colisão lateral no mesmo sentido;1;;1;;;;;;;;1;;;;
22/01/2021;22:10:58;299;ac03 - Acidente com vítima ilesa;271,6;BR-050/GO;Norte;Colisão Traseira;;;2;;;;;;;;2;;;;
23/01/2021;12:27:48;128;ac03 - Acidente com vítima ilesa;171,15;BR-050/MG;Norte;Colisão Traseira;1;;1;;;;;;;;3;;;;
23/01/2021;14:44:00;165;ac02 - Acidente com vítima;289,6;BR-050/GO;Sul;Capotamento;1;;;;;;;;;;0;;4;;
23/01/2021;18:56:31;231;ac02 - Acidente com vítima;101;BR-050/MG;Sul;Atropelamento de Animal;1;;;;;;;;;;0;1;;;
23/01/2021;20:44:31;254;ac01 - Acidente com vitima fatal;187,15;BR-050/GO;Norte;Colisão Traseira;;;1;1;;;;;;;3;;;;1
24/01/2021;04:03:57;21;ac02 - Acidente com vítima;23,39;BR-050/MG;Sul;Choque - Elemento de Drenagem;;;;;1;;;;;;23;1;;;
24/01/2021;05:04:38;27;ac03 - Acidente com vítima ilesa;201;BR-050/MG;Sul;Choque - Meio fio;1;;;;;;;;;;1;;;;
24/01/2021;05:19:38;30;ac03 - Acidente com vítima ilesa;119;BR-050/GO;Sul;Colisão Traseira;1;;;;;;;;;1;2;;;;
24/01/2021;18:52:36;201;ac03 - Acidente com vítima ilesa;168,2;BR-050/MG;Sul;Choque - New jersey;1;;;;;;;;;;1;;;;
24/01/2021;19:16:09;209;ac03 - Acidente com vítima ilesa;2;Contorno;Norte;Choque - Sinalização;1;;;;;;;;;;4;;;;
24/01/2021;19:33:42;215;ac03 - Acidente com vítima ilesa;126,6;BR-050/MG;Norte;Capotamento;1;;;;;;;;;;1;;;;
25/01/2021;06:48:09;35;ac02 - Acidente com vítima;313,2;BR-050/GO;Sul;Choque - Veiculo parado na pista;;1;;;1;;;;;;1;1;;;
25/01/2021;14:43:44;173;ac02 - Acidente com vítima;172,35;BR-050/MG;Norte;Capotamento;;;;;;;;;;1;0;1;;;
25/01/2021;15:45:03;183;ac02 - Acidente com vítima;139,6;BR-050/MG;Sul;Capotamento;;;;;;;;;;1;0;2;;;
26/01/2021;17:41:08;239;ac02 - Acidente com vítima;147,4;BR-050/MG;Sul;Choque - Defensa metálica;;;1;;;;;;;;0;;;1;
27/01/2021;06:58:47;25;ac02 - Acidente com vítima;46,4;BR-050/MG;Sul;Queda de Ciclista;;1;;;;;;;;;0;1;;;
27/01/2021;08:06:21;42;ac03 - Acidente com vítima ilesa;181,5;BR-050/GO;Norte;Choque - Meio fio;;;1;;;;;;;;1;;;;
27/01/2021;09:19:49;60;ac03 - Acidente com vítima ilesa;205,9;BR-050/GO;Norte;Colisão lateral no sentido contrário;2;;;;;;;;;;4;;;;
27/01/2021;12:17:00;136;ac03 - Acidente com vítima ilesa;231,03;BR-050/GO;Norte;Choque - Elemento de Drenagem;;;;;;;;;;1;1;;;;
27/01/2021;13:15:10;150;ac02 - Acidente com vítima;59,8;BR-050/MG;Sul;Colisão Traseira;1;;1;;;;;;;;1;;2;;
29/01/2021;13:02:25;151;ac02 - Acidente com vítima;178,25;BR-050/MG;Norte;Colisão Traseira;;;1;1;;;;;;;1;1;;;
30/01/2021;00:16:32;1;ac02 - Acidente com vítima;170,5;BR-050/MG;Sul;Colisão Traseira;;;2;;;;;;;;1;;;1;
30/01/2021;04:03:52;11;ac03 - Acidente com vítima ilesa;62,3;BR-050/MG;Sul;Choque - Meio fio;1;;;;;;;;;;2;;;;
30/01/2021;09:29:50;66;ac03 - Acidente com vítima ilesa;279;BR-050/GO;Sul;Colisão lateral no mesmo sentido;2;;;;;;;;;;2;;;;
30/01/2021;09:52:41;77;ac03 - Acidente com vítima ilesa;59,35;BR-050/MG;Sul;Choque - Elemento de Drenagem;1;;1;;;;;;;;6;;;;
30/01/2021;14:03:04;119;ac02 - Acidente com vítima;165;BR-050/MG;Norte;Choque - New jersey;;;;;;1;;;;1;0;4;;;
30/01/2021;23:54:35;255;ac03 - Acidente com vítima ilesa;224,5;BR-050/GO;Sul;Choque - Outros;;;1;;;;;;;;1;;;;
31/01/2021;18:35:02;194;ac03 - Acidente com vítima ilesa;36;BR-050/MG;Norte;Queda de Moto;;;;1;;;;;;;2;;;;
31/01/2021;18:57:55;200;ac02 - Acidente com vítima;36;BR-050/MG;Norte;Queda de Moto;;;;1;;;;;;;0;;2;;
31/01/2021;22:54:23;246;ac02 - Acidente com vítima;174,6;BR-050/MG;Sul;Colisão Traseira;1;;;1;;;;;;;2;1;;;
01/02/2021;00:37:21;2;ac03 - Acidente com vítima ilesa;195,9;BR-050/MG;Sul;Choque - Meio fio;1;;;;;;;;;;1;;;;
01/02/2021;01:14:34;4;ac03 - Acidente com vítima ilesa;158,8;BR-050/GO;Norte;Choque - Sinalização;;;1;;;;;;;;1;;;;
01/02/2021;03:41:43;16;ac02 - Acidente com vítima;123;BR-050/MG;Norte;Choque - Meio fio;1;;;;;;;;;;0;2;1;;
01/02/2021;16:39:01;185;ac03 - Acidente com vítima ilesa;177,3;BR-050/MG;Sul;Choque - Meio fio;1;;;;;;;;;;1;;;;
01/02/2021;18:24:40;211;ac03 - Acidente com vítima ilesa;241,7;BR-050/GO;Sul;Choque - Talude ou Barranco;1;;;;;;;;;;1;;;;
02/02/2021;02:10:59;14;ac03 - Acidente com vítima ilesa;102,4;BR-050/MG;Sul;Choque - Elemento de Drenagem;1;;;;;;;;;;4;;;;
02/02/2021;12:00:44;124;ac02 - Acidente com vítima;279,4;BR-050/GO;Norte;Choque - Veiculo parado no acostamento;;;1;1;;;;;;;1;;1;;
03/02/2021;01:36:17;8;ac03 - Acidente com vítima ilesa;127,5;BR-050/MG;Norte;Colisão Traseira;;;;;;1;;;;1;1;;;;
03/02/2021;08:16:58;50;ac03 - Acidente com vítima ilesa;176,1;BR-050/MG;Norte;Engavetamento;2;;2;;;1;;;;;5;;;;
03/02/2021;08:50:33;60;ac02 - Acidente com vítima;177,3;BR-050/MG;Norte;Colisão Traseira;;;;1;;;;;;1;1;1;;;
03/02/2021;19:01:56;258;ac02 - Acidente com vítima;19,2;Contorno;Sul;Colisão Traseira;1;1;;;;;;;;;0;;;1;
05/02/2021;00:40:22;6;ac02 - Acidente com vítima;98,4;BR-050/MG;Norte;Choque - Elemento de Drenagem;1;;;;;;;;;;0;4;;;
05/02/2021;03:48:33;33;ac02 - Acidente com vítima;63,3;BR-050/MG;Sul;Choque - Elemento de Drenagem;;;;;;;;;;1;0;1;;;
05/02/2021;07:59:38;77;ac02 - Acidente com vítima;37,65;BR-050/MG;Norte;Colisão lateral no mesmo sentido;1;;;2;;;;;;;2;;2;;
05/02/2021;10:43:23;122;ac02 - Acidente com vítima;96,1;BR-050/GO;Norte;Colisão Transversal;;;1;;;;;;;1;1;1;;;
05/02/2021;12:22:13;154;ac02 - Acidente com vítima;45,1;BR-050/MG;Sul;Choque - Defensa metálica;;;1;;;;;;;;0;1;;;
05/02/2021;13:49:57;176;ac02 - Acidente com vítima;39,4;BR-050/MG;Norte;Choque - New jersey;1;;;;;;;;;;1;1;;;
06/02/2021;06:56:39;37;ac03 - Acidente com vítima ilesa;260,12;BR-050/GO;Norte;Choque - Defensa metálica;1;;;;;;;;;;1;;;;
06/02/2021;10:33:17;89;ac03 - Acidente com vítima ilesa;52;BR-050/MG;Sul;Choque - Defensa metálica;1;;;;;;;;;;1;;;;
06/02/2021;13:43:33;140;ac02 - Acidente com vítima;148,4;BR-050/MG;Sul;Capotamento;1;;1;;;;;;;;1;1;;;
06/02/2021;13:47:57;143;ac02 - Acidente com vítima;6,6;Contorno;Norte;Capotamento;1;;;;;;;;;;0;1;;;
06/02/2021;14:55:35;158;ac03 - Acidente com vítima ilesa;49,8;BR-050/MG;Sul;Choque - Meio fio;1;;;;;;;;;;3;;;;
06/02/2021;16:45:23;192;ac03 - Acidente com vítima ilesa;198;BR-050/MG;Sul;Engavetamento;3;;1;;;;;;;1;8;;;;
06/02/2021;16:51:52;194;ac03 - Acidente com vítima ilesa;37,8;BR-050/MG;Sul;Capotamento;;;;;;;;;;1;1;;;;
06/02/2021;17:45:54;209;ac02 - Acidente com vítima;17;BR-050/MG;Norte;Choque - Elemento de Drenagem;1;;;;;;;;;;0;1;;;
06/02/2021;19:04:15;231;ac02 - Acidente com vítima;46,97;BR-050/MG;Sul;Capotamento;1;;;;;;;;;;0;;2;;
07/02/2021;05:06:03;20;ac03 - Acidente com vítima ilesa;154,5;BR-050/MG;Norte;Choque - Outros;1;;;;;;;;;;1;;;;
07/02/2021;12:21:38;123;ac03 - Acidente com vítima ilesa;93,15;BR-050/MG;Sul;Choque - Sinalização;1;;;;;;;;;;4;;;;
07/02/2021;15:52:25;172;ac02 - Acidente com vítima;1;BR-050/MG;Sul;Choque - Elemento de Drenagem;1;;;;;;;;;;0;1;;;
07/02/2021;16:28:55;180;ac03 - Acidente com vítima ilesa;244;BR-050/GO;Norte;Choque - Meio fio;1;;;;;;;;;;1;;;;
07/02/2021;16:35:49;182;ac03 - Acidente com vítima ilesa;221,025;BR-050/GO;Norte;Choque - Sinalização;;;1;;;;;;;;1;;;;
07/02/2021;16:57:06;187;ac03 - Acidente com vítima ilesa;20;BR-050/MG;Norte;Choque - Meio fio;1;;;;;;;;;;2;;;;
07/02/2021;17:07:19;191;ac03 - Acidente com vítima ilesa;235,34;BR-050/GO;Norte;Choque - Outros;1;;;;;;;;;;5;;;;
07/02/2021;18:39:44;211;ac03 - Acidente com vítima ilesa;98;BR-050/GO;Norte;Choque - Sinalização;;;;;;;;;;1;2;;;;
07/02/2021;19:45:25;226;ac03 - Acidente com vítima ilesa;201,28;BR-050/GO;Sul;Capotamento;1;;;;;;;;;;5;;;;
07/02/2021;20:52:02;237;ac01 - Acidente com vitima fatal;50,3;BR-050/MG;Sul;Atropelamento - Pedestre;;;1;;;;;;;;0;;;;1
08/02/2021;11:46:55;115;ac02 - Acidente com vítima;192,25;BR-050/MG;Sul;Engavetamento;;;1;;1;;;;1;2;4;;1;;
08/02/2021;16:33:31;164;ac02 - Acidente com vítima;174;BR-050/MG;Norte;Choque - New jersey;;;1;;;;;;;;0;1;1;;
08/02/2021;17:30:49;181;ac03 - Acidente com vítima ilesa;177;BR-050/MG;Sul;Colisão Traseira;1;;;;;1;;;;;2;;;;
08/02/2021;21:35:25;241;ac02 - Acidente com vítima;21,5;Contorno;Sul;Choque - New jersey;1;;;;;;;;;;0;;1;;
09/02/2021;12:45:52;151;ac02 - Acidente com vítima;190,2;BR-050/MG;Sul;Colisão Traseira;2;;;;;;;;;;1;1;;;
09/02/2021;13:36:14;160;ac02 - Acidente com vítima;55,6;BR-050/MG;Norte;Choque - New jersey;;;1;;;;;;;;0;1;;;
09/02/2021;17:48:45;218;ac03 - Acidente com vítima ilesa;147,1;BR-050/MG;Norte;Choque - Defensa metálica;;;1;;;;;;;;1;;;;
09/02/2021;18:00:29;222;ac02 - Acidente com vítima;189;BR-050/MG;Norte;Queda de Moto;;;;1;;;;;;;0;2;;;
09/02/2021;18:02:00;223;ac02 - Acidente com vítima;147,75;BR-050/MG;Sul;Choque - Elemento de Drenagem;;;1;;;;;;;;1;;1;;
09/02/2021;20:44:00;256;ac02 - Acidente com vítima;310;BR-050/GO;Norte;Colisão lateral no sentido contrário;;;1;;;;;;;1;1;;;1;
10/02/2021;18:38:28;235;ac03 - Acidente com vítima ilesa;190,6;BR-050/MG;Sul;Colisão Traseira;;;;;1;;;;;1;1;;;;
11/02/2021;02:42:45;22;ac03 - Acidente com vítima ilesa;177;BR-050/MG;Norte;Choque - Sinalização;1;;;;;;;;;;1;;;;
11/02/2021;07:23:40;54;ac03 - Acidente com vítima ilesa;145,1;BR-050/MG;Sul;Choque - Talude ou Barranco;1;;;;;;;;;;1;;;;
11/02/2021;08:42:04;83;ac02 - Acidente com vítima;192,95;BR-050/MG;Sul;Colisão Traseira;1;;;;;;;;;1;2;;1;;
11/02/2021;09:29:58;102;ac02 - Acidente com vítima;301,3;BR-050/GO;Norte;Colisão Traseira;;;2;;;;;;;;2;;2;;
11/02/2021;10:09:08;117;ac02 - Acidente com vítima;227,04;BR-050/GO;Norte;Choque - Defensa metálica;;;;;;;;;;1;0;;1;;
11/02/2021;13:26:35;176;ac03 - Acidente com vítima ilesa;6,5;BR-050/MG;Norte;Choque - Veiculo parado no acostamento;;;2;;;;;;;;2;;;;
11/02/2021;15:54:43;209;ac03 - Acidente com vítima ilesa;46,5;BR-050/MG;Sul;Colisão Traseira;;;;;;;;;;2;2;;;;
11/02/2021;16:32:26;216;ac03 - Acidente com vítima ilesa;34,7;BR-050/MG;Sul;Choque - Veiculo parado no acostamento;;;1;;;1;;;;;2;;;;
11/02/2021;16:52:05;225;ac03 - Acidente com vítima ilesa;245,1;BR-050/GO;Sul;Choque - Talude ou Barranco;1;;;;;;;;;;1;;;;
11/02/2021;18:35:10;250;ac03 - Acidente com vítima ilesa;61;BR-050/MG;Norte;Colisão lateral no mesmo sentido;1;;;;;;;;;1;2;;;;
12/02/2021;04:19:13;31;ac03 - Acidente com vítima ilesa;181,2;BR-050/MG;Sul;Atropelamento de Animal;;;1;;;;;;;;1;;;;
12/02/2021;04:55:22;39;ac03 - Acidente com vítima ilesa;201,28;BR-050/GO;Sul;Queda de Moto;;;;1;;;;;;;1;;;;
12/02/2021;07:37:53;64;ac03 - Acidente com vítima ilesa;42;BR-050/MG;Norte;Engavetamento;;;2;;;1;;;;;3;;;;
12/02/2021;08:32:19;82;ac03 - Acidente com vítima ilesa;196,6;BR-050/GO;Sul;Choque - Defensa metálica;1;;;;;;;;;;2;;;;
12/02/2021;10:04:43;106;ac02 - Acidente com vítima;198,17;BR-050/MG;Norte;Atropelamento - Funcionário;;;;;;1;;;;;0;1;;;
12/02/2021;13:56:41;178;ac02 - Acidente com vítima;30,4;BR-050/MG;Norte;Choque - Defensa metálica;;;1;;;;;;;;0;1;1;;
13/02/2021;02:52:20;24;ac02 - Acidente com vítima;179,15;BR-050/MG;Sul;Queda de Moto;;;;1;;;;;;;0;1;;;
13/02/2021;12:17:48;140;ac03 - Acidente com vítima ilesa;204,5;BR-050/MG;Sul;Choque - Talude ou Barranco;1;;;;;;;;;;5;;;;
13/02/2021;13:06:20;154;ac03 - Acidente com vítima ilesa;281;BR-050/GO;Norte;Queda de Moto;;;;1;;;;;;;2;;;;
13/02/2021;15:47:59;185;ac02 - Acidente com vítima;234,04;BR-050/GO;Sul;Choque - Defensa metálica;1;;;;;;;;;;0;1;;;
13/02/2021;15:59:06;191;ac03 - Acidente com vítima ilesa;235,25;BR-050/GO;Sul;Choque - Defensa metálica;1;;;;;;;;;;3;;;;
13/02/2021;17:11:03;198;ac03 - Acidente com vítima ilesa;216,32;BR-050/GO;Sul;Choque - Outros;1;;;;;;;;;;1;;;;
13/02/2021;18:12:06;214;ac02 - Acidente com vítima;182,5;BR-050/GO;Sul;Capotamento;1;;;;;;;;;;0;;1;;
13/02/2021;18:20:29;216;ac03 - Acidente com vítima ilesa;196,45;BR-050/GO;Sul;Choque - Defensa metálica;;;;;;;;;;1;3;;;;
13/02/2021;20:17:41;245;ac03 - Acidente com vítima ilesa;136;BR-050/MG;Sul;Choque - Outros;1;;1;;;;;;;;2;;;;
13/02/2021;23:35:12;275;ac02 - Acidente com vítima;275,5;BR-050/GO;Norte;Choque - Sinalização;;;;1;;;;;;;0;1;;;
14/02/2021;10:50:45;80;ac01 - Acidente com vitima fatal;17,12;BR-050/MG;Sul;Choque - Defensa metálica;;;;1;;;;;;;0;;;;1