data;horario;n_da_ocorrencia;tipo_de_ocorrencia;km;trecho;sentido;tipo_de_acidente;automovel;bicicleta;caminhao;moto;onibus;outros;tracao_animal;transporte_de_cargas_especiais;trator_maquinas;utilitarios;ilesos;levemente_feridos;moderadamente_feridos;gravemente_feridos;mortos
14/02/2021;16:19:09;152;ac03 - Acidente com vítima ilesa;27,35;BR-050/MG;Sul;Choque - Elemento de Drenagem;1;;;;;;;;;;1;;;;
14/02/2021;17:54:56;179;ac02 - Acidente com vítima;295,4;BR-050/GO;Sul;Queda de Moto;;;;1;;;;;;;0;1;1;;
14/02/2021;17:59:50;180;ac03 - Acidente com vítima ilesa;259,18;BR-050/GO;Norte;Choque - Elemento de Drenagem;;;;;;;;;;1;3;;;;
14/02/2021;19:46:57;203;ac03 - Acidente com vítima ilesa;180;BR-050/MG;Norte;Choque - Elemento de Drenagem;1;;;;;;;;;;3;;;;
14/02/2021;21:24:57;225;ac03 - Acidente com vítima ilesa;126,8;BR-050/MG;Sul;Choque - Meio fio;1;;;;;;;;;;1;;;;
15/02/2021;00:08:38;3;ac03 - Acidente com vítima ilesa;123,8;BR-050/MG;Sul;Choque - Elemento de Drenagem;1;;;;;;;;;;1;;;;
15/02/2021;07:54:52;41;ac02 - Acidente com vítima;179,2;BR-050/MG;Sul;Choque - New jersey;1;;;;;;;;;;0;1;;;
15/02/2021;16:22:38;241;ac02 - Acidente com vítima;19,7;Contorno;Norte;Choque - New jersey;1;;;;;;;;;;1;2;;;
15/02/2021;17:03:46;261;ac03 - Acidente com vítima ilesa;19,95;BR-050/MG;Sul;Choque - Talude ou Barranco;;;;;;;;;;1;2;;;;
15/02/2021;17:17:09;268;ac03 - Acidente com vítima ilesa;58,2;BR-050/MG;Norte;Choque - Sinalização;1;;;;;;;;;;5;;;;
15/02/2021;21:28:09;314;ac03 - Acidente com vítima ilesa;3,75;BR-050/MG;Sul;Choque - Elemento de Drenagem;1;;;;;;;;;;1;;;;
16/02/2021;11:39:19;165;ac03 - Acidente com vítima ilesa;176;BR-050/MG;Sul;Choque - Defensa metálica;;;1;;;;;;;;2;;;;
16/02/2021;12:09:06;176;ac03 - Acidente com vítima ilesa;25,35;BR-050/MG;Norte;Choque - Veiculo parado no acostamento;1;;;;1;;;;;;2;;;;
16/02/2021;17:36:50;264;ac03 - Acidente com vítima ilesa;179;BR-050/MG;Sul;Colisão lateral no mesmo sentido;1;;1;;;;;;;;4;;;;
16/02/2021;18:24:01;281;ac02 - Acidente com vítima;82;BR-050/MG;Norte;Colisão Traseira;1;;1;;;;;;;;1;2;;;
16/02/2021;23:14:37;335;ac02 - Acidente com vítima;198;BR-050/MG;Sul;Atropelamento - Funcionário;1;;;;;;;;;;1;1;;;
17/02/2021;13:40:26;153;ac03 - Acidente com vítima ilesa;29,9;BR-050/MG;Sul;Choque - Defensa metálica;1;;;;;;;;;;2;;;;
17/02/2021;15:08:30;169;ac03 - Acidente com vítima ilesa;253,24;BR-050/GO;Sul;Choque - Sinalização;1;;;;;;;;;;4;;;;
17/02/2021;15:37:12;173;ac02 - Acidente com vítima;86;BR-050/MG;Norte;Capotamento;1;;;;;;;;;;0;2;;;
18/02/2021;03:10:18;13;ac03 - Acidente com vítima ilesa;226;BR-050/GO;Sul;Choque - Defensa metálica;;;;;;;;;;1;1;;;;
18/02/2021;05:51:57;24;ac02 - Acidente com vítima;17,42;BR-050/MG;Norte;Choque - Veiculo parado no acostamento;1;;1;;;;;;;;1;;;1;
18/02/2021;07:16:16;45;ac02 - Acidente com vítima;180;BR-050/MG;Sul;Colisão lateral no mesmo sentido;1;;;;;1;;;;;0;1;;;
18/02/2021;10:41:57;106;ac02 - Acidente com vítima;37,8;BR-050/MG;Sul;Choque - Veiculo parado no acostamento;1;;1;;;;;;;;1;;2;1;
18/02/2021;13:12:59;152;ac03 - Acidente com vítima ilesa;198;BR-050/MG;Norte;Choque - Veiculo parado na pista;;;2;;;;;;;;1;;;;
19/02/2021;12:34:15;144;ac02 - Acidente com vítima;119,9;BR-050/MG;Norte;Capotamento;1;;;;;;;;;;0;1;;;
19/02/2021;13:32:29;156;ac02 - Acidente com vítima;201,4;BR-050/GO;Sul;Colisão lateral no mesmo sentido;;;1;;;;;;;1;1;1;;;
19/02/2021;16:13:25;212;ac02 - Acidente com vítima;270;BR-050/GO;Norte;Capotamento;;;;;;;;;;1;0;;3;2;
19/02/2021;17:19:39;236;ac02 - Acidente com vítima;18;Contorno;Sul;Colisão lateral no mesmo sentido;1;;1;;;;;;;;1;2;;;
19/02/2021;20:50:27;297;ac03 - Acidente com vítima ilesa;262;BR-050/GO;Norte;Colisão Traseira;;;2;;;;;;;;2;;;;
20/02/2021;20:57:35;280;ac02 - Acidente com vítima;9,3;Contorno;Sul;Capotamento;1;;;;;;;;;;0;2;;;
20/02/2021;23:33:38;309;ac02 - Acidente com vítima;116,4;BR-050/GO;Norte;Capotamento;1;;;;;;;;;;0;1;;;
21/02/2021;13:59:21;132;ac02 - Acidente com vítima;46,7;BR-050/MG;Norte;Colisão Transversal;;;1;;;;;;;2;4;;1;;
21/02/2021;14:41:57;140;ac03 - Acidente com vítima ilesa;130,4;BR-050/GO;Sul;Choque - Outros;1;;;;;;;;;;4;;;;
21/02/2021;16:27:53;166;ac02 - Acidente com vítima;260,26;BR-050/GO;Norte;Capotamento;1;;;;;;;;;;0;3;;;
21/02/2021;18:08:32;187;ac02 - Acidente com vítima;197;BR-050/MG;Norte;Colisão Traseira;1;;;;;;;;;1;3;1;;;
21/02/2021;19:02:53;212;ac03 - Acidente com vítima ilesa;62,1;BR-050/MG;Norte;Choque - Elemento de Drenagem;1;;;;;;;;;;1;;;;
21/02/2021;22:17:06;250;ac03 - Acidente com vítima ilesa;59,03;BR-050/MG;Sul;Choque - Elemento de Drenagem;;;;;;;;;;1;1;;;;
22/02/2021;07:01:07;39;ac03 - Acidente com vítima ilesa;13;BR-050/MG;Norte;Colisão Traseira;;;1;1;;;;;;;2;;;;
22/02/2021;14:52:04;149;ac03 - Acidente com vítima ilesa;14,1;BR-050/MG;Norte;Choque - Defensa metálica;;;1;;;;;;;;1;;;;
22/02/2021;15:43:45;162;ac02 - Acidente com vítima;118,92;BR-050/MG;Sul;Choque - Meio fio;;;;;;;;;;1;1;1;;;
22/02/2021;20:47:26;233;ac03 - Acidente com vítima ilesa;104,25;BR-050/MG;Sul;Colisão Traseira;;;2;;;;;;;;2;;;;
23/02/2021;10:23:31;127;ac02 - Acidente com vítima;204,88;BR-050/MG;Norte;Atropelamento - Pedestre;;;1;;;;;;;;1;;1;;
23/02/2021;11:41:10;164;ac03 - Acidente com vítima ilesa;206,55;BR-050/MG;Sul;Colisão Traseira;;;2;;;1;;;;;2;;;;
24/02/2021;03:52:15;26;ac02 - Acidente com vítima;60,2;BR-050/MG;Sul;Choque - Elemento de Drenagem;;;;;;1;;;;1;0;1;;;
24/02/2021;07:12:28;43;ac02 - Acidente com vítima;179,1;BR-050/MG;Norte;Choque - Objeto sobre a pista;;;;1;;;;;;;0;1;;;
24/02/2021;10:25:16;119;ac03 - Acidente com vítima ilesa;259,6;BR-050/GO;Norte;Capotamento;;;1;;;;;;;;1;;;;
24/02/2021;17:48:00;263;ac03 - Acidente com vítima ilesa;214,6;BR-050/GO;Norte;Choque - Outros;1;;;;;;;;;;1;;;;
25/02/2021;02:25:14;12;ac03 - Acidente com vítima ilesa;133,5;BR-050/GO;Norte;Tombamento;;;1;;;;;;;;1;;;;
25/02/2021;12:49:42;123;ac02 - Acidente com vítima;178,6;BR-050/MG;Norte;Choque - Meio fio;;;1;;;;;;;;0;1;;;
25/02/2021;15:07:45;146;ac03 - Acidente com vítima ilesa;193;BR-050/MG;Sul;Colisão lateral no mesmo sentido;1;;1;;;;;;;;2;;;;
25/02/2021;16:08:02;158;ac03 - Acidente com vítima ilesa;108,64;BR-050/GO;Norte;Choque - Talude ou Barranco;1;;;;;;;;;;4;;;;
25/02/2021;17:13:49;175;ac03 - Acidente com vítima ilesa;39,7;BR-050/MG;Norte;Choque - Defensa metálica;1;;;;;;;;;;1;;;;
25/02/2021;17:15:19;176;ac03 - Acidente com vítima ilesa;79;BR-050/MG;Sul;Colisão Traseira;;;2;;;;;;;1;3;;;;
25/02/2021;19:56:07;219;ac03 - Acidente com vítima ilesa;153,6;BR-050/MG;Sul;Choque - Elemento de Drenagem;1;;;;;;;;;;1;;;;
25/02/2021;21:40:22;238;ac03 - Acidente com vítima ilesa;150,36;BR-050/GO;Sul;Choque - Outros;;;;;;;;;;1;1;;;;
25/02/2021;22:21:03;242;ac02 - Acidente com vítima;112,05;BR-050/GO;Norte;Colisão lateral no mesmo sentido;1;;;1;;;;;;;4;1;;;
26/02/2021;16:11:49;203;ac02 - Acidente com vítima;293,65;BR-050/GO;Sul;Queda de Moto;;;;1;;;;;;;0;2;;;
26/02/2021;16:14:59;205;ac03 - Acidente com vítima ilesa;189,1;BR-050/MG;Sul;Colisão Traseira;1;;1;;1;;;;;;33;;;;
26/02/2021;23:35:49;287;ac03 - Acidente com vítima ilesa;21,1;BR-050/MG;Sul;Choque - Elemento de Drenagem;;;1;;;;;;;;1;;;;
27/02/2021;06:11:31;27;ac03 - Acidente com vítima ilesa;213,8;BR-050/GO;Norte;Choque - Outros;1;;;;;1;;;;;4;;;;
27/02/2021;13:05:24;184;ac03 - Acidente com vítima ilesa;52,9;BR-050/MG;Sul;Choque - Sinalização;;;1;;;;;;;;1;;;;
27/02/2021;15:08:31;216;ac03 - Acidente com vítima ilesa;1,54;BR-050/MG;Sul;Tombamento;;;1;;;;;;;;3;;;;
27/02/2021;15:32:50;219;ac03 - Acidente com vítima ilesa;149,3;BR-050/GO;Norte;Choque - Arvore;1;;;;;;;;;;1;;;;
27/02/2021;16:14:54;231;ac03 - Acidente com vítima ilesa;185;BR-050/GO;Norte;Choque - Meio fio;1;;;;;;;;;;1;;;;
28/02/2021;15:44:45;186;ac03 - Acidente com vítima ilesa;47;BR-050/MG;Norte;Choque - Defensa metálica;;;;;;;;;;1;1;;;;
28/02/2021;15:44:51;187;ac02 - Acidente com vítima;145;BR-050/MG;Sul;Choque - Talude ou Barranco;;;;;;;;;;1;0;1;;;
28/02/2021;17:10:24;203;ac03 - Acidente com vítima ilesa;47,5;BR-050/MG;Norte;Choque - Sinalização;1;;;;;;;;;;1;;;;
28/02/2021;19:35:07;252;ac02 - Acidente com vítima;148;BR-050/GO;Norte;Capotamento;1;;;;;;;;;;0;1;;;
01/03/2021;19:34:44;217;ac02 - Acidente com vítima;266;BR-050/GO;Norte;Queda de Ciclista;;1;;;;;;;;;0;1;;;
01/03/2021;20:57:07;229;ac03 - Acidente com vítima ilesa;98;BR-050/GO;Sul;Colisão Transversal;1;;1;;;;;;;1;7;;;;
01/03/2021;22:54:25;245;ac03 - Acidente com vítima ilesa;179;BR-050/MG;Norte;Choque - Defensa metálica;1;;;;;;;;;;5;;;;
02/03/2021;11:51:43;154;ac02 - Acidente com vítima;167;BR-050/MG;Sul;Colisão lateral no mesmo sentido;;;;1;;1;;;;;0;1;;;
02/03/2021;13:53:37;181;ac02 - Acidente com vítima;279,6;BR-050/GO;Sul;Colisão lateral no sentido contrário;;;;1;;;;;;1;1;2;;;
02/03/2021;18:55:58;250;ac02 - Acidente com vítima;280,7;BR-050/GO;Sul;Colisão lateral no sentido contrário;1;;;1;;;;;;;3;;1;;
02/03/2021;19:54:36;263;ac02 - Acidente com vítima;175,3;BR-050/MG;Norte;Colisão Traseira;2;;;;;;;;;;2;1;;;
02/03/2021;20:03:00;268;ac03 - Acidente com vítima ilesa;176;BR-050/MG;Norte;Colisão lateral no mesmo sentido;1;;1;;;;;;;;3;;;;
02/03/2021;20:15:00;281;ac03 - Acidente com vítima ilesa;176,3;BR-050/MG;Norte;Colisão Traseira;;;2;;;;;;;;2;;;;
02/03/2021;21:47:15;289;ac02 - Acidente com vítima;60,84;BR-050/MG;Norte;Colisão Traseira;1;;1;;;;;;;;4;1;;;
03/03/2021;05:37:40;21;ac03 - Acidente com vítima ilesa;179;BR-050/MG;Norte;Choque - Outros;;;1;;;;;;;;1;;;;
03/03/2021;23:15:30;342;ac03 - Acidente com vítima ilesa;29,9;BR-050/MG;Norte;Choque - Elemento de Drenagem;;;1;;;;;;;;1;;;;
04/03/2021;04:38:44;21;ac02 - Acidente com vítima;82;BR-050/MG;Norte;Colisão Traseira;;;1;;;;;;;1;1;1;;;
04/03/2021;05:58:09;24;ac03 - Acidente com vítima ilesa;249,8;BR-050/GO;Sul;Choque - Elemento de Drenagem;;;1;;;;;;;;2;;;;
04/03/2021;09:29:35;90;ac03 - Acidente com vítima ilesa;244,1;BR-050/GO;Norte;Tombamento;;;1;;;;;;;;1;;;;
04/03/2021;10:57:30;113;ac03 - Acidente com vítima ilesa;129,78;BR-050/MG;Sul;Choque - Objeto sobre a pista;;;;;;;;;;1;1;;;;
05/03/2021;14:15:33;180;ac03 - Acidente com vítima ilesa;229,49;BR-050/GO;Sul;Choque - Defensa metálica;1;;;;;;;;;;4;;;;
05/03/2021;14:19:49;182;ac03 - Acidente com vítima ilesa;230;BR-050/GO;Norte;Capotamento;;;;;;;;;;1;2;;;;
05/03/2021;19:48:26;275;ac03 - Acidente com vítima ilesa;54,8;BR-050/MG;Norte;Choque - Elemento de Drenagem;1;;1;;;;;;;;1;;;;
06/03/2021;16:06:27;187;ac02 - Acidente com vítima;27,6;BR-050/MG;Sul;Choque - Defensa metálica;;;1;;;;;;;;0;;1;;
06/03/2021;18:16:27;226;ac02 - Acidente com vítima;17,075;BR-050/MG;Sul;Capotamento;;;;;;;;;;1;0;2;;;
06/03/2021;18:24:18;227;ac03 - Acidente com vítima ilesa;209,9;BR-050/GO;Sul;Choque - Talude ou Barranco;1;;;;;;;;;;1;;;;
06/03/2021;23:11:53;269;ac03 - Acidente com vítima ilesa;6;Contorno;Sul;Atropelamento de Animal;1;;;;;;;;;;2;;;;
07/03/2021;03:33:45;15;ac03 - Acidente com vítima ilesa;289;BR-050/GO;Norte;Atropelamento de Animal;1;;;;;;;;;;5;;;;
07/03/2021;16:10:41;146;ac03 - Acidente com vítima ilesa;57,82;BR-050/MG;Norte;Colisão lateral no mesmo sentido;1;;1;;;;;;;;2;;;;
07/03/2021;22:05:37;219;ac02 - Acidente com vítima;36;BR-050/MG;Norte;Choque - New jersey;;;;;;;;;;1;0;1;;;
08/03/2021;15:24:10;183;ac03 - Acidente com vítima ilesa;47,6;BR-050/MG;Norte;Choque - Defensa metálica;;;;;;;;;;1;1;;;;
09/03/2021;13:22:07;132;ac02 - Acidente com vítima;278,82;BR-050/GO;Sul;Colisão Transversal;1;;;;;;;;;1;1;2;;;
09/03/2021;13:38:24;137;ac03 - Acidente com vítima ilesa;24,68;BR-050/MG;Sul;Choque - Meio fio;1;;;;;1;;;;;2;;;;
10/03/2021;04:00:42;22;ac03 - Acidente com vítima ilesa;152,42;BR-050/MG;Sul;Choque - Defensa metálica;1;;;;;;;;;;5;;;;
10/03/2021;06:20:58;33;ac03 - Acidente com vítima ilesa;21,2;Contorno;Norte;Colisão Traseira;2;;;;;;;;;;2;;;;
10/03/2021;14:14:57;198;ac03 - Acidente com vítima ilesa;97,7;BR-050/GO;Norte;Colisão lateral no mesmo sentido;1;;1;;;;;;;;2;;;;
10/03/2021;19:57:07;301;ac03 - Acidente com vítima ilesa;127,6;BR-050/GO;Sul;Choque - Elemento de Drenagem;1;;;;;;;;;;6;;;;
10/03/2021;21:36:42;322;ac03 - Acidente com vítima ilesa;49,62;BR-050/MG;Sul;Atropelamento de Animal;1;;;;;;;;;;1;;;;
11/03/2021;07:11:19;53;ac02 - Acidente com vítima;15;Contorno;Sul;Colisão Traseira;;;;;;1;;;;;0;1;;;
11/03/2021;07:21:12;56;ac02 - Acidente com vítima;81;BR-050/MG;Sul;Colisão Traseira;;;1;1;;;;;;;1;;1;;
11/03/2021;13:35:29;203;ac02 - Acidente com vítima;81;BR-050/MG;Norte;Queda de Moto;;;;1;;;;;;;0;1;;;
11/03/2021;15:50:55;250;ac03 - Acidente com vítima ilesa;136,1;BR-050/MG;Sul;Choque - Talude ou Barranco;;;1;;;;;;;;1;;;;
11/03/2021;18:09:33;300;ac03 - Acidente com vítima ilesa;27,3;BR-050/MG;Sul;Choque - Meio fio;1;;;;;;;;;;1;;;;
11/03/2021;19:24:40;336;ac02 - Acidente com vítima;13,7;BR-050/MG;Sul;Colisão Traseira;;;;;;;;;;2;4;;1;;
11/03/2021;21:37:01;364;ac01 - Acidente com vitima fatal;83,5;BR-050/MG;Sul;Colisão Traseira;1;;1;;;;;;;;1;;;;1
11/03/2021;23:42:20;384;ac03 - Acidente com vítima ilesa;100,5;BR-050/MG;Norte;Choque - Outros;;;;;;;;;;1;4;;;;
12/03/2021;06:36:34;27;ac02 - Acidente com vítima;110,8;BR-050/MG;Sul;Choque - Defensa metálica;;;;;1;;;;;;35;3;1;;
12/03/2021;09:32:04;79;ac02 - Acidente com vítima;200,4;BR-050/MG;Sul;Choque - New jersey;1;;1;;;;;;;;1;;1;;
12/03/2021;13:18:02;158;ac02 - Acidente com vítima;49,8;BR-050/MG;Sul;Choque - Elemento de Drenagem;1;;1;;;;;;;;2;4;;;
12/03/2021;14:23:26;175;ac03 - Acidente com vítima ilesa;20,36;BR-050/MG;Sul;Colisão lateral no mesmo sentido;;;2;;;1;;;;;3;;;;
12/03/2021;15:57:24;201;ac02 - Acidente com vítima;220,4;BR-050/GO;Norte;Queda de Moto;;;;1;;;;;;;0;1;;1;
12/03/2021;16:05:24;207;ac03 - Acidente com vítima ilesa;297,5;BR-050/GO;Sul;Choque - Veiculo parado no acostamento;;;;;;1;;;;1;0;;;;
13/03/2021;01:12:07;4;ac03 - Acidente com vítima ilesa;160;BR-050/GO;Sul;Capotamento;1;;;;;1;;;;;1;;;;
13/03/2021;06:33:56;30;ac02 - Acidente com vítima;108,64;BR-050/GO;Sul;Choque - Talude ou Barranco;1;;;;;;;;;;0;1;;;
13/03/2021;10:29:44;109;ac03 - Acidente com vítima ilesa;233;BR-050/GO;Norte;Capotamento;1;;;;;;;;;;1;;;;
13/03/2021;19:02:23;257;ac03 - Acidente com vítima ilesa;209;BR-050/GO;Norte;Atropelamento de Animal;1;;;;;;;;;;2;;;;
14/03/2021;13:22:20;128;ac01 - Acidente com vitima fatal;284,6;BR-050/GO;Sul;Colisão Frontal;2;;;;;;;;;;2;;;;1
14/03/2021;13:35:14;131;ac02 - Acidente com vítima;145;BR-050/MG;Sul;Choque - Sinalização;1;;;;;;;;;;2;;1;;
14/03/2021;13:38:30;132;ac02 - Acidente com vítima;44,2;BR-050/MG;Sul;Capotamento;1;;;;;;;;;;0;1;;;
14/03/2021;14:52:46;148;ac02 - Acidente com vítima;143;BR-050/MG;Sul;Choque - Veiculo parado no acostamento;;;1;;1;;;;;;1;1;;;
14/03/2021;18:40:17;197;ac02 - Acidente com vítima;29,9;BR-050/MG;Sul;Capotamento;;;;;;;;;;1;0;2;;;
14/03/2021;21:42:27;236;ac03 - Acidente com vítima ilesa;38;BR-050/MG;Sul;Choque - Elemento de Drenagem;;;;;;;;;;1;1;;;;
15/03/2021;06:25:46;24;ac02 - Acidente com vítima;151,35;BR-050/MG;Sul;Queda de Moto;;;;1;;;;;;;0;1;;;
15/03/2021;08:01:03;60;ac02 - Acidente com vítima;188,95;BR-050/GO;Sul;Choque - Arvore;1;;;;;;;;;;0;1;;;
15/03/2021;12:32:41;171;ac02 - Acidente com vítima;83,76;BR-050/MG;Norte;Colisão Traseira;;;;;;2;;;;1;0;1;;;
15/03/2021;13:06:31;182;ac02 - Acidente com vítima;111;BR-050/GO;Sul;Choque - Meio fio;;;1;;;;;;;;0;1;;;
15/03/2021;14:25:41;209;ac03 - Acidente com vítima ilesa;51;BR-050/MG;Norte;Colisão lateral no mesmo sentido;1;;;;;1;;;;;2;;;;
15/03/2021;15:47:51;229;ac03 - Acidente com vítima ilesa;164,3;BR-050/MG;Sul;Queda de veículo em ribanceira, ponte ou viaduto;1;;;;;;;;;;2;;;;
15/03/2021;17:26:23;254;ac03 - Acidente com vítima ilesa;7;Contorno;Sul;Choque - Elemento de Drenagem;1;;;;;;;;;;1;;;;
15/03/2021;19:00:39;285;ac02 - Acidente com vítima;179;BR-050/MG;Norte;Queda de Moto;;;;1;;;;;;;0;;1;;
15/03/2021;19:39:25;294;ac03 - Acidente com vítima ilesa;48,3;BR-050/MG;Sul;Choque - Elemento de Drenagem;;;;;;;;;;1;1;;;;
15/03/2021;20:41:18;306;ac03 - Acidente com vítima ilesa;179;BR-050/MG;Norte;Choque - Elemento de Drenagem;;;1;;;;;;;;1;;;;
16/03/2021;07:16:46;58;ac02 - Acidente com vítima;191;BR-050/MG;Sul;Choque - Sinalização;;;1;;;;;;;;0;;1;;
16/03/2021;15:12:26;216;ac03 - Acidente com vítima ilesa;27,8;BR-050/MG;Sul;Choque - Defensa metálica;;;1;;;;;;;;1;;;;
16/03/2021;17:49:31;270;ac02 - Acidente com vítima;37,5;BR-050/MG;Norte;Colisão Frontal;1;1;;;;;;;;;1;;;1;
16/03/2021;20:33:40;308;ac03 - Acidente com vítima ilesa;157,3;BR-050/MG;Sul;Choque - Elemento de Drenagem;1;;;;;;;;;;2;;;;
17/03/2021;00:02:56;4;ac03 - Acidente com vítima ilesa;157,38;BR-050/GO;Norte;Choque - Elemento de Drenagem;;;;;;;;;;1;1;;;;
17/03/2021;11:40:13;157;ac01 - Acidente com vitima fatal;54,26;BR-050/MG;Sul;Choque - New jersey;;;1;;;;;;;;0;;;;1
17/03/2021;11:41:06;158;ac02 - Acidente com vítima;41,7;BR-050/MG;Sul;Queda de Moto;;;;1;;;;;;;0;;1;;
17/03/2021;13:54:47;191;ac03 - Acidente com vítima ilesa;229,4;BR-050/GO;Sul;Choque - Elemento de Drenagem;1;;;;;;;;;;1;;;;
17/03/2021;17:48:50;257;ac03 - Acidente com vítima ilesa;180;BR-050/MG;Sul;Colisão Traseira;1;;;;;;;;;1;3;;;;
18/03/2021;06:43:23;25;ac02 - Acidente com vítima;108,63;BR-050/MG;Norte;Capotamento;1;;;;;;;;;;0;2;;;
18/03/2021;11:31:43;139;ac03 - Acidente com vítima ilesa;151,25;BR-050/MG;Sul;Colisão lateral no mesmo sentido;1;;1;;;;;;;;3;;;;
18/03/2021;11:52:50;145;ac03 - Acidente com vítima ilesa;205,15;BR-050/MG;Sul;Choque - Talude ou Barranco;1;;;;;;;;;;4;;;;
18/03/2021;15:18:15;194;ac03 - Acidente com vítima ilesa;198;BR-050/MG;Sul;Choque - Veiculo parado na pista;1;;1;;;;;;;;3;;;;
18/03/2021;21:33:37;295;ac03 - Acidente com vítima ilesa;137,9;BR-050/MG;Sul;Colisão Traseira;;;2;;;;;;;;3;;;;
19/03/2021;10:59:34;157;ac03 - Acidente com vítima ilesa;174,2;BR-050/MG;Sul;Tombamento;;;1;;;;;;;;1;;;;
19/03/2021;13:12:54;208;ac02 - Acidente com vítima;312,3;BR-050/GO;Norte;Choque - Meio fio;;;;1;;;;;;;0;;1;1;
19/03/2021;13:41:52;213;ac02 - Acidente com vítima;22,95;BR-050/MG;Norte;Colisão Traseira;;;2;;;;;;;;1;;;1;
19/03/2021;14:08:35;219;ac02 - Acidente com vítima;160,75;BR-050/MG;Sul;Choque - Elemento de Drenagem;;;1;;;;;;;;0;;1;;
19/03/2021;15:14:05;233;ac03 - Acidente com vítima ilesa;22,9;BR-050/MG;Sul;Colisão Traseira;;;;;;;;;;2;2;;;;
19/03/2021;17:25:11;289;ac02 - Acidente com vítima;164;BR-050/MG;Sul;Choque - Defensa metálica;;;1;;;;;;;;0;1;;;
19/03/2021;19:02:15;321;ac02 - Acidente com vítima;51,15;BR-050/MG;Norte;Choque - Meio fio;1;;;;;1;;;;;2;1;;;
19/03/2021;20:07:58;335;ac03 - Acidente com vítima ilesa;178,8;BR-050/MG;Norte;Colisão lateral no mesmo sentido;1;;1;;;;;;;;2;;;;
20/03/2021;00:59:37;9;ac02 - Acidente com vítima;173,9;BR-050/MG;Sul;Atropelamento - Pedestre;;;;;;1;;;;;0;;;1;
20/03/2021;09:49:59;122;ac02 - Acidente com vítima;39,6;BR-050/MG;Norte;Queda de Moto;;;;1;;;;;;;0;1;;;
21/03/2021;03:31:47;16;ac02 - Acidente com vítima;198;BR-050/GO;Norte;Choque - Elemento de Drenagem;1;;;;;;;;;;0;2;;;
21/03/2021;16:43:05;181;ac02 - Acidente com vítima;52,8;BR-050/MG;Norte;Choque - Elemento de Drenagem;;;;;;;;;;1;0;2;2;;
21/03/2021;17:51:13;197;ac02 - Acidente com vítima;17,03;BR-050/MG;Sul;Choque - Defensa metálica;1;;;;;;;;;;0;1;;;
21/03/2021;18:22:20;205;ac03 - Acidente com vítima ilesa;50,75;BR-050/MG;Sul;Choque - Sinalização;1;;;;;;;;;;1;;;;
22/03/2021;08:24:21;62;ac02 - Acidente com vítima;169,7;BR-050/MG;Sul;Choque - Defensa metálica;;;1;;;;;;;;0;1;;;
22/03/2021;10:12:56;100;ac03 - Acidente com vítima ilesa;105;BR-050/MG;Sul;Choque - Veiculo parado na pista;1;;1;;;;;;;;2;;;;
22/03/2021;11:01:36;130;ac02 - Acidente com vítima;115,62;BR-050/GO;Norte;Capotamento;1;;;;;;;;;;3;1;;;
23/03/2021;07:54:30;44;ac03 - Acidente com vítima ilesa;129,4;BR-050/MG;Norte;Colisão lateral no mesmo sentido;;;1;;;;;;;1;2;;;;
23/03/2021;10:11:02;102;ac03 - Acidente com vítima ilesa;152,9;BR-050/GO;Norte;Capotamento;1;;;;;1;;;;;2;;;;
23/03/2021;18:28:59;267;ac02 - Acidente com vítima;77,3;BR-050/MG;Sul;Colisão Frontal;1;;;;;;;;;1;4;1;;;
24/03/2021;17:40:46;282;ac03 - Acidente com vítima ilesa;206;BR-050/MG;Norte;Colisão Traseira;;;1;;;;;;;1;3;;;;
25/03/2021;14:47:18;216;ac03 - Acidente com vítima ilesa;193,95;BR-050/MG;Norte;Colisão Traseira;1;;1;;;;;;;;1;;;;
25/03/2021;21:37:22;336;ac03 - Acidente com vítima ilesa;201,1;BR-050/GO;Sul;Choque - Outros;;;1;;;;;;;;1;;;;