data;horario;n_da_ocorrencia;tipo_de_ocorrencia;km;trecho;sentido;tipo_de_acidente;automovel;bicicleta;caminhao;moto;onibus;outros;tracao_animal;transporte_de_cargas_especiais;trator_maquinas;utilitarios;ilesos;levemente_feridos;moderadamente_feridos;gravemente_feridos;mortos
13/07/2021;00:51:34;5;ac02 - Acidente com vítima;53,3;BR-050/MG;Sul;Choque - Talude ou Barranco;;;1;;;;;;;;0;1;;;
13/07/2021;00:00:00;6;ac02 - Acidente com vítima;22,64;BR-050/MG;Norte;Tombamento;;;1;;;;;;;;0;1;;;
13/07/2021;03:41:30;21;ac01 - Acidente com vitima fatal;207;BR-050/MG;Norte;Colisão Traseira;;;2;;;;;;;;0;1;;;1
13/07/2021;08:19:28;82;ac03 - Acidente com vítima ilesa;180;BR-050/MG;Norte;Colisão lateral no mesmo sentido;2;;;;;;;;;;2;;;;
13/07/2021;08:59:41;97;ac02 - Acidente com vítima;189,7;BR-050/MG;Norte;Colisão Traseira;2;;;;;;;;;;5;1;;;
13/07/2021;15:16:13;213;ac02 - Acidente com vítima;15,3;Contorno;Norte;Colisão Traseira;1;1;;;;;;;;;3;1;;;
14/07/2021;00:53:28;7;ac03 - Acidente com vítima ilesa;140,4;BR-050/MG;Norte;Tombamento;;;;;;;;;;1;3;;;;
14/07/2021;11:57:15;161;ac03 - Acidente com vítima ilesa;77,3;BR-050/MG;Norte;Colisão Traseira;2;;;;;;;;;;2;;;;
14/07/2021;18:51:30;252;ac03 - Acidente com vítima ilesa;100,5;BR-050/GO;Norte;Colisão Transversal;;1;;1;;;;;;;1;;;;
14/07/2021;19:21:54;262;ac02 - Acidente com vítima;89,28;BR-050/MG;Norte;Colisão Traseira;1;;1;;;;;;;;1;;1;;
15/07/2021;01:53:06;12;ac03 - Acidente com vítima ilesa;97,2;BR-050/GO;Sul;Choque - Meio fio;1;;;;;;;;;;1;;;;
15/07/2021;09:00:37;93;ac02 - Acidente com vítima;190,1;BR-050/MG;Sul;Colisão Traseira;;;3;;;;;;;;2;1;;;
15/07/2021;22:29:13;325;ac03 - Acidente com vítima ilesa;176,08;BR-050/MG;Norte;Choque - Talude ou Barranco;1;;;;;;;;;;1;;;;
17/07/2021;08:45:09;79;ac03 - Acidente com vítima ilesa;180;BR-050/MG;Sul;Colisão Traseira;1;;;;;;;;;1;2;;;;
17/07/2021;08:51:56;85;ac02 - Acidente com vítima;3,4;Contorno;Norte;Queda de Ciclista;;1;;;;;;;;;0;;1;;
17/07/2021;15:50:23;258;ac02 - Acidente com vítima;180;BR-050/MG;Norte;Atropelamento - Pedestre;;1;;;;1;;;;;0;1;;;
17/07/2021;19:25:27;318;ac01 - Acidente com vitima fatal;80;BR-050/MG;Norte;Choque - Defensa metálica;1;;;;;;;;;;0;;;;1
17/07/2021;19:51:20;321;ac03 - Acidente com vítima ilesa;262,8;BR-050/GO;Norte;Colisão lateral no mesmo sentido;1;;;;;1;;;;;2;;;;
17/07/2021;23:40:53;362;ac03 - Acidente com vítima ilesa;49,7;BR-050/MG;Sul;Choque - Meio fio;;;1;;;;;;;;1;;;;
18/07/2021;05:48:57;39;ac03 - Acidente com vítima ilesa;178,7;BR-050/MG;Sul;Choque - Meio fio;;;;;;;;;;1;1;;;;
18/07/2021;13:41:31;154;ac03 - Acidente com vítima ilesa;287,7;BR-050/GO;Norte;Choque - Sinalização;1;;;;;;;;;;2;;;;
18/07/2021;14:53:55;172;ac03 - Acidente com vítima ilesa;80;BR-050/MG;Sul;Choque - Elemento de Drenagem;;;;;;;;;;1;2;;;;
20/07/2021;07:26:40;44;ac03 - Acidente com vítima ilesa;36,1;BR-050/MG;Sul;Queda de Moto;;;;1;;;;;;;1;;;;
20/07/2021;07:37:05;46;ac03 - Acidente com vítima ilesa;151,9;BR-050/MG;Sul;Choque - Sinalização;1;;;;;;;;;;5;;;;
20/07/2021;11:39:07;146;ac02 - Acidente com vítima;99,7;BR-050/MG;Sul;Choque - Outros;1;;;;;;;;;;0;5;;;
20/07/2021;23:15:48;331;ac02 - Acidente com vítima;95,9;BR-050/MG;Norte;Capotamento;1;;;;;;;;;;0;1;;;
21/07/2021;00:36:01;3;ac03 - Acidente com vítima ilesa;109,02;BR-050/MG;Norte;Atropelamento de Animal;;;1;;;;;;;;1;;;;
21/07/2021;06:08:12;28;ac03 - Acidente com vítima ilesa;193,5;BR-050/MG;Sul;Colisão lateral no mesmo sentido;1;;1;;;;;;;;3;;;;
21/07/2021;07:39:37;58;ac02 - Acidente com vítima;40,66;BR-050/MG;Norte;Choque - Meio fio;1;;;;;;;;;;0;2;;;
21/07/2021;09:11:55;103;ac03 - Acidente com vítima ilesa;179,5;BR-050/MG;Sul;Colisão Traseira;;;;;;1;;;;1;1;;;;
22/07/2021;20:25:42;308;ac02 - Acidente com vítima;117,45;BR-050/MG;Norte;Colisão Traseira;;;2;;;;;;;;1;;1;;
23/07/2021;03:43:08;19;ac02 - Acidente com vítima;105,47;BR-050/GO;Norte;Tombamento;;;1;;;;;;;;0;1;;;
23/07/2021;07:32:05;55;ac03 - Acidente com vítima ilesa;6;Contorno;Norte;Capotamento;1;;;;;;;;;;1;;;;
23/07/2021;16:08:57;258;ac03 - Acidente com vítima ilesa;39,99;BR-050/MG;Sul;Choque - New jersey;1;;;;;;;;;;1;;;;
24/07/2021;02:41:28;25;ac03 - Acidente com vítima ilesa;179;BR-050/MG;Norte;Queda de Moto;;;;1;;;;;;;0;;;;
24/07/2021;12:01:05;177;ac03 - Acidente com vítima ilesa;141,85;BR-050/MG;Sul;Colisão lateral no mesmo sentido;1;;1;;;;;;;;2;;;;
24/07/2021;18:55:58;277;ac03 - Acidente com vítima ilesa;100;BR-050/GO;Norte;Choque - Outros;1;;;;;;;;;;0;;;;
24/07/2021;21:02:18;306;ac03 - Acidente com vítima ilesa;21,1;Contorno;Norte;Colisão Traseira;2;;;;;;;;;;4;;;;
25/07/2021;01:08:47;10;ac03 - Acidente com vítima ilesa;36,54;BR-050/MG;Sul;Colisão lateral no mesmo sentido;;;;1;;;;;;1;1;;;;
25/07/2021;04:44:25;36;ac03 - Acidente com vítima ilesa;77,8;BR-050/MG;Norte;Choque - Defensa metálica;1;;;;;;;;;;2;;;;
25/07/2021;04:46:45;37;ac03 - Acidente com vítima ilesa;22;BR-050/MG;Norte;Choque - Elemento de Drenagem;1;;;;;;;;;;1;;;;
25/07/2021;16:41:50;192;ac02 - Acidente com vítima;47;BR-050/MG;Sul;Choque - New jersey;1;;;;;;;;;;0;3;;;
25/07/2021;17:01:54;199;ac02 - Acidente com vítima;0,3;BR-050/MG;Sul;Queda de Moto;;;;1;;;;;;;0;;1;;
25/07/2021;17:09:23;203;ac03 - Acidente com vítima ilesa;192;BR-050/MG;Norte;Choque - New jersey;1;;;;;;;;;;1;;;;
25/07/2021;18:45:53;230;ac03 - Acidente com vítima ilesa;173,7;BR-050/GO;Sul;Choque - Sinalização;1;;;;;;;;;;2;;;;
25/07/2021;19:47:17;250;ac03 - Acidente com vítima ilesa;3,8;BR-050/MG;Sul;Choque - Outros;;;;;1;;;;;;0;;;;
25/07/2021;20:31:35;260;ac03 - Acidente com vítima ilesa;267,5;BR-050/GO;Sul;Atropelamento de Animal;1;;;;;;;;;;2;;;;
26/07/2021;01:01:00;6;ac02 - Acidente com vítima;178,3;BR-050/MG;Norte;Queda de Moto;;;;1;;;;;;;0;1;;;
26/07/2021;10:13:32;96;ac03 - Acidente com vítima ilesa;53,3;BR-050/MG;Norte;Colisão Traseira;1;;;1;;;;;;;2;;;;
26/07/2021;19:07:07;255;ac02 - Acidente com vítima;120,9;BR-050/GO;Norte;Colisão Traseira;;;;1;;1;;;;;1;1;1;;
27/07/2021;13:02:51;182;ac02 - Acidente com vítima;280,5;BR-050/GO;Norte;Colisão Frontal;1;;;1;;;;;;;2;1;;;
28/07/2021;09:27:16;95;ac03 - Acidente com vítima ilesa;261;BR-050/GO;Norte;Choque - Sinalização;;;1;;;;;;;;1;;;;
28/07/2021;15:21:39;231;ac02 - Acidente com vítima;80,8;BR-050/MG;Sul;Choque - Meio fio;;;;1;;;;;;;0;1;;;
29/07/2021;02:28:10;14;ac03 - Acidente com vítima ilesa;124,6;BR-050/MG;Norte;Colisão lateral no mesmo sentido;;;2;;;;;;;;3;;;;
29/07/2021;16:02:29;215;ac03 - Acidente com vítima ilesa;82,6;BR-050/MG;Sul;Colisão Traseira;1;;;;;1;;;;;3;;;;
30/07/2021;01:26:30;14;ac02 - Acidente com vítima;178,35;BR-050/MG;Sul;Choque - Poste;1;;;;;;;;;;0;1;;;
30/07/2021;02:06:10;18;ac02 - Acidente com vítima;170;BR-050/MG;Sul;Colisão Traseira;;;;1;;1;;;;;0;;1;;
30/07/2021;03:26:13;29;ac03 - Acidente com vítima ilesa;51,272;BR-050/MG;Norte;Choque - Outros;;;;;1;;;;;;18;;;;
30/07/2021;07:25:21;64;ac03 - Acidente com vítima ilesa;6,7;BR-050/MG;Norte;Colisão Transversal;;;2;;;;;;;;2;;;;
30/07/2021;10:33:00;157;ac03 - Acidente com vítima ilesa;26,9;BR-050/MG;Norte;Choque - Sinalização;1;;;;;;;;;;1;;;;
30/07/2021;15:02:16;235;ac02 - Acidente com vítima;20;BR-050/MG;Sul;Colisão Traseira;;;2;;;;;;;;1;1;;;
31/07/2021;07:37:15;43;ac02 - Acidente com vítima;179,98;BR-050/MG;Sul;Colisão lateral no mesmo sentido;1;;;1;;;;;;;1;;1;;
31/07/2021;09:07:31;66;ac03 - Acidente com vítima ilesa;54,25;BR-050/MG;Norte;Tombamento;;;1;;;;;;;;1;;;;
31/07/2021;10:44:27;97;ac03 - Acidente com vítima ilesa;60,479;BR-050/MG;Sul;Tombamento;;;1;;;;;;;;1;;;;
31/07/2021;12:34:49;136;ac02 - Acidente com vítima;136,5;BR-050/MG;Sul;Choque - Talude ou Barranco;1;;;;;;;;;;0;1;;;
31/07/2021;16:55:54;201;ac02 - Acidente com vítima;24,93;BR-050/MG;Sul;Choque - Elemento de Drenagem;;;1;;;;;;;;1;1;2;;
01/08/2021;01:32:37;18;ac03 - Acidente com vítima ilesa;248,8;BR-050/GO;Norte;Choque - Meio fio;;;;;;;;;;1;1;;;;
01/08/2021;11:22:35;127;ac02 - Acidente com vítima;58,8;BR-050/MG;Norte;Colisão Traseira;1;;;1;;;;;;;3;1;;;
01/08/2021;15:07:35;193;ac02 - Acidente com vítima;105;BR-050/MG;Norte;Colisão Traseira;1;;;;;;;;;1;2;;1;;
01/08/2021;19:01:35;274;ac02 - Acidente com vítima;179;BR-050/MG;Norte;Colisão Traseira;;;2;;;;;;;;1;;;1;
02/08/2021;10:05:54;114;ac02 - Acidente com vítima;178,8;BR-050/MG;Sul;Queda de Moto;;;;1;;;;;;;0;;1;;
03/08/2021;04:17:11;16;ac02 - Acidente com vítima;255,3;BR-050/GO;Sul;Choque - New jersey;;;;;;;;;;1;0;;;1;
03/08/2021;08:57:01;66;ac02 - Acidente com vítima;20,26;BR-050/MG;Norte;Choque - Sinalização;;;;1;;;;;;;0;1;;;
03/08/2021;09:58:35;91;ac03 - Acidente com vítima ilesa;51,91;BR-050/MG;Sul;Colisão Traseira;;;1;;;;;;;1;3;;;;
04/08/2021;02:05:56;19;ac03 - Acidente com vítima ilesa;132,23;BR-050/MG;Norte;Choque - Elemento de Drenagem;;;1;;;;;;;;1;;;;
04/08/2021;03:21:26;24;ac03 - Acidente com vítima ilesa;141,6;BR-050/GO;Norte;Tombamento;;;1;;;;;;;1;2;;;;
04/08/2021;06:58:11;53;ac03 - Acidente com vítima ilesa;63;BR-050/MG;Norte;Choque - Defensa metálica;1;;;;;;;;;;1;;;;
04/08/2021;16:17:55;228;ac02 - Acidente com vítima;262,54;BR-050/GO;Norte;Choque - Elemento de Drenagem;1;;;;;;;;;;0;3;;;
04/08/2021;18:29:11;264;ac03 - Acidente com vítima ilesa;281;BR-050/GO;Norte;Colisão lateral no sentido contrário;1;;1;;;;;;;;4;;;;
05/08/2021;10:27:37;110;ac03 - Acidente com vítima ilesa;125,4;BR-050/MG;Sul;Colisão lateral no mesmo sentido;;;1;;;;;;;1;2;;;;
05/08/2021;19:56:20;296;ac03 - Acidente com vítima ilesa;39,5;BR-050/MG;Sul;Choque - New jersey;1;;;;;;;;;;1;;;;
06/08/2021;02:26:25;14;ac03 - Acidente com vítima ilesa;106,1;BR-050/GO;Norte;Choque - Meio fio;;;;;;;;;;1;2;;;;
06/08/2021;11:06:04;141;ac02 - Acidente com vítima;154;BR-050/GO;Norte;Tombamento;;;1;;;;;;;;0;1;;;
06/08/2021;11:23:33;147;ac02 - Acidente com vítima;16,4;Contorno;Sul;Colisão Traseira;;;;1;;;;;;1;1;1;;;
06/08/2021;16:37:54;255;ac03 - Acidente com vítima ilesa;174,2;BR-050/MG;Sul;Colisão Traseira;;;;1;;1;;;;;1;;;;
06/08/2021;19:51:14;301;ac03 - Acidente com vítima ilesa;27,8;BR-050/MG;Sul;Colisão lateral no mesmo sentido;1;;1;;;;;;;;2;;;;
07/08/2021;01:44:00;23;ac02 - Acidente com vítima;80,6;BR-050/MG;Sul;Capotamento;1;;;;;;;;;;0;;;1;
07/08/2021;01:56:20;26;ac03 - Acidente com vítima ilesa;80,6;BR-050/MG;Sul;Choque - Veiculo parado na pista;;;;;;;;;;1;2;;;;
07/08/2021;13:05:12;150;ac03 - Acidente com vítima ilesa;59,3;BR-050/MG;Norte;Choque - Elemento de Drenagem;1;;;;;;;;;;1;;;;
07/08/2021;14:20:23;167;ac03 - Acidente com vítima ilesa;105;BR-050/MG;Sul;Choque - Sinalização;;;1;;;;;;;;1;;;;
07/08/2021;21:46:26;303;ac03 - Acidente com vítima ilesa;173,4;BR-050/MG;Sul;Choque - New jersey;1;;;;;;;;;;0;;;;
08/08/2021;09:49:17;75;ac03 - Acidente com vítima ilesa;18,95;Contorno;Sul;Choque - New jersey;1;;;;;;;;;;2;;;;
08/08/2021;12:38:12;110;ac03 - Acidente com vítima ilesa;44,64;BR-050/MG;Norte;Colisão lateral no mesmo sentido;2;;;;;;;;;;7;;;;
08/08/2021;14:49:00;140;ac03 - Acidente com vítima ilesa;178,9;BR-050/MG;Norte;Choque - Meio fio;;;1;;;;;;;;1;;;;
08/08/2021;14:52:14;143;ac03 - Acidente com vítima ilesa;123,93;BR-050/GO;Sul;Choque - Elemento de Drenagem;;;;1;;;;;;;1;;;;
08/08/2021;16:25:01;173;ac03 - Acidente com vítima ilesa;23,6;BR-050/MG;Norte;Choque - Elemento de Drenagem;;;;;;;;;;1;2;;;;
08/08/2021;16:55:06;187;ac02 - Acidente com vítima;176,7;BR-050/MG;Norte;Capotamento;1;;;;;;;;;;3;2;;;
08/08/2021;17:56:26;203;ac03 - Acidente com vítima ilesa;176,8;BR-050/MG;Sul;Colisão Traseira;1;;;1;;;;;;;4;;;;
08/08/2021;19:22:23;233;ac01 - Acidente com vitima fatal;181,4;BR-050/MG;Norte;Atropelamento - Pedestre;1;;;;;;;;;;4;;;;1
09/08/2021;12:29:43;185;ac03 - Acidente com vítima ilesa;282,8;BR-050/GO;Sul;Colisão Transversal;1;;1;;;;;;;;2;;;;
10/08/2021;07:24:00;69;ac02 - Acidente com vítima;35;BR-050/MG;Norte;Colisão Traseira;;1;;;;1;;;;;0;1;;;
10/08/2021;23:09:36;378;ac01 - Acidente com vitima fatal;82,48;BR-050/MG;Norte;Atropelamento - Andarilho;;;;;;;;;;;0;;;;1
11/08/2021;02:09:03;20;ac02 - Acidente com vítima;81,56;BR-050/MG;Norte;Colisão Traseira;1;;1;;;;;;;;2;;1;;
11/08/2021;08:59:53;85;ac03 - Acidente com vítima ilesa;63,1;BR-050/MG;Norte;Queda de Moto;;;;1;;;;;;;1;;;;
11/08/2021;10:22:16;115;ac03 - Acidente com vítima ilesa;25,1;BR-050/MG;Norte;Choque - Talude ou Barranco;;;;;;;;;;1;1;;;;
11/08/2021;12:24:38;171;ac03 - Acidente com vítima ilesa;26,2;BR-050/MG;Norte;Choque - Sinalização;1;;;;;;;;;;1;;;;
11/08/2021;15:25:56;224;ac03 - Acidente com vítima ilesa;179,9;BR-050/GO;Norte;Choque - New jersey;;;1;;;;;;;;1;;;;
11/08/2021;17:30:55;263;ac02 - Acidente com vítima;174,2;BR-050/MG;Sul;Choque - New jersey;1;;;;;;;;;;1;1;;;
11/08/2021;19:35:57;305;ac02 - Acidente com vítima;179,2;BR-050/MG;Norte;Colisão lateral no mesmo sentido;1;;;1;;;;;;;2;1;;;
12/08/2021;14:04:23;228;ac02 - Acidente com vítima;275,3;BR-050/GO;Sul;Choque - Sinalização;;;;1;;;;;;;0;1;;;
13/08/2021;00:44:03;11;ac02 - Acidente com vítima;140,5;BR-050/MG;Norte;Choque - Arvore;;;1;;;;;;;;0;;1;;
13/08/2021;02:16:37;24;ac02 - Acidente com vítima;189,2;BR-050/MG;Norte;Colisão Traseira;;;2;;;;;;;;1;;3;;
13/08/2021;04:57:34;37;ac02 - Acidente com vítima;278,94;BR-050/GO;Norte;Colisão Traseira;;;;;;1;;;;1;0;1;;;
13/08/2021;06:22:59;40;ac03 - Acidente com vítima ilesa;0,1;Contorno;Norte;Choque - Outros;1;;;;;;;;;;1;;;;
13/08/2021;06:48:12;43;ac02 - Acidente com vítima;22,58;BR-050/MG;Norte;Choque - Elemento de Drenagem;;;1;;;;;;;;0;1;;;
13/08/2021;10:35:34;143;ac03 - Acidente com vítima ilesa;16,9;Contorno;Sul;Choque - New jersey;;;1;;;;;;;;1;;;;
13/08/2021;14:11:45;210;ac02 - Acidente com vítima;254,7;BR-050/GO;Sul;Capotamento;1;;;;;;;;;;0;4;1;;
13/08/2021;15:57:38;243;ac02 - Acidente com vítima;81;BR-050/MG;Sul;Queda de Moto;;;;1;;;;;;;0;1;;;
13/08/2021;17:18:54;268;ac02 - Acidente com vítima;176,5;BR-050/MG;Sul;Queda de Moto;;;;1;;;;;;;0;1;;;
13/08/2021;19:10:48;296;ac03 - Acidente com vítima ilesa;89,5;BR-050/MG;Norte;Choque - Meio fio;;;;1;;;;;;;1;;;;
14/08/2021;09:39:44;100;ac02 - Acidente com vítima;114,6;BR-050/MG;Norte;Tombamento;;;1;;;;;;;;0;1;1;;
14/08/2021;10:01:47;111;ac03 - Acidente com vítima ilesa;122,08;BR-050/GO;Norte;Capotamento;1;;;;;;;;;;1;;;;
14/08/2021;22:09:34;333;ac03 - Acidente com vítima ilesa;33;BR-050/MG;Norte;Colisão Traseira;1;;;;;;;;;;2;;;;
15/08/2021;03:59:21;34;ac03 - Acidente com vítima ilesa;36;BR-050/MG;Sul;Choque - New jersey;1;;;;;;;;;;1;;;;
15/08/2021;06:05:00;44;ac03 - Acidente com vítima ilesa;313;BR-050/GO;Sul;Colisão Traseira;2;;;;;;;;;;6;;;;
15/08/2021;18:02:29;227;ac03 - Acidente com vítima ilesa;112;BR-050/GO;Sul;Choque - Elemento de Drenagem;;;;;;;;;;1;1;;;;
15/08/2021;18:30:42;235;ac03 - Acidente com vítima ilesa;36;BR-050/MG;Sul;Choque - Defensa metálica;1;;;;;;;;;;3;;;;
15/08/2021;21:09:22;272;ac03 - Acidente com vítima ilesa;140;BR-050/MG;Sul;Choque - Elemento de Drenagem;1;;;;;;;;;;1;;;;
17/08/2021;06:09:41;25;ac02 - Acidente com vítima;145,5;BR-050/MG;Norte;Capotamento;;;;;;;;;;1;0;1;;;
17/08/2021;12:42:14;187;ac03 - Acidente com vítima ilesa;287;BR-050/GO;Sul;Queda de Moto;;;;1;;;;;;;1;;;;
18/08/2021;07:34:58;51;ac03 - Acidente com vítima ilesa;282;BR-050/GO;Sul;Choque - Veiculo parado no acostamento;;;2;;;;;;;;2;;;;
18/08/2021;09:05:04;87;ac03 - Acidente com vítima ilesa;96,05;BR-050/GO;Sul;Colisão Traseira;;;;;;1;;;;1;1;;;;
19/08/2021;01:40:41;11;ac03 - Acidente com vítima ilesa;175;BR-050/MG;Norte;Choque - Elemento de Drenagem;1;;;;;;;;;;1;;;;
19/08/2021;03:46:21;21;ac03 - Acidente com vítima ilesa;184,8;BR-050/MG;Norte;Colisão Traseira;1;;1;;;;;;;;2;;;;
19/08/2021;09:58:01;112;ac03 - Acidente com vítima ilesa;96,45;BR-050/MG;Norte;Colisão Traseira;1;;1;;;;;;;;3;;;;
19/08/2021;14:05:49;198;ac03 - Acidente com vítima ilesa;142,7;BR-050/MG;Sul;Colisão lateral no mesmo sentido;1;;1;;;;;;;;2;;;;
19/08/2021;15:20:45;226;ac03 - Acidente com vítima ilesa;283;BR-050/GO;Sul;Colisão lateral no mesmo sentido;;;1;;;1;;;;;1;;;;
19/08/2021;20:02:24;332;ac02 - Acidente com vítima;171,8;BR-050/MG;Norte;Colisão lateral no mesmo sentido;1;;;1;;;;;;;3;1;;;
19/08/2021;20:22:03;336;ac03 - Acidente com vítima ilesa;44,3;BR-050/MG;Sul;Choque - Talude ou Barranco;;;;;;;;;;1;2;;;;
20/08/2021;03:06:50;24;ac02 - Acidente com vítima;52,9;BR-050/MG;Norte;Choque - Defensa metálica;1;;;;;;;;;;0;3;;;
20/08/2021;08:02:19;89;ac03 - Acidente com vítima ilesa;51,475;BR-050/MG;Norte;Colisão lateral no mesmo sentido;;;;;;1;;;;1;1;;;;
21/08/2021;02:27:24;17;ac03 - Acidente com vítima ilesa;179;BR-050/MG;Norte;Capotamento;1;;;;;;;;;;5;;;;
21/08/2021;06:09:59;30;ac02 - Acidente com vítima;141,6;BR-050/GO;Sul;Capotamento;1;;;;;;;;;;0;1;1;;
21/08/2021;12:17:42;150;ac03 - Acidente com vítima ilesa;310,7;BR-050/GO;Sul;Colisão Traseira;;;2;;;;;;;;2;;;;
21/08/2021;22:09:09;319;ac03 - Acidente com vítima ilesa;127,7;BR-050/MG;Norte;Colisão lateral no mesmo sentido;1;;;;;1;;;;;1;;;;
22/08/2021;04:34:48;26;ac03 - Acidente com vítima ilesa;142;BR-050/MG;Norte;Colisão Traseira;;;1;;;1;;;;;1;;;;
22/08/2021;06:22:39;36;ac02 - Acidente com vítima;21;Contorno;Norte;Colisão Traseira;1;;;1;;;;;;;1;1;;;
22/08/2021;07:52:45;56;ac03 - Acidente com vítima ilesa;121,9;BR-050/GO;Norte;Choque - Talude ou Barranco;1;;;;;;;;;;3;;;;
22/08/2021;09:47:54;89;ac03 - Acidente com vítima ilesa;198,17;BR-050/MG;Norte;Colisão Traseira;2;;;;;;;;;;3;;;;
22/08/2021;17:30:17;221;ac03 - Acidente com vítima ilesa;27,7;BR-050/MG;Sul;Choque - Sinalização;1;;;;;;;;;;1;;;;
22/08/2021;18:58:32;247;ac01 - Acidente com vitima fatal;274,11;BR-050/GO;Sul;Atropelamento - Sem Informação;;;;;;1;;;;;0;;;;1
22/08/2021;19:14:25;255;ac03 - Acidente com vítima ilesa;36;BR-050/MG;Sul;Choque - Meio fio;1;;;;;;;;;;3;;;;
23/08/2021;16:43:10;255;ac02 - Acidente com vítima;306,1;BR-050/GO;Sul;Capotamento;;;1;;;;;;;;0;1;;;
24/08/2021;13:07:52;197;ac02 - Acidente com vítima;299;BR-050/GO;Norte;Choque - Elemento de Drenagem;1;;;;;;;;;;1;1;;;
24/08/2021;15:29:06;241;ac03 - Acidente com vítima ilesa;278,1;BR-050/GO;Norte;Colisão Traseira;;;1;;;1;;;;;1;;;;
24/08/2021;20:48:14;365;ac03 - Acidente com vítima ilesa;96,3;BR-050/GO;Norte;Atropelamento - Andarilho;1;;;;;;;;;;2;;;;
25/08/2021;08:56:52;108;ac03 - Acidente com vítima ilesa;53,8;BR-050/MG;Sul;Colisão Traseira;;;1;;;;;;;1;3;;;;
25/08/2021;14:05:54;229;ac02 - Acidente com vítima;18,6;BR-050/MG;Norte;Choque - Elemento de Drenagem;;;1;;;;;;;;0;1;;;
25/08/2021;20:04:55;361;ac02 - Acidente com vítima;125,21;BR-050/GO;Sul;Colisão Traseira;;;;1;;;;;;1;1;;1;;
26/08/2021;03:10:43;18;ac03 - Acidente com vítima ilesa;105,4;BR-050/MG;Norte;Tombamento;;;1;;;;;;;;1;;;;
26/08/2021;16:04:30;257;ac02 - Acidente com vítima;6;Contorno;Norte;Colisão Traseira;;;2;;;;;;;;0;2;;;
26/08/2021;18:28:52;304;ac03 - Acidente com vítima ilesa;11,8;BR-050/MG;Sul;Colisão Traseira;1;;1;;;;;;;;2;;;;
26/08/2021;21:18:54;358;ac02 - Acidente com vítima;172;BR-050/MG;Sul;Choque - New jersey;;;;1;;;;;;;0;;;1;
27/08/2021;12:57:13;192;ac02 - Acidente com vítima;151,07;BR-050/MG;Sul;Choque - Sinalização;1;;;;;;;;;;0;;1;;
27/08/2021;14:25:56;217;ac03 - Acidente com vítima ilesa;112,7;BR-050/GO;Norte;Colisão Traseira;;;1;;;;;;;1;3;;;;
27/08/2021;15:14:59;229;ac03 - Acidente com vítima ilesa;305;BR-050/GO;Sul;Choque - Elemento de Drenagem;;;1;;;;;;;;1;;;;
27/08/2021;19:00:00;313;ac01 - Acidente com vitima fatal;20;Contorno;Norte;Colisão Transversal;2;;1;;;;;;;;5;;;;4
28/08/2021;02:08:12;17;ac02 - Acidente com vítima;94,42;BR-050/MG;Norte;Choque - Elemento de Drenagem;;;1;;;;;;;;1;1;;;
28/08/2021;16:06:34;251;ac03 - Acidente com vítima ilesa;221,8;BR-050/GO;Norte;Choque - Defensa metálica;;;1;;;;;;;;3;;;;
28/08/2021;20:58:17;334;ac02 - Acidente com vítima;181;BR-050/MG;Sul;Queda de Ciclista;;1;;;;;;;;;0;1;;;
28/08/2021;21:46:10;341;ac01 - Acidente com vitima fatal;100,8;BR-050/MG;Norte;Choque - Elemento de Drenagem;1;;;;;;;;;;0;;;;1
28/08/2021;22:16:25;348;ac03 - Acidente com vítima ilesa;58,1;BR-050/MG;Norte;Atropelamento de Animal;1;;;;;;;;;;4;;;;
28/08/2021;23:23:40;356;ac02 - Acidente com vítima;99;BR-050/GO;Norte;Colisão lateral no mesmo sentido;;;;1;;1;;;;;1;1;;;
29/08/2021;03:57:24;23;ac03 - Acidente com vítima ilesa;244;BR-050/GO;Norte;Choque - Elemento de Drenagem;1;;;;;;;;;;2;;;;
29/08/2021;05:01:50;27;ac02 - Acidente com vítima;310,8;BR-050/GO;Sul;Queda de Ciclista;;1;;;;;;;;;0;1;;;
29/08/2021;17:23:22;214;ac03 - Acidente com vítima ilesa;97,05;BR-050/GO;Sul;Colisão Traseira;;;;;;1;;;;1;5;;;;