data;horario;n_da_ocorrencia;tipo_de_ocorrencia;km;trecho;sentido;tipo_de_acidente;automovel;bicicleta;caminhao;moto;onibus;outros;tracao_animal;transporte_de_cargas_especiais;trator_maquinas;utilitarios;ilesos;levemente_feridos;moderadamente_feridos;gravemente_feridos;mortos
30/08/2021;04:37:18;18;ac03 - Acidente com vítima ilesa;77,7;BR-050/MG;Norte;Choque - New jersey;1;;;;;;;;;;1;;;;
30/08/2021;06:18:04;28;ac03 - Acidente com vítima ilesa;77,3;BR-050/MG;Norte;Choque - Defensa metálica;1;;;;;;;;;;1;;;;
30/08/2021;06:54:09;34;ac03 - Acidente com vítima ilesa;55,8;BR-050/MG;Sul;Choque - Elemento de Drenagem;1;;;;;;;;;;1;;;;
30/08/2021;09:35:28;90;ac03 - Acidente com vítima ilesa;89;BR-050/MG;Norte;Colisão lateral no mesmo sentido;2;;;;;;;;;;4;;;;
30/08/2021;10:52:05;124;ac03 - Acidente com vítima ilesa;179;BR-050/MG;Sul;Colisão lateral no mesmo sentido;1;;1;;;;;;;;3;;;;
30/08/2021;14:08:25;184;ac02 - Acidente com vítima;158;BR-050/MG;Sul;Choque - Elemento de Drenagem;;;;;;;;;;1;0;2;;;
31/08/2021;05:27:46;23;ac03 - Acidente com vítima ilesa;81;BR-050/MG;Norte;Choque - Defensa metálica;;;;;;;;;;1;1;;;;
31/08/2021;12:31:11;147;ac02 - Acidente com vítima;248;BR-050/GO;Norte;Queda de Moto;;;;1;;;;;;;0;1;;;
31/08/2021;22:41:15;297;ac03 - Acidente com vítima ilesa;27,5;BR-050/MG;Sul;Choque - Defensa metálica;;;1;;;;;;;;1;;;;
01/09/2021;02:54:39;11;ac03 - Acidente com vítima ilesa;206,2;BR-050/MG;Norte;Colisão Traseira;;;2;;;;;;;;2;;;;
01/09/2021;12:48:43;193;ac03 - Acidente com vítima ilesa;278;BR-050/GO;Sul;Colisão Transversal;1;;;;;;;;;1;2;;;;
01/09/2021;12:50:28;194;ac03 - Acidente com vítima ilesa;310;BR-050/GO;Sul;Colisão Traseira;;;1;;;1;;;;;2;;;;
01/09/2021;15:30:42;227;ac03 - Acidente com vítima ilesa;105;BR-050/MG;Norte;Colisão Traseira;1;;1;;;;;;;;3;;;;
02/09/2021;02:29:35;15;ac03 - Acidente com vítima ilesa;54,3;BR-050/MG;Norte;Tombamento;;;1;;;;;;;;2;;;;
02/09/2021;04:28:18;28;ac03 - Acidente com vítima ilesa;52,9;BR-050/MG;Sul;Atropelamento de Animal;;;;;;;;;;1;4;;;;
02/09/2021;09:39:39;113;ac03 - Acidente com vítima ilesa;149,1;BR-050/GO;Norte;Choque - Arvore;;;1;;;;;;;;1;;;;
02/09/2021;23:02:48;324;ac02 - Acidente com vítima;97,97;BR-050/MG;Norte;Capotamento;;;;;;;;;;1;0;;1;;
03/09/2021;10:38:56;151;ac03 - Acidente com vítima ilesa;51,91;BR-050/MG;Norte;Colisão Traseira;;;;;;;;;;1;1;;;;
03/09/2021;15:08:04;233;ac02 - Acidente com vítima;24,4;BR-050/MG;Sul;Capotamento;1;;;;;;;;;;0;1;;;
03/09/2021;15:41:07;247;ac02 - Acidente com vítima;178,3;BR-050/MG;Norte;Engavetamento;1;;;1;1;1;;;;;3;;1;;
03/09/2021;16:25:13;259;ac03 - Acidente com vítima ilesa;79;BR-050/MG;Sul;Atropelamento de Animal;1;;;;;;;;;;5;;;;
03/09/2021;18:06:05;295;ac02 - Acidente com vítima;109;BR-050/MG;Sul;Choque - Elemento de Drenagem;1;;1;;;;;;;;1;1;;;
04/09/2021;02:26:18;18;ac03 - Acidente com vítima ilesa;148,5;BR-050/MG;Sul;Capotamento;1;;;;;;;;;;1;;;;
04/09/2021;07:28:52;62;ac02 - Acidente com vítima;179;BR-050/MG;Norte;Colisão lateral no mesmo sentido;1;;;1;;;;;;;1;1;;;
04/09/2021;11:48:33;155;ac03 - Acidente com vítima ilesa;105;BR-050/MG;Norte;Colisão Traseira;2;;;;;;;;;;5;;;;
04/09/2021;15:56:16;235;ac03 - Acidente com vítima ilesa;184;BR-050/MG;Sul;Choque - New jersey;1;;;;;;;;;;2;;;;
04/09/2021;15:56:51;236;ac02 - Acidente com vítima;133,2;BR-050/GO;Sul;Capotamento;1;;1;;;;;;;;2;1;;;
04/09/2021;18:31:09;277;ac03 - Acidente com vítima ilesa;203,74;BR-050/GO;Sul;Colisão Traseira;1;;;;;;;;;1;2;;;;
04/09/2021;21:14:42;325;ac03 - Acidente com vítima ilesa;254,8;BR-050/GO;Sul;Choque - Elemento de Drenagem;;;1;;;;;;;;1;;;;
05/09/2021;17:51:48;238;ac03 - Acidente com vítima ilesa;150;BR-050/MG;Norte;Choque - Defensa metálica;;;;;1;;;;;;3;;;;
05/09/2021;18:25:48;246;ac02 - Acidente com vítima;119;BR-050/GO;Sul;Choque - Elemento de Drenagem;1;;;;;;;;;;0;5;;;
06/09/2021;02:06:41;11;ac02 - Acidente com vítima;79;BR-050/MG;Sul;Choque - Veiculo parado na pista;;;1;1;;;;;;;1;;;1;
06/09/2021;13:29:13;162;ac02 - Acidente com vítima;178,17;BR-050/MG;Sul;Choque - Defensa metálica;1;;;;;;;;;;0;;1;;
06/09/2021;14:03:50;168;ac02 - Acidente com vítima;111,8;BR-050/GO;Norte;Tombamento;;;;;;;;;;1;1;1;;;
06/09/2021;16:52:44;227;ac03 - Acidente com vítima ilesa;21,6;Contorno;Sul;Tombamento;;;1;;;;;;;;1;;;;
07/09/2021;15:06:06;170;ac02 - Acidente com vítima;47,36;BR-050/MG;Norte;Choque - New jersey;1;;;;;;;;;;0;2;2;;
07/09/2021;17:15:22;205;ac03 - Acidente com vítima ilesa;53,5;BR-050/MG;Sul;Choque - Defensa metálica;;;1;;;;;;;;1;;;;
07/09/2021;18:06:51;220;ac02 - Acidente com vítima;98,5;BR-050/MG;Norte;Queda de Moto;;;;1;;;;;;;0;;;2;
07/09/2021;18:06:51;221;ac02 - Acidente com vítima;280;BR-050/GO;Sul;Colisão Transversal;1;;;1;;;;;;;2;;2;;
08/09/2021;03:47:41;16;ac02 - Acidente com vítima;34;BR-050/MG;Norte;Choque - Meio fio;1;;;;;;;;;;1;;1;;
08/09/2021;06:55:26;47;ac02 - Acidente com vítima;284,9;BR-050/GO;Sul;Queda de Moto;;;;1;;;;;;;1;1;;;
08/09/2021;07:19:15;57;ac02 - Acidente com vítima;179,95;BR-050/MG;Sul;Queda de Moto;;;;1;;;;;;;0;2;;;
08/09/2021;19:46:34;303;ac02 - Acidente com vítima;296,03;BR-050/GO;Sul;Colisão Traseira;;;;;;;;;;2;0;4;;;
08/09/2021;20:10:32;314;ac03 - Acidente com vítima ilesa;82,5;BR-050/MG;Norte;Choque - Meio fio;;;1;;;;;;;;1;;;;
08/09/2021;21:33:54;336;ac02 - Acidente com vítima;20;Contorno;Norte;Colisão Traseira;1;;;1;;1;;;;;1;1;;;
09/09/2021;03:30:29;26;ac03 - Acidente com vítima ilesa;261;BR-050/GO;Norte;Choque - Elemento de Drenagem;1;;1;;;;;;;;1;;;;
09/09/2021;14:19:17;157;ac02 - Acidente com vítima;82;BR-050/MG;Sul;Colisão Traseira;;;2;;;;;;;;2;1;;;
10/09/2021;03:22:57;19;ac03 - Acidente com vítima ilesa;178,3;BR-050/GO;Norte;Tombamento;;;1;;;;;;;;1;;;;
10/09/2021;04:23:08;20;ac03 - Acidente com vítima ilesa;232,4;BR-050/GO;Sul;Choque - Defensa metálica;;;;;;;;;;1;1;;;;
10/09/2021;07:18:33;44;ac02 - Acidente com vítima;179,9;BR-050/MG;Sul;Tombamento;;;1;;;;;;;;0;1;;;
10/09/2021;07:23:37;49;ac03 - Acidente com vítima ilesa;77,3;BR-050/MG;Norte;Colisão Traseira;1;;;;;1;;;;;1;;;;
10/09/2021;10:17:58;111;ac02 - Acidente com vítima;166,2;BR-050/GO;Sul;Choque - Meio fio;;;;;;;;;;1;3;1;;;
10/09/2021;12:32:59;148;ac02 - Acidente com vítima;9,8;Contorno;Sul;Choque - Sinalização;1;;;;;;;;;;0;1;;;
10/09/2021;18:20:18;255;ac02 - Acidente com vítima;280,5;BR-050/GO;Norte;Queda de Moto;;;;1;;;;;;;0;1;;;
11/09/2021;13:47:22;161;ac03 - Acidente com vítima ilesa;280;BR-050/GO;Norte;Colisão Transversal;;;;;;;;;;2;3;;;;
11/09/2021;15:14:48;193;ac02 - Acidente com vítima;278,5;BR-050/GO;Norte;Colisão Transversal;1;;1;;;;;;;;2;;1;;
12/09/2021;06:00:39;25;ac01 - Acidente com vitima fatal;298,44;BR-050/GO;Sul;Choque - Defensa metálica;;;1;;;;;;;;0;;;;1
12/09/2021;09:25:15;68;ac02 - Acidente com vítima;91,7;BR-050/MG;Norte;Choque - Arvore;1;;;;;;;;;;0;2;;;
13/09/2021;06:39:49;49;ac03 - Acidente com vítima ilesa;164,45;BR-050/GO;Sul;Capotamento;1;;;;;;;;;;1;;;;
13/09/2021;21:21:43;312;ac02 - Acidente com vítima;203,8;BR-050/MG;Norte;Colisão Traseira;;;2;;;;;;;;1;;1;;
14/09/2021;08:07:55;74;ac03 - Acidente com vítima ilesa;77,3;BR-050/MG;Norte;Colisão Traseira;1;;;;;;;;;1;4;;;;
14/09/2021;09:12:10;95;ac03 - Acidente com vítima ilesa;180;BR-050/MG;Norte;Choque - Elemento de Drenagem;1;;;;;;;;;;3;;;;
14/09/2021;18:15:16;255;ac03 - Acidente com vítima ilesa;185;BR-050/MG;Sul;Colisão Traseira;2;;;;;;;;;;2;;;;
14/09/2021;19:11:52;269;ac03 - Acidente com vítima ilesa;51,272;BR-050/MG;Norte;Colisão Traseira;;;1;1;;;;;;;2;;;;
15/09/2021;05:08:24;37;ac03 - Acidente com vítima ilesa;27,24;BR-050/MG;Norte;Tombamento;;;1;;;;;;;;1;;;;
15/09/2021;05:17:27;39;ac03 - Acidente com vítima ilesa;243,9;BR-050/GO;Norte;Choque - Elemento de Drenagem;;;;;;;;;;1;2;;;;
15/09/2021;08:00:03;75;ac02 - Acidente com vítima;279;BR-050/GO;Sul;Colisão Transversal;1;;;1;;;;;;;1;;1;;
15/09/2021;18:32:12;339;ac03 - Acidente com vítima ilesa;28,75;BR-050/MG;Sul;Choque - Defensa metálica;;;1;;;;;;;;1;;;;
16/09/2021;07:03:44;65;ac02 - Acidente com vítima;279;BR-050/GO;Norte;Colisão Traseira;1;;;1;;;;;;;1;1;;;
17/09/2021;09:48:39;162;ac02 - Acidente com vítima;84;BR-050/MG;Norte;Atropelamento - Funcionário;;;;;;;;;1;;1;1;;;
17/09/2021;10:41:10;175;ac03 - Acidente com vítima ilesa;31;BR-050/MG;Sul;Choque - Elemento de Drenagem;;;1;;;;;;;;1;;;;
17/09/2021;17:28:39;309;ac03 - Acidente com vítima ilesa;28,1;BR-050/MG;Sul;Colisão Traseira;;;1;;;;;;;1;2;;;;
17/09/2021;19:46:22;344;ac03 - Acidente com vítima ilesa;144,5;BR-050/GO;Norte;Choque - Outros;1;;;;;;;;;;1;;;;
18/09/2021;01:29:07;10;ac03 - Acidente com vítima ilesa;176,9;BR-050/MG;Sul;Tombamento;;;;;;;;;;1;1;;;;
18/09/2021;03:47:23;30;ac03 - Acidente com vítima ilesa;179,8;BR-050/GO;Norte;Choque - Sinalização;;;1;;;;;;;;1;;;;
18/09/2021;08:08:21;76;ac03 - Acidente com vítima ilesa;274,8;BR-050/GO;Sul;Choque - Talude ou Barranco;;;1;;;;;;;;1;;;;
18/09/2021;13:56:52;220;ac02 - Acidente com vítima;170,99;BR-050/MG;Sul;Queda de Moto;;;;1;;;;;;;0;;1;;
18/09/2021;17:13:24;284;ac03 - Acidente com vítima ilesa;307,4;BR-050/GO;Norte;Colisão lateral no mesmo sentido;;;;;;1;;;;1;2;;;;
18/09/2021;21:12:06;351;ac02 - Acidente com vítima;29,8;BR-050/MG;Norte;Choque - Defensa metálica;;;;1;;;;;;;0;;1;;
18/09/2021;21:37:06;356;ac02 - Acidente com vítima;174,9;BR-050/MG;Norte;Colisão Traseira;;;1;1;;;;;;;1;;;1;
19/09/2021;01:59:55;19;ac02 - Acidente com vítima;130,07;BR-050/GO;Sul;Capotamento;;;1;;;;;;;;0;1;;;
19/09/2021;04:27:32;28;ac03 - Acidente com vítima ilesa;101,32;BR-050/GO;Sul;Capotamento;1;;;;;;;;;;5;;;;
19/09/2021;14:00:56;180;ac03 - Acidente com vítima ilesa;305;BR-050/GO;Sul;Choque - Defensa metálica;;;1;;;;;;;;1;;;;
19/09/2021;16:12:15;233;ac03 - Acidente com vítima ilesa;21,8;BR-050/MG;Sul;Choque - Elemento de Drenagem;1;;;;;1;;;;;3;;;;
19/09/2021;18:02:04;271;ac02 - Acidente com vítima;98,8;BR-050/GO;Sul;Colisão Frontal;1;;;1;;;;;;;1;;1;;
19/09/2021;19:40:28;292;ac02 - Acidente com vítima;175;BR-050/MG;Sul;Tombamento;1;;;;;;;;;;0;2;;;
19/09/2021;21:32:45;322;ac02 - Acidente com vítima;77,8;BR-050/MG;Sul;Queda de Moto;;;;1;;;;;;;0;;1;;
19/09/2021;23:52:42;350;ac01 - Acidente com vitima fatal;126,9;BR-050/MG;Sul;Capotamento;;;1;;;;;;;;0;;;1;1
20/09/2021;00:37:43;5;ac03 - Acidente com vítima ilesa;179;BR-050/GO;Sul;Choque - Sinalização;;;;;;;;;;1;1;;;;
20/09/2021;00:42:20;7;ac02 - Acidente com vítima;269,9;BR-050/GO;Norte;Colisão Traseira;;;1;;;;;;;;0;;1;;
20/09/2021;02:44:58;24;ac03 - Acidente com vítima ilesa;85;BR-050/MG;Sul;Atropelamento de Animal;;;1;;;;;;;;1;;;;
20/09/2021;11:36:43;180;ac03 - Acidente com vítima ilesa;120;BR-050/GO;Sul;Tombamento;;;1;;;;;;;1;3;;;;
21/09/2021;01:18:31;10;ac02 - Acidente com vítima;20,3;BR-050/MG;Sul;Choque - Meio fio;;;;;1;;;;;;24;1;2;;
21/09/2021;02:33:24;17;ac02 - Acidente com vítima;58,7;BR-050/MG;Norte;Colisão Traseira;1;;1;;;;;;;;1;4;;;
22/09/2021;02:22:50;25;ac03 - Acidente com vítima ilesa;255,16;BR-050/GO;Sul;Capotamento;;;;;;;;;;1;1;;;;
22/09/2021;03:44:53;40;ac03 - Acidente com vítima ilesa;62,8;BR-050/MG;Norte;Choque - Elemento de Drenagem;1;;;;;;;;;;1;;;;
22/09/2021;05:57:05;51;ac02 - Acidente com vítima;176;BR-050/MG;Sul;Queda de Moto;;;;1;;;;;;;0;1;;;
22/09/2021;10:50:11;157;ac02 - Acidente com vítima;22,625;BR-050/MG;Sul;Queda de Ciclista;;1;;;;;;;;;0;;;1;
22/09/2021;14:42:50;242;ac02 - Acidente com vítima;280,8;BR-050/GO;Norte;Colisão Transversal;;;;2;;;;;;;0;2;;;
22/09/2021;19:14:08;344;ac03 - Acidente com vítima ilesa;61,3;BR-050/MG;Sul;Choque - Elemento de Drenagem;1;;;;;;;;;;1;;;;
22/09/2021;20:33:19;365;ac02 - Acidente com vítima;53,5;BR-050/MG;Sul;Choque - Elemento de Drenagem;1;;;;;;;;;;0;1;;;
23/09/2021;02:03:18;29;ac03 - Acidente com vítima ilesa;178;BR-050/MG;Norte;Choque - Talude ou Barranco;;;;;;;;;;1;1;;;;
23/09/2021;04:46:03;42;ac02 - Acidente com vítima;16,4;Contorno;Sul;Atropelamento de Animal;;;;1;;;;;;;0;;1;;
24/09/2021;01:57:47;24;ac03 - Acidente com vítima ilesa;101;BR-050/GO;Sul;Atropelamento de Animal;;;;;;;;;;1;1;;;;
24/09/2021;06:36:23;47;ac03 - Acidente com vítima ilesa;83,55;BR-050/MG;Sul;Choque - Elemento de Drenagem;1;;;;;;;;;;2;;;;
24/09/2021;13:05:56;219;ac02 - Acidente com vítima;160,9;BR-050/MG;Norte;Choque - Defensa metálica;;;;;;;;;;1;0;1;;;
24/09/2021;14:40:58;246;ac03 - Acidente com vítima ilesa;306;BR-050/GO;Norte;Choque - Defensa metálica;1;;;;;;;;;;2;;;;
24/09/2021;18:27:33;329;ac02 - Acidente com vítima;58,95;BR-050/MG;Sul;Choque - Meio fio;1;;;;;;;;;;2;2;;;
24/09/2021;22:07:00;388;ac02 - Acidente com vítima;44,1;BR-050/MG;Sul;Choque - Defensa metálica;1;;1;;;;;;;;1;3;;;
24/09/2021;23:56:43;401;ac03 - Acidente com vítima ilesa;8;Contorno;Sul;Choque - Meio fio;;;;;;;;;;1;1;;;;
25/09/2021;07:24:17;42;ac03 - Acidente com vítima ilesa;96;BR-050/GO;Norte;Colisão lateral no mesmo sentido;;1;;;1;;;;;;2;;;;
25/09/2021;08:45:15;76;ac03 - Acidente com vítima ilesa;106,1;BR-050/GO;Norte;Capotamento;1;;;;;;;;;;1;;;;
25/09/2021;14:22:16;222;ac03 - Acidente com vítima ilesa;203,7;BR-050/MG;Sul;Colisão lateral no mesmo sentido;;;1;;;;;;;1;3;;;;
25/09/2021;15:40:09;244;ac03 - Acidente com vítima ilesa;293,9;BR-050/GO;Norte;Choque - Elemento de Drenagem;1;;;;;;;;;;2;;;;
26/09/2021;01:33:49;11;ac03 - Acidente com vítima ilesa;147;BR-050/MG;Norte;Tombamento;;;1;;;;;;;;1;;;;
26/09/2021;08:17:36;66;ac03 - Acidente com vítima ilesa;126,5;BR-050/MG;Sul;Choque - Meio fio;;;;;;;;;;1;2;;;;
26/09/2021;12:12:46;147;ac02 - Acidente com vítima;174,7;BR-050/MG;Sul;Queda de Ciclista;;1;;;;;;;;;0;;1;;
26/09/2021;14:15:09;179;ac03 - Acidente com vítima ilesa;105,15;BR-050/GO;Norte;Capotamento;1;;;;;;;;;;4;;;;
26/09/2021;15:10:00;197;ac03 - Acidente com vítima ilesa;200,53;BR-050/MG;Sul;Choque - New jersey;1;;;;;;;;;;1;;;;
26/09/2021;17:15:45;237;ac02 - Acidente com vítima;198;BR-050/MG;Norte;Choque na praça ? submarino;1;;;;;;;;;;4;1;;;
26/09/2021;17:42:14;244;ac03 - Acidente com vítima ilesa;198;BR-050/MG;Sul;Choque na praça ? submarino;;;1;;;;;;;;1;;;;
26/09/2021;18:16:02;255;ac03 - Acidente com vítima ilesa;207;BR-050/MG;Norte;Queda de veículo em ribanceira, ponte ou viaduto;1;;;;;;;;;;0;;;;
26/09/2021;18:26:04;261;ac03 - Acidente com vítima ilesa;198;BR-050/MG;Sul;Colisão Traseira;1;;;;;1;;;;;1;;;;
26/09/2021;18:34:20;263;ac03 - Acidente com vítima ilesa;32,95;BR-050/MG;Sul;Choque - Elemento de Drenagem;1;;;;;;;;;;1;;;;
26/09/2021;18:37:11;264;ac03 - Acidente com vítima ilesa;283;BR-050/GO;Norte;Colisão lateral no sentido contrário;1;1;;;;;;;;;3;;;;
26/09/2021;20:21:32;307;ac03 - Acidente com vítima ilesa;149;BR-050/MG;Norte;Choque - Elemento de Drenagem;1;;;;;;;;;;2;;;;
27/09/2021;08:16:34;56;ac02 - Acidente com vítima;131;BR-050/MG;Sul;Choque - Defensa metálica;1;;;;;;;;;;0;;1;;
27/09/2021;10:41:22;122;ac03 - Acidente com vítima ilesa;150;BR-050/MG;Sul;Objeto lançado contra veículo;1;;;;;;;;;;4;;;;
27/09/2021;15:45:18;229;ac03 - Acidente com vítima ilesa;201,5;BR-050/MG;Sul;Colisão Traseira;1;;;;;;;;;1;2;;;;
27/09/2021;15:49:39;231;ac03 - Acidente com vítima ilesa;173;BR-050/MG;Norte;Queda de Moto;;;;1;;;;;;;1;;;;
27/09/2021;20:17:16;318;ac02 - Acidente com vítima;18,8;Contorno;Sul;Queda de Moto;;;;1;;;;;;;0;2;;;
28/09/2021;12:45:50;174;ac03 - Acidente com vítima ilesa;61,05;BR-050/MG;Sul;Colisão Traseira;1;;;;;1;;;;;3;;;;
28/09/2021;14:05:43;203;ac03 - Acidente com vítima ilesa;126;BR-050/MG;Sul;Colisão Traseira;1;;;;;;;;;1;3;;;;
28/09/2021;14:34:33;211;ac02 - Acidente com vítima;180;BR-050/MG;Sul;Colisão lateral no mesmo sentido;;;;1;;;;;;1;2;2;;;
29/09/2021;00:32:13;3;ac02 - Acidente com vítima;205;BR-050/MG;Norte;Colisão Traseira;1;;1;;;;;;;;1;1;;;
29/09/2021;06:38:01;41;ac03 - Acidente com vítima ilesa;305,7;BR-050/GO;Sul;Choque - New jersey;1;;;;;;;;;;1;;;;
29/09/2021;07:44:47;75;ac02 - Acidente com vítima;183,6;BR-050/MG;Sul;Queda de Moto;;;;1;;;;;;;0;1;;;
29/09/2021;09:58:31;143;ac02 - Acidente com vítima;179,016;BR-050/GO;Sul;Choque - Elemento de Drenagem;;;1;;;;;;;1;1;1;;;
30/09/2021;01:34:54;14;ac03 - Acidente com vítima ilesa;167,3;BR-050/MG;Sul;Tombamento;;;1;;;;;;;;1;;;;
30/09/2021;12:53:44;189;ac03 - Acidente com vítima ilesa;51;BR-050/MG;Norte;Colisão Transversal;1;;1;;;;;;;;5;;;;
30/09/2021;15:47:00;255;ac02 - Acidente com vítima;37,96;BR-050/MG;Norte;Choque - Poste;;;;;;;;;;1;0;;1;;
30/09/2021;17:44:48;289;ac03 - Acidente com vítima ilesa;179;BR-050/MG;Sul;Colisão Traseira;2;;;;;;;;;;2;;;;
01/10/2021;12:43:50;174;ac03 - Acidente com vítima ilesa;105,1;BR-050/MG;Norte;Choque - Cancela de Pedagio;;;1;;;;;;;;1;;;;
01/10/2021;13:29:12;189;ac03 - Acidente com vítima ilesa;118,15;BR-050/GO;Sul;Tombamento;;;;;;1;;;;1;2;;;;
01/10/2021;16:44:35;266;ac03 - Acidente com vítima ilesa;163,5;BR-050/MG;Sul;Queda de veículo em ribanceira, ponte ou viaduto;1;;;;;;;;;;1;;;;
01/10/2021;17:15:50;285;ac02 - Acidente com vítima;179;BR-050/MG;Norte;Queda de Moto;;;;1;;;;;;;0;1;;;
01/10/2021;21:02:34;345;ac03 - Acidente com vítima ilesa;313;BR-050/GO;Sul;Colisão Traseira;1;;;;;1;;;;;3;;;;
02/10/2021;13:53:15;195;ac03 - Acidente com vítima ilesa;52;BR-050/MG;Norte;Colisão Transversal;1;;1;;;;;;;;4;;;;
02/10/2021;18:46:13;293;ac03 - Acidente com vítima ilesa;252,96;BR-050/GO;Sul;Choque - Sinalização;1;;;;;;;;;;2;;;;
02/10/2021;20:31:38;324;ac02 - Acidente com vítima;172,2;BR-050/MG;Sul;Choque - New jersey;1;;;;;;;;;;0;;1;;
02/10/2021;21:25:37;342;ac03 - Acidente com vítima ilesa;165,3;BR-050/MG;Sul;Choque - Objeto sobre a pista;1;;;;;;;;;;4;;;;
02/10/2021;21:31:15;344;ac03 - Acidente com vítima ilesa;165,5;BR-050/MG;Sul;Choque - Veiculo parado na pista;1;;;;;;;;;;2;;;;
02/10/2021;21:39:43;347;ac03 - Acidente com vítima ilesa;14;Contorno;Sul;Colisão Traseira;1;;;;;1;;;;;4;;;;
03/10/2021;10:39:01;103;ac03 - Acidente com vítima ilesa;27,88;BR-050/MG;Sul;Queda de Moto;;;;1;;;;;;;0;;;;
03/10/2021;11:22:58;120;ac03 - Acidente com vítima ilesa;97,1;BR-050/MG;Norte;Queda de Carro;1;;;;;1;;;;;1;;;;
03/10/2021;11:27:34;122;ac03 - Acidente com vítima ilesa;206;BR-050/MG;Norte;Choque - Meio fio;;;;;;;;;;1;1;;;;
03/10/2021;14:31:11;178;ac02 - Acidente com vítima;17,8;Contorno;Sul;Choque - New jersey;1;;;;;;;;;;2;1;;;
03/10/2021;17:49:39;263;ac02 - Acidente com vítima;196,5;BR-050/MG;Norte;Colisão Traseira;1;;1;;;;;;;;1;1;;;
03/10/2021;18:11:38;268;ac02 - Acidente com vítima;205;BR-050/MG;Norte;Colisão lateral no mesmo sentido;1;;1;;;;;;;;1;;1;;
03/10/2021;18:46:47;278;ac03 - Acidente com vítima ilesa;198;BR-050/MG;Norte;Colisão Traseira;2;;;;;;;;;;0;;;;
04/10/2021;10:39:39;138;ac03 - Acidente com vítima ilesa;279,1;BR-050/GO;Sul;Colisão Traseira;1;;;;;;;;;1;5;;;;
04/10/2021;13:06:32;195;ac02 - Acidente com vítima;41,16;BR-050/MG;Sul;Colisão Traseira;1;;;1;;;;;;;2;2;;;
04/10/2021;14:37:38;218;ac03 - Acidente com vítima ilesa;133,25;BR-050/MG;Sul;Choque - Elemento de Drenagem;1;;;;;;;;;;1;;;;
04/10/2021;16:18:35;257;ac03 - Acidente com vítima ilesa;204,35;BR-050/MG;Sul;Choque - New jersey;;;1;;;;;;;;1;;;;
04/10/2021;16:27:24;260;ac03 - Acidente com vítima ilesa;204,3;BR-050/MG;Norte;Choque - Objeto sobre a pista;;;;;;;;;;1;2;;;;
04/10/2021;16:30:42;264;ac03 - Acidente com vítima ilesa;204,8;BR-050/MG;Sul;Choque - New jersey;;;;;;;;;;1;1;;;;
04/10/2021;20:09:26;311;ac03 - Acidente com vítima ilesa;77,7;BR-050/MG;Sul;Queda de veículo em ribanceira, ponte ou viaduto;;;1;;;;;;;;1;;;;
05/10/2021;06:17:44;30;ac02 - Acidente com vítima;176;BR-050/MG;Norte;Capotamento;;;1;;;;;;;;0;1;;;
05/10/2021;15:17:18;231;ac03 - Acidente com vítima ilesa;121,2;BR-050/MG;Norte;Colisão lateral no mesmo sentido;;;1;;;;;;;1;2;;;;
06/10/2021;05:49:06;44;ac03 - Acidente com vítima ilesa;265;BR-050/GO;Norte;Choque - Defensa metálica;;;;;;;;;;1;1;;;;
06/10/2021;11:29:52;174;ac03 - Acidente com vítima ilesa;104,9;BR-050/MG;Norte;Colisão Traseira;;;2;;;;;;;;2;;;;
06/10/2021;13:10:36;202;ac03 - Acidente com vítima ilesa;18,5;Contorno;Sul;Choque - Meio fio;1;;;;;;;;;;0;;;;
06/10/2021;17:34:12;305;ac03 - Acidente com vítima ilesa;203,03;BR-050/MG;Sul;Choque - New jersey;;;1;;;;;;;;1;;;;
07/10/2021;09:42:29;124;ac03 - Acidente com vítima ilesa;125,7;BR-050/MG;Norte;Tombamento;;;1;;;;;;;;1;;;;
07/10/2021;18:47:10;315;ac03 - Acidente com vítima ilesa;101,5;BR-050/GO;Sul;Atropelamento de Animal;1;;;;;;;;;;1;;;;
08/10/2021;07:01:00;55;ac02 - Acidente com vítima;44,7;BR-050/MG;Sul;Choque - Talude ou Barranco;;;;;;;;;;1;0;;1;;