data;horario;n_da_ocorrencia;tipo_de_ocorrencia;km;trecho;sentido;tipo_de_acidente;automovel;bicicleta;caminhao;moto;onibus;outros;tracao_animal;transporte_de_cargas_especiais;trator_maquinas;utilitarios;ilesos;levemente_feridos;moderadamente_feridos;gravemente_feridos;mortos
08/10/2021;09:25:47;103;ac03 - Acidente com vítima ilesa;29,586;BR-050/MG;Norte;Choque - Elemento de Drenagem;1;;;;;;;;;;4;;;;
09/10/2021;02:48:55;29;ac02 - Acidente com vítima;61,36;BR-050/MG;Norte;Choque - Elemento de Drenagem;;;;;;;;;;1;0;1;;;
09/10/2021;05:16:51;45;ac03 - Acidente com vítima ilesa;174;BR-050/MG;Sul;Colisão Traseira;2;;;;;;;;;;5;;;;
09/10/2021;06:53:33;62;ac03 - Acidente com vítima ilesa;27,46;BR-050/MG;Norte;Colisão lateral no mesmo sentido;;;2;;;;;;;;3;;;;
09/10/2021;09:32:21;130;ac03 - Acidente com vítima ilesa;179;BR-050/MG;Norte;Choque - Meio fio;1;;;;;;;;;;1;;;;
09/10/2021;15:36:17;258;ac03 - Acidente com vítima ilesa;59,9;BR-050/MG;Sul;Colisão Traseira;1;;;;;;;;;1;3;;;;
10/10/2021;00:19:22;2;ac02 - Acidente com vítima;133;BR-050/GO;Norte;Queda de Moto;;;;1;;;;;;;0;;1;;
10/10/2021;01:40:12;10;ac03 - Acidente com vítima ilesa;103,3;BR-050/GO;Norte;Colisão Traseira;1;;;;;;;;;1;2;;;;
10/10/2021;02:35:00;21;ac02 - Acidente com vítima;35,9;BR-050/MG;Sul;Atropelamento - Pedestre;;;;;;;;;;;0;;1;;
10/10/2021;03:56:48;28;ac02 - Acidente com vítima;22,8;BR-050/MG;Norte;Choque - Elemento de Drenagem;1;;;;;;;;;;0;1;;;
10/10/2021;04:48:06;38;ac03 - Acidente com vítima ilesa;272,3;BR-050/GO;Norte;Choque - Outros;;;;;;;;;;1;1;;;;
10/10/2021;05:58:26;50;ac03 - Acidente com vítima ilesa;175;BR-050/MG;Sul;Choque - Meio fio;1;;;;;;;;;;2;;;;
10/10/2021;07:16:47;66;ac03 - Acidente com vítima ilesa;125,7;BR-050/MG;Norte;Choque - Defensa metálica;;;;;;;;;;1;1;;;;
10/10/2021;07:57:01;78;ac02 - Acidente com vítima;119,5;BR-050/MG;Sul;Choque - Sinalização;;;;;;;;;;1;0;1;;;
10/10/2021;11:05:44;131;ac02 - Acidente com vítima;111,46;BR-050/MG;Norte;Capotamento;1;;;;;;;;;;0;;1;;
10/10/2021;14:47:42;176;ac03 - Acidente com vítima ilesa;205,5;BR-050/MG;Norte;Choque - New jersey;;;;;;;;;;1;1;;;;
10/10/2021;16:00:14;198;ac03 - Acidente com vítima ilesa;29,8;BR-050/MG;Norte;Choque - Defensa metálica;1;;;;;;;;;;5;;;;
10/10/2021;16:25:54;207;ac03 - Acidente com vítima ilesa;47,7;BR-050/MG;Sul;Choque - New jersey;1;;;;;;;;;;2;;;;
10/10/2021;21:09:28;296;ac03 - Acidente com vítima ilesa;179,1;BR-050/MG;Sul;Colisão lateral no mesmo sentido;;;2;;;;;;;;2;;;;
11/10/2021;01:16:49;17;ac03 - Acidente com vítima ilesa;33,85;BR-050/MG;Norte;Choque - Elemento de Drenagem;1;;;;;;;;;;2;;;;
11/10/2021;05:27:34;25;ac03 - Acidente com vítima ilesa;31,3;BR-050/MG;Norte;Capotamento;1;;;;;;;;;;2;;;;
11/10/2021;09:02:18;83;ac03 - Acidente com vítima ilesa;177,65;BR-050/MG;Sul;Colisão Traseira;2;;;;;;;;;;2;;;;
11/10/2021;16:58:25;251;ac02 - Acidente com vítima;196,8;BR-050/GO;Sul;Choque - Sinalização;1;;;;;;;;;;0;1;;;
11/10/2021;18:12:05;263;ac03 - Acidente com vítima ilesa;51,272;BR-050/MG;Sul;Colisão Traseira;2;;;;;;;;;;8;;;;
11/10/2021;23:28:18;330;ac02 - Acidente com vítima;17,9;Contorno;Norte;Colisão Traseira;;1;;1;;;;;;;2;;;1;
12/10/2021;04:41:42;21;ac02 - Acidente com vítima;198;BR-050/GO;Sul;Capotamento;1;;;;;;;;;;0;2;;;
12/10/2021;07:02:19;41;ac03 - Acidente com vítima ilesa;105;BR-050/MG;Sul;Choque - Sinalização;;;1;;;;;;;;1;;;;
12/10/2021;07:17:56;47;ac03 - Acidente com vítima ilesa;119,06;BR-050/GO;Norte;Queda de veículo em ribanceira, ponte ou viaduto;1;;;;;;;;;;0;;;;
12/10/2021;08:43:34;71;ac03 - Acidente com vítima ilesa;157,4;BR-050/MG;Sul;Choque - Talude ou Barranco;;;;;;1;;;;;0;;;;
12/10/2021;09:17:18;83;ac02 - Acidente com vítima;53,34;BR-050/MG;Norte;Choque - Elemento de Drenagem;;;;1;;;;;;;0;1;;;
12/10/2021;14:26:14;167;ac03 - Acidente com vítima ilesa;5,8;Contorno;Sul;Choque - Elemento de Drenagem;1;;;;;;;;;;4;;;;
12/10/2021;18:31:54;245;ac02 - Acidente com vítima;16,5;Contorno;Sul;Choque - New jersey;1;;;;;;;;;;2;1;;;
13/10/2021;13:02:07;178;ac03 - Acidente com vítima ilesa;175,15;BR-050/MG;Sul;Choque - New jersey;1;;;;;;;;;;1;;;;
14/10/2021;06:15:33;27;ac03 - Acidente com vítima ilesa;162;BR-050/MG;Norte;Tombamento;;;1;;;;;;;;1;;;;
14/10/2021;09:35:22;101;ac03 - Acidente com vítima ilesa;58,1;BR-050/MG;Norte;Choque - Meio fio;;;;;;;;;;1;3;;;;
14/10/2021;12:58:44;156;ac03 - Acidente com vítima ilesa;265;BR-050/GO;Norte;Choque - Outros;1;;;;;;;;;;1;;;;
14/10/2021;14:15:22;170;ac02 - Acidente com vítima;275,92;BR-050/GO;Sul;Choque - Defensa metálica;;;;1;;;;;;;0;1;;;
14/10/2021;14:26:40;172;ac03 - Acidente com vítima ilesa;219,1;BR-050/GO;Norte;Choque - Talude ou Barranco;;;1;;;;;;;;1;;;;
14/10/2021;17:31:15;219;ac03 - Acidente com vítima ilesa;47,285;BR-050/MG;Sul;Choque - New jersey;;;1;;;;;;;;1;;;;
15/10/2021;09:48:20;113;ac03 - Acidente com vítima ilesa;119,8;BR-050/MG;Sul;Atropelamento de Animal;;;;;;;;;;1;1;;;;
15/10/2021;13:17:44;198;ac03 - Acidente com vítima ilesa;196;BR-050/MG;Sul;Colisão Transversal;;;1;;;;;;;1;3;;;;
15/10/2021;14:22:38;216;ac03 - Acidente com vítima ilesa;27,82;BR-050/MG;Sul;Choque - Meio fio;1;;;;;;;;;;1;;;;
15/10/2021;19:31:34;312;ac02 - Acidente com vítima;207,001;BR-050/MG;Norte;Colisão Traseira;1;;;;;;;;;1;0;4;1;;
16/10/2021;01:39:14;12;ac03 - Acidente com vítima ilesa;278,7;BR-050/GO;Sul;Colisão Traseira;2;;;;;;;;;;4;;;;
16/10/2021;06:06:31;28;ac03 - Acidente com vítima ilesa;272,1;BR-050/GO;Sul;Choque - Meio fio;1;;;;;;;;;;2;;;;
16/10/2021;07:37:11;58;ac02 - Acidente com vítima;2,41;BR-050/MG;Norte;Colisão lateral no mesmo sentido;;;2;;;;;;;;2;1;;;
16/10/2021;10:51:14;126;ac02 - Acidente com vítima;78,95;BR-050/MG;Sul;Choque - Defensa metálica;1;;;;;;;;;;0;1;;;
16/10/2021;13:14:32;163;ac02 - Acidente com vítima;16,92;BR-050/MG;Norte;Tombamento;;;1;;;;;;;;0;;1;;
16/10/2021;15:56:20;218;ac02 - Acidente com vítima;180,95;BR-050/MG;Norte;Engavetamento;2;;;;;;;;;1;10;;2;;
16/10/2021;17:01:40;237;ac02 - Acidente com vítima;52,8;BR-050/MG;Sul;Capotamento;1;;;;;;;;;;2;1;;;
17/10/2021;00:07:38;1;ac02 - Acidente com vítima;179;BR-050/MG;Sul;Queda de Moto;;;;1;;;;;;;0;;1;;
17/10/2021;05:25:06;34;ac02 - Acidente com vítima;281;BR-050/GO;Sul;Queda de Moto;;;;;;1;;;;;0;;1;;
17/10/2021;07:14:17;40;ac02 - Acidente com vítima;192,4;BR-050/MG;Sul;Choque - Elemento de Drenagem;1;;;;;;;;;;0;1;;;
17/10/2021;16:16:35;184;ac03 - Acidente com vítima ilesa;18,85;Contorno;Norte;Choque - Arvore;1;;;;;;;;;;1;;;;
17/10/2021;21:19:16;255;ac03 - Acidente com vítima ilesa;239,78;BR-050/GO;Norte;Colisão lateral no mesmo sentido;1;;1;;;;;;;;3;;;;
18/10/2021;04:44:52;25;ac03 - Acidente com vítima ilesa;113,68;BR-050/MG;Norte;Choque - Elemento de Drenagem;1;;;;;;;;;;3;;;;
18/10/2021;06:08:23;32;ac02 - Acidente com vítima;189;BR-050/MG;Sul;Capotamento;1;;;;;;;;;;0;1;;;
18/10/2021;07:54:43;63;ac03 - Acidente com vítima ilesa;180;BR-050/MG;Norte;Colisão lateral no mesmo sentido;1;;1;;;1;;;;;3;;;;
18/10/2021;08:06:51;72;ac03 - Acidente com vítima ilesa;241,64;BR-050/GO;Norte;Capotamento;;;;;;;;;;1;1;;;;
18/10/2021;15:14:17;220;ac03 - Acidente com vítima ilesa;35,7;BR-050/MG;Sul;Capotamento;1;;;;;;;;;;1;;;;
19/10/2021;12:38:46;173;ac03 - Acidente com vítima ilesa;175,6;BR-050/MG;Sul;Choque - Sinalização;1;;;;;;;;;;1;;;;
19/10/2021;15:27:27;218;ac03 - Acidente com vítima ilesa;79,05;BR-050/MG;Sul;Choque - Sinalização;1;;;;;;;;;;1;;;;
19/10/2021;17:12:29;254;ac03 - Acidente com vítima ilesa;47,74;BR-050/MG;Norte;Choque - Defensa metálica;1;;;;;;;;;;1;;;;
20/10/2021;00:41:53;8;ac02 - Acidente com vítima;128,7;BR-050/MG;Norte;Colisão Traseira;;;2;;;;;;;;1;1;;;
20/10/2021;01:55:51;11;ac02 - Acidente com vítima;283;BR-050/GO;Sul;Colisão Transversal;1;;;;1;;;;;;1;;1;;
20/10/2021;07:28:01;60;ac03 - Acidente com vítima ilesa;81,5;BR-050/MG;Sul;Colisão Transversal;2;;;;;;;;;;2;;;;
20/10/2021;08:11:04;65;ac02 - Acidente com vítima;180;BR-050/MG;Sul;Colisão lateral no mesmo sentido;;;;1;;1;;;;;0;2;;;
20/10/2021;17:32:55;282;ac02 - Acidente com vítima;172,2;BR-050/MG;Sul;Queda de Moto;;;;1;;;;;;;0;2;;;
21/10/2021;03:23:46;22;ac03 - Acidente com vítima ilesa;63,55;BR-050/MG;Sul;Colisão Traseira;1;;;;;1;;;;;1;;;;
21/10/2021;07:13:37;52;ac02 - Acidente com vítima;178,3;BR-050/MG;Sul;Queda de Moto;;;;1;;;;;;;0;1;1;;
22/10/2021;00:10:42;1;ac02 - Acidente com vítima;149,3;BR-050/MG;Sul;Choque - Arvore;;;1;;;;;;;;1;1;;;
22/10/2021;01:53:23;19;ac03 - Acidente com vítima ilesa;2,82;BR-050/MG;Sul;Choque - Elemento de Drenagem;1;;;;;;;;;;1;;;;
22/10/2021;07:35:57;73;ac03 - Acidente com vítima ilesa;272,26;BR-050/GO;Norte;Choque - Outros;1;;;;;;;;;;4;;;;
22/10/2021;10:25:21;141;ac03 - Acidente com vítima ilesa;0,5;BR-050/MG;Sul;Choque - Defensa metálica;1;;;;;;;;;;4;;;;
22/10/2021;15:15:35;229;ac03 - Acidente com vítima ilesa;31,94;BR-050/MG;Norte;Choque - Meio fio;1;;;;;;;;;;1;;;;
22/10/2021;17:58:19;292;ac02 - Acidente com vítima;107,3;BR-050/MG;Norte;Capotamento;;;1;;;;;;;1;1;1;;;
22/10/2021;19:56:33;327;ac02 - Acidente com vítima;44;BR-050/MG;Sul;Engavetamento;1;;;1;;1;;;;;1;2;;;
22/10/2021;22:10:32;359;ac03 - Acidente com vítima ilesa;80;BR-050/MG;Norte;Choque - Meio fio;1;;;;;;;;;;1;;;;
23/10/2021;05:24:26;33;ac03 - Acidente com vítima ilesa;40;BR-050/MG;Sul;Choque - New jersey;1;;;;;;;;;;2;;;;
23/10/2021;10:38:04;131;ac02 - Acidente com vítima;11;Contorno;Norte;Objeto lançado contra veículo;;1;;;;;;;;;0;1;;;
23/10/2021;10:56:08;141;ac03 - Acidente com vítima ilesa;14,8;Contorno;Sul;Colisão Traseira;;;;;;1;;;;1;2;;;;
23/10/2021;13:07:53;178;ac02 - Acidente com vítima;220,1;BR-050/GO;Norte;Capotamento;1;;;;;;;;;;0;;1;;
23/10/2021;14:57:13;221;ac03 - Acidente com vítima ilesa;179,9;BR-050/MG;Norte;Tombamento;;;1;;;;;;;;1;;;;
24/10/2021;02:09:03;16;ac03 - Acidente com vítima ilesa;20,1;BR-050/MG;Norte;Choque - Elemento de Drenagem;1;;;;;;;;;;2;;;;
24/10/2021;06:16:32;42;ac03 - Acidente com vítima ilesa;208,82;BR-050/GO;Norte;Colisão lateral no mesmo sentido;1;;;;;1;;;;;1;;;;
25/10/2021;06:17:28;34;ac02 - Acidente com vítima;39;BR-050/MG;Sul;Queda de Moto;;;;1;;;;;;;0;1;;;
25/10/2021;07:15:17;48;ac03 - Acidente com vítima ilesa;44,787;BR-050/MG;Norte;Colisão Traseira;1;;;1;;;;;;;2;;;;
25/10/2021;11:28:00;142;ac03 - Acidente com vítima ilesa;54,9;BR-050/MG;Norte;Objeto lançado contra veículo;1;;;;;;;;;;1;;;;
25/10/2021;15:04:12;208;ac03 - Acidente com vítima ilesa;176,1;BR-050/MG;Norte;Colisão lateral no mesmo sentido;;;1;;;;;;;1;4;;;;
26/10/2021;13:03:24;162;ac02 - Acidente com vítima;65;BR-050/MG;Norte;Tombamento;;;1;;;;;;;;0;1;;;
27/10/2021;05:10:02;19;ac02 - Acidente com vítima;18,05;Contorno;Norte;Choque - Veiculo parado no acostamento;1;;1;;;;;;;;1;1;;;
27/10/2021;11:03:50;149;ac02 - Acidente com vítima;177,8;BR-050/MG;Sul;Colisão lateral no mesmo sentido;;;1;1;;;;;;;1;1;;;
27/10/2021;14:54:56;216;ac02 - Acidente com vítima;170;BR-050/MG;Norte;Colisão Traseira;;;2;;;;;;;1;2;5;;;
27/10/2021;15:02:16;220;ac03 - Acidente com vítima ilesa;177;BR-050/MG;Norte;Choque - New jersey;;;1;;;;;;;;0;;;;
27/10/2021;16:58:08;257;ac02 - Acidente com vítima;141;BR-050/MG;Sul;Queda de Moto;;;;1;;;;;;;0;1;;;
27/10/2021;18:15:46;284;ac03 - Acidente com vítima ilesa;114,8;BR-050/GO;Norte;Choque - Talude ou Barranco;;;1;;;;;;;;2;;;;
27/10/2021;22:33:36;352;ac02 - Acidente com vítima;15;Contorno;Sul;Choque - Defensa metálica;;;1;;;;;;;;0;1;;;
28/10/2021;19:07:18;294;ac03 - Acidente com vítima ilesa;54;BR-050/MG;Sul;Choque - Talude ou Barranco;;;1;;;;;;;;1;;;;
29/10/2021;03:02:41;20;ac03 - Acidente com vítima ilesa;204,5;BR-050/GO;Norte;Choque - Outros;;;;;;;;;;1;1;;;;
29/10/2021;08:38:06;96;ac03 - Acidente com vítima ilesa;157,41;BR-050/GO;Norte;Choque - Sinalização;;;;;;;;;;1;1;;;;
29/10/2021;10:00:50;146;ac03 - Acidente com vítima ilesa;122,5;BR-050/MG;Norte;Choque - Elemento de Drenagem;;;1;;;;;;;;1;;;;
29/10/2021;12:39:03;204;ac02 - Acidente com vítima;179,05;BR-050/MG;Sul;Choque - Talude ou Barranco;;;;1;;;;;;;0;;1;;
29/10/2021;13:50:28;222;ac02 - Acidente com vítima;90,03;BR-050/MG;Norte;Queda de Moto;;;;1;;;;;;;0;1;;;
29/10/2021;15:45:17;270;ac03 - Acidente com vítima ilesa;96,2;BR-050/MG;Norte;Colisão Traseira;;;2;;;;;;;;2;;;;
29/10/2021;18:14:06;316;ac02 - Acidente com vítima;280,6;BR-050/GO;Sul;Colisão Transversal;2;;;;;;;;;;4;1;;;
29/10/2021;21:32:59;390;ac03 - Acidente com vítima ilesa;31,8;BR-050/MG;Sul;Colisão Traseira;1;;1;;;;;;;;2;;;;
29/10/2021;23:38:25;408;ac03 - Acidente com vítima ilesa;167,6;BR-050/MG;Norte;Choque - Meio fio;1;;;;;;;;;;1;;;;
29/10/2021;23:56:36;411;ac03 - Acidente com vítima ilesa;55,8;BR-050/MG;Sul;Choque - Meio fio;1;;;;;;;;;;1;;;;
30/10/2021;02:23:08;12;ac03 - Acidente com vítima ilesa;106,1;BR-050/GO;Norte;Choque - Meio fio;1;;;;;;;;;;1;;;;
30/10/2021;03:59:07;20;ac03 - Acidente com vítima ilesa;177;BR-050/MG;Norte;Choque - Objeto sobre a pista;1;;;;;;;;;;1;;;;
30/10/2021;12:18:19;173;ac02 - Acidente com vítima;260,8;BR-050/GO;Sul;Choque - Sinalização;;;;1;;;;;;;0;;;1;
30/10/2021;21:26:44;304;ac02 - Acidente com vítima;36;BR-050/MG;Norte;Choque - New jersey;1;;;;;;;;;;0;;1;;
31/10/2021;01:38:32;13;ac03 - Acidente com vítima ilesa;239,12;BR-050/GO;Sul;Atropelamento de Animal;1;;;;;;;;;;5;;;;
31/10/2021;04:11:38;23;ac02 - Acidente com vítima;100,5;BR-050/GO;Norte;Tombamento;1;;1;;;;;;;;1;2;;;
31/10/2021;12:28:47;138;ac02 - Acidente com vítima;130,64;BR-050/GO;Sul;Capotamento;1;;;;;;;;;;0;;4;;
31/10/2021;17:43:38;230;ac03 - Acidente com vítima ilesa;18,8;BR-050/MG;Sul;Choque - Defensa metálica;;;;;;;;;;1;2;;;;
31/10/2021;20:27:31;253;ac02 - Acidente com vítima;77,6;BR-050/MG;Sul;Colisão Traseira;;;;1;;1;;;;;0;;1;;
31/10/2021;21:42:07;265;ac03 - Acidente com vítima ilesa;109,1;BR-050/MG;Sul;Colisão Traseira;2;;;;;;;;;;3;;;;
29/12/2021;21:44:00;295;Sem vítima;156,800;BR-50/MG;Decrescente;Choque;1;0;0;0;0;0;0;0;0;0;1;0;0;0;0
30/12/2021;13:39:00;172;Com vítima;18,800;BR-50/MG;Crescente;Choque;1;0;0;0;0;0;0;0;0;0;0;0;1;0;0
30/12/2021;13:57:00;180;Sem vítima;235,000;BR-50/MG;Crescente;Choque;1;0;0;0;0;0;0;0;0;0;2;0;0;0;0
30/12/2021;17:26:00;231;Sem vítima;29,800;BR-50/MG;Decrescente;Choque;1;0;0;0;0;0;0;0;0;0;3;0;0;0;0
31/12/2021;08:02:00;55;Sem vítima;58,100;BR-50/MG;Decrescente;Choque;1;0;0;0;0;0;0;0;0;0;5;0;0;0;0
31/12/2021;12:07:00;130;Sem vítima;144,700;BR-50/MG;Crescente;Choque;1;0;0;0;0;0;0;0;0;0;2;0;0;0;0
31/12/2021;18:41:00;234;Sem vítima;173,300;BR-50/MG;Crescente;Colisão lateral no mesmo sentido;1;0;0;0;0;0;0;0;0;1;4;0;0;0;0
01/01/2022;10:56:00;67;Sem vítima;235,970;BR-50/MG;Decrescente;Choque;1;0;0;0;0;0;0;0;0;0;1;0;0;0;0
01/01/2022;12:29:00;81;Sem vítima;101,350;BR-50/MG;Crescente;Choque;0;0;0;0;0;0;0;0;0;2;6;0;0;0;0
01/01/2022;15:35:00;111;Sem vítima;195,500;BR-50/MG;Crescente;Choque;1;0;0;0;0;0;0;0;0;0;3;0;0;0;0
02/01/2022;07:37:00;37;Sem vítima;17,100;BR-50/MG;Decrescente;Choque;1;0;0;0;0;0;0;0;0;0;2;0;0;0;0
02/01/2022;10:33:00;74;Sem vítima;125,500;BR-50/MG;Decrescente;Choque;1;0;0;0;0;0;0;0;0;0;2;0;0;0;0
02/01/2022;10:38:00;79;Com vítima;226,000;BR-50/MG;Crescente;Choque;0;0;0;1;0;0;0;0;0;0;0;1;0;0;0
02/01/2022;10:48:00;83;Sem vítima;29,800;BR-50/MG;Crescente;Choque;0;0;0;0;0;0;0;0;0;1;2;0;0;0;0
02/01/2022;13:08:00;115;Sem vítima;273,000;BR-50/MG;Crescente;Choque;1;0;0;0;0;0;0;0;0;0;1;0;0;0;0
02/01/2022;15:08:00;142;Com vítima;97,700;BR-50/MG;Crescente;Colisão transversal;2;0;0;0;0;0;0;0;0;0;3;2;0;0;0
02/01/2022;16:37:00;182;Sem vítima;119,800;BR-50/MG;Decrescente;Colisão transversal;1;0;0;0;0;1;0;0;0;0;2;0;0;0;0
02/01/2022;18:12:00;206;Com vítima;118,840;BR-50/MG;Crescente;Capotamento;1;0;0;0;0;0;0;0;0;0;1;0;1;1;0
02/01/2022;18:29:00;212;Com vítima;151,000;BR-50/MG;Crescente;Capotamento;1;0;0;0;0;0;0;0;0;0;0;1;2;0;0
02/01/2022;19:47:00;234;Com vítima;99,150;BR-50/MG;Crescente;Atropelamento de animal;1;0;0;0;0;0;0;0;0;0;2;0;1;0;0
03/01/2022;00:39:00;10;Sem vítima;64,740;BR-50/MG;Decrescente;Choque;1;0;0;0;0;0;0;0;0;0;4;0;0;0;0
03/01/2022;02:12:00;22;Sem vítima;32,000;BR-50/MG;Crescente;Acidentes de outra natureza;0;0;1;0;0;1;0;0;0;0;2;0;0;0;0
03/01/2022;22:47:00;321;Sem vítima;272,730;BR-50/MG;Decrescente;Choque;0;0;0;0;1;0;0;0;0;0;1;0;0;0;0
03/01/2022;23:43:00;332;Com vítima;127,900;BR-50/MG;Decrescente;Colisão traseira;0;0;0;0;0;2;0;0;0;0;1;0;1;0;0
04/01/2022;10:04:00;148;Sem vítima;34,540;BR-50/MG;Decrescente;Choque;1;0;0;0;0;0;0;0;0;0;1;0;0;0;0
04/01/2022;12:42:00;209;Sem vítima;16,520;BR-50/MG;Crescente;Choque;0;0;1;0;0;0;0;0;0;0;1;0;0;0;0
04/01/2022;12:52:00;214;Sem vítima;272,200;BR-50/MG;Decrescente;Choque;0;0;0;0;0;0;0;0;0;1;1;0;0;0;0
04/01/2022;13:39:00;228;Com vítima;192,990;BR-50/MG;Crescente;Queda de moto;0;0;0;1;0;0;0;0;0;0;0;1;0;0;0
04/01/2022;16:51:00;282;Sem vítima;53,280;BR-50/MG;Crescente;Choque;0;0;0;0;0;0;0;0;0;1;1;0;0;0;0
05/01/2022;01:52:00;9;Sem vítima;82,700;BR-50/MG;Crescente;Choque;1;0;0;0;0;0;0;0;0;0;3;0;0;0;0
05/01/2022;07:40:00;44;Sem vítima;204,300;BR-50/MG;Crescente;Choque;1;0;0;0;0;0;0;0;0;0;1;0;0;0;0
05/01/2022;11:34:00;149;Com vítima;233,380;BR-50/MG;Crescente;Capotamento;0;0;0;0;0;0;0;0;0;1;0;1;4;0;0
06/01/2022;03:36:00;16;Sem vítima;203,800;BR-50/MG;Decrescente;Colisão traseira;0;0;0;0;0;0;0;0;0;1;1;0;0;0;0
06/01/2022;10:45:00;123;Sem vítima;165,500;BR-50/MG;Decrescente;Choque;1;0;0;0;0;0;0;0;0;0;3;0;0;0;0
06/01/2022;11:09:00;128;Sem vítima;132,500;BR-50/MG;Crescente;Choque;0;0;0;0;0;0;0;0;0;1;2;0;0;0;0
06/01/2022;14:17:00;177;Com vítima;1,500;BR-50/MG;Decrescente;Atropelamento de animal;1;0;0;0;0;0;0;0;0;0;0;0;1;0;0
07/01/2022;06:50:00;24;Com vítima;18,800;BR-50/MG;Crescente;Choque;1;0;0;0;0;0;0;0;0;0;0;4;0;0;0
07/01/2022;08:10:00;54;Sem vítima;102,480;BR-50/MG;Decrescente;Atropelamento de animal;1;0;0;0;0;0;0;0;0;0;2;0;0;0;0
07/01/2022;10:38:00;110;Sem vítima;128,150;BR-50/MG;Decrescente;Choque;1;0;0;0;0;0;0;0;0;0;1;0;0;0;0
07/01/2022;13:06:00;157;Com vítima;140,300;BR-50/MG;Crescente;Capotamento;1;0;0;0;0;0;0;0;0;0;0;0;4;0;0
08/01/2022;08:01:00;70;Com vítima;182,750;BR-50/MG;Decrescente;Queda de moto;0;0;0;1;0;0;0;0;0;0;0;1;0;0;0
08/01/2022;13:23:00;200;Sem vítima;64,580;BR-50/MG;Decrescente;Choque;1;0;0;0;0;0;0;0;0;0;1;0;0;0;0
08/01/2022;13:57:00;210;Sem vítima;58,060;BR-50/MG;Crescente;Choque;1;0;0;0;0;0;0;0;0;0;1;0;0;0;0
08/01/2022;14:24:00;217;Com vítima;11,600;Contorno de Uberlândia/MG;Crescente;Capotamento;1;0;0;0;0;0;0;0;0;0;0;0;1;0;0
08/01/2022;14:25:00;218;Com vítima;7,800;Contorno de Uberlândia/MG;Crescente;Capotamento;1;0;0;0;0;0;0;0;0;0;0;0;1;0;0
08/01/2022;16:53:00;268;Sem vítima;10,100;BR-50/MG;Decrescente;Choque;1;0;0;0;0;0;0;0;0;0;3;0;0;0;0
08/01/2022;17:06:00;270;Sem vítima;287,480;BR-50/MG;Crescente;Choque;1;0;0;0;0;0;0;0;0;0;3;0;0;0;0
09/01/2022;02:24:00;9;Com vítima;36,200;BR-50/MG;Crescente;Choque;1;0;0;0;0;0;0;0;0;0;0;2;0;0;0
09/01/2022;08:51:00;64;Sem vítima;195,027;BR-50/MG;Crescente;Choque;0;0;0;0;0;0;0;0;0;1;4;0;0;0;0
09/01/2022;11:27:00;132;Com vítima;1,800;BR-50/MG;Decrescente;Choque;0;0;0;0;0;0;0;0;0;1;0;1;2;0;0
09/01/2022;19:25:00;244;Com vítima;171,200;BR-50/MG;Crescente;Choque;0;0;0;1;0;0;0;0;0;0;0;1;1;0;0
10/01/2022;02:04:00;9;Com vítima;242,000;BR-50/MG;Decrescente;Tombamento;0;0;0;0;0;1;0;0;0;0;0;1;0;0;0
10/01/2022;02:20:00;11;Sem vítima;123,800;BR-50/MG;Crescente;Choque;1;0;0;0;0;0;0;0;0;0;1;0;0;0;0
10/01/2022;03:27:00;14;Sem vítima;178,000;BR-50/MG;Decrescente;Choque;0;0;0;0;0;0;0;0;0;1;4;0;0;0;0
10/01/2022;15:12:00;235;Sem vítima;62,200;BR-50/MG;Crescente;Choque;0;0;0;0;0;0;0;0;0;1;1;0;0;0;0
10/01/2022;15:27:00;239;Com vítima;105,000;BR-50/MG;Crescente;Colisão traseira;0;0;1;0;0;0;0;0;0;1;4;1;0;0;0
10/01/2022;19:26:00;281;Com vítima;9,900;Contorno de Uberlândia/MG;Crescente;Choque;1;0;0;0;0;0;0;0;0;0;0;1;0;0;0
10/01/2022;19:57:00;289;Sem vítima;230,700;BR-50/MG;Decrescente;Choque;1;0;0;0;0;0;0;0;0;0;3;0;0;0;0
11/01/2022;06:04:00;31;Sem vítima;195,000;BR-50/MG;Crescente;Capotamento;1;0;0;0;0;0;0;0;0;0;2;0;0;0;0
11/01/2022;09:30:00;117;Sem vítima;178,700;BR-50/MG;Decrescente;Choque;1;0;0;0;0;0;0;0;0;0;1;0;0;0;0
11/01/2022;09:30:00;123;Sem vítima;178,780;BR-50/MG;Decrescente;Choque;0;0;0;0;0;1;0;0;0;0;1;0;0;0;0
11/01/2022;12:23:00;189;Sem vítima;54,000;BR-50/MG;Crescente;Choque;0;0;1;0;0;0;0;0;0;0;1;0;0;0;0
11/01/2022;13:25:00;205;Sem vítima;195,200;BR-50/MG;Crescente;Choque;0;0;0;0;0;1;0;0;0;0;2;0;0;0;0
11/01/2022;14:20:00;217;Sem vítima;198,600;BR-50/MG;Crescente;Colisão transversal;0;0;1;0;0;1;0;0;0;0;2;0;0;0;0
11/01/2022;15:25:00;250;Sem vítima;206,970;BR-50/MG;Decrescente;Choque;0;0;0;0;0;1;0;0;0;0;1;0;0;0;0