data;horario;n_da_ocorrencia;tipo_de_ocorrencia;km;trecho;sentido;tipo_de_acidente;automovel;bicicleta;caminhao;moto;onibus;outros;tracao_animal;transporte_de_cargas_especiais;trator_maquinas;utilitarios;ilesos;levemente_feridos;moderadamente_feridos;gravemente_feridos;mortos
12/01/2022;10:07:00;144;Sem vítima;198,000;BR-50/MG;Crescente;Choque;0;0;1;0;0;0;0;0;0;0;1;0;0;0;0
12/01/2022;18:57:00;317;Sem vítima;114,300;BR-50/MG;Decrescente;Choque;0;0;0;0;0;0;0;0;0;1;1;0;0;0;0
13/01/2022;04:43:00;24;Com vítima;133,900;BR-50/MG;Decrescente;Choque;0;0;1;0;0;0;0;0;0;0;0;1;0;0;0
13/01/2022;08:13:00;62;Com vítima;169,350;BR-50/MG;Crescente;Colisão traseira;1;0;0;0;0;2;0;0;0;0;2;1;0;0;0
13/01/2022;09:21:00;87;Sem vítima;117,550;BR-50/MG;Decrescente;Atropelamento de animal;0;0;0;0;0;0;0;0;0;1;1;0;0;0;0
13/01/2022;11:36:00;155;Com vítima;153,400;BR-50/MG;Decrescente;Capotamento;1;0;0;0;0;0;0;0;0;0;0;4;0;0;0
13/01/2022;14:05:00;186;Sem vítima;31,120;BR-50/MG;Decrescente;Choque;1;0;0;0;0;0;0;0;0;0;4;0;0;0;0
13/01/2022;16:16:00;234;Sem vítima;178,950;BR-50/MG;Decrescente;Choque;0;0;0;0;0;0;0;0;0;1;2;0;0;0;0
14/01/2022;21:41:00;372;Sem vítima;172,000;BR-50/MG;Crescente;Atropelamento de animal;1;0;0;0;0;0;0;0;0;0;2;0;0;0;0
15/01/2022;00:02:00;1;Sem vítima;119,000;BR-50/MG;Crescente;Choque;1;0;0;0;0;0;0;0;0;0;1;0;0;0;0
15/01/2022;00:53:00;5;Com vítima;198,970;BR-50/MG;Crescente;Choque;0;0;0;0;1;0;0;0;0;0;26;3;11;0;1
15/01/2022;03:34:00;17;Com vítima;96,900;BR-50/MG;Decrescente;Atropelamento de pedestre;0;0;0;0;0;0;0;0;0;0;0;0;0;0;1
15/01/2022;13:13:00;168;Sem vítima;174,000;BR-50/MG;Decrescente;Queda de bicicleta;0;1;0;0;0;0;0;0;0;0;1;0;0;0;0
15/01/2022;13:52:00;180;Sem vítima;58,000;BR-50/MG;Decrescente;Colisão lateral no mesmo sentido;1;0;0;0;0;1;0;0;0;0;5;0;0;0;0
15/01/2022;17:26:00;250;Sem vítima;176,850;BR-50/MG;Decrescente;Colisão traseira;1;0;0;0;0;1;0;0;0;0;3;0;0;0;0
16/01/2022;05:59:00;21;Sem vítima;174,000;BR-50/MG;Crescente;Choque;1;0;0;0;0;0;0;0;0;0;1;0;0;0;0
16/01/2022;16:43:00;213;Com vítima;204,700;BR-50/MG;Decrescente;Capotamento;1;0;0;0;0;0;0;0;0;0;3;1;0;0;0
16/01/2022;20:31:00;283;Sem vítima;62,200;BR-50/MG;Crescente;Tombamento;0;0;1;0;0;0;0;0;0;0;1;0;0;0;0
16/01/2022;22:43:00;312;Sem vítima;305,500;BR-50/MG;Crescente;Choque;1;0;0;0;0;0;0;0;0;0;1;0;0;0;0
17/01/2022;07:50:00;51;Sem vítima;179,500;BR-50/MG;Crescente;Colisão traseira;0;0;2;0;0;1;0;0;0;0;3;0;0;0;0
17/01/2022;15:31:00;215;Sem vítima;53,100;BR-50/MG;Crescente;Choque;0;0;0;0;0;1;0;0;0;0;1;0;0;0;0
17/01/2022;16:56:00;253;Sem vítima;287,800;BR-50/MG;Crescente;Choque;1;0;0;0;0;0;0;0;0;0;1;0;0;0;0
18/01/2022;07:23:00;50;Com vítima;205,500;BR-50/MG;Decrescente;Atropelamento de pedestre;0;0;2;0;0;0;0;0;0;0;1;1;0;0;0
18/01/2022;11:32:00;130;Sem vítima;209,560;BR-50/MG;Crescente;Choque;0;0;0;0;0;0;0;0;0;1;1;0;0;0;0
18/01/2022;14:07:00;171;Sem vítima;190,900;BR-50/MG;Crescente;Choque;0;0;0;0;0;1;0;0;0;0;1;0;0;0;0
18/01/2022;19:52:00;255;Com vítima;98,600;BR-50/MG;Crescente;Colisão frontal;1;0;0;0;0;1;0;0;0;0;1;0;3;0;2
19/01/2022;01:31:00;12;Sem vítima;142,000;BR-50/MG;Crescente;Choque;0;0;1;0;0;0;0;0;0;0;1;0;0;0;0
19/01/2022;08:50:00;88;Sem vítima;178,100;BR-50/MG;Decrescente;Choque;1;0;0;0;0;0;0;0;0;0;1;0;0;0;0
19/01/2022;16:37:00;302;Sem vítima;192,900;BR-50/MG;Decrescente;Choque;0;0;1;0;0;0;0;0;0;0;1;0;0;0;0
19/01/2022;19:53:00;358;Sem vítima;168,200;BR-50/MG;Decrescente;Choque;0;0;1;0;0;0;0;0;0;0;2;0;0;0;0
19/01/2022;20:39:00;366;Sem vítima;175,700;BR-50/MG;Decrescente;Colisão lateral no mesmo sentido;1;0;0;0;0;1;0;0;0;0;3;0;0;0;0
20/01/2022;05:43:00;23;Sem vítima;206,670;BR-50/MG;Crescente;Choque;0;0;1;0;0;0;0;0;0;0;3;0;0;0;0
20/01/2022;08:09:00;61;Sem vítima;282,800;BR-50/MG;Crescente;Colisão transversal;0;0;1;0;0;0;0;0;0;0;2;0;0;0;0
20/01/2022;17:09:00;268;Com vítima;90,190;BR-50/MG;Crescente;Tombamento;0;0;0;0;0;1;0;0;0;0;0;1;0;0;0
20/01/2022;19:49:00;311;Sem vítima;100,500;BR-50/MG;Decrescente;Atropelamento de animal;0;0;0;0;0;0;0;0;0;1;1;0;0;0;0
21/01/2022;04:11:00;30;Sem vítima;6,800;BR-50/MG;Crescente;Choque;1;0;0;0;0;0;0;0;0;0;3;0;0;0;0
21/01/2022;05:31:00;36;Com vítima;113,950;BR-50/MG;Decrescente;Colisão traseira;0;0;1;0;1;0;0;0;0;0;9;0;1;0;0
21/01/2022;17:36:00;303;Sem vítima;169,500;BR-50/MG;Crescente;Colisão traseira;1;0;0;0;0;0;0;0;0;0;3;0;0;0;0
22/01/2022;14:29:00;172;Sem vítima;62,400;BR-50/MG;Crescente;Choque;0;0;0;0;0;0;0;0;0;1;1;0;0;0;0
22/01/2022;14:34:00;174;Com vítima;29,700;BR-50/MG;Decrescente;Choque;0;0;0;1;0;0;0;0;0;0;1;0;1;0;0
22/01/2022;14:40:00;178;Sem vítima;81,000;BR-50/MG;Decrescente;Choque;0;0;1;0;0;0;0;0;0;0;1;0;0;0;0
22/01/2022;15:39:00;190;Com vítima;17,000;BR-50/MG;Decrescente;Tombamento;0;0;1;0;0;0;0;0;0;0;0;0;1;0;0
22/01/2022;16:39:00;211;Com vítima;279,600;BR-50/MG;Decrescente;Atropelamento de pedestre;0;0;1;0;0;0;0;0;0;0;2;0;0;0;1
23/01/2022;08:20:00;75;Com vítima;29,740;BR-50/MG;Decrescente;Choque;0;0;0;1;0;0;0;0;0;0;0;0;0;0;1
23/01/2022;08:57:00;84;Sem vítima;179,250;BR-50/MG;Decrescente;Colisão traseira;1;0;1;0;0;0;0;0;0;0;5;0;0;0;0
23/01/2022;16:40:00;223;Sem vítima;27,800;BR-50/MG;Crescente;Choque;1;0;0;0;0;0;0;0;0;0;3;0;0;0;0
23/01/2022;17:07:00;235;Sem vítima;62,640;BR-50/MG;Decrescente;Colisão lateral no mesmo sentido;1;0;0;0;1;0;0;0;0;0;2;0;0;0;0
23/01/2022;18:20:00;256;Sem vítima;278,900;BR-50/MG;Crescente;Colisão traseira;2;0;0;0;0;0;0;0;0;0;5;0;0;0;0
24/01/2022;02:25:00;20;Sem vítima;192,500;BR-50/MG;Crescente;Choque;0;0;0;0;0;0;0;0;0;1;1;0;0;0;0
24/01/2022;06:30:00;34;Sem vítima;196,900;BR-50/MG;Decrescente;Choque;1;0;0;0;0;0;0;0;0;0;1;0;0;0;0
24/01/2022;10:51:00;154;Sem vítima;250,570;BR-50/MG;Crescente;Tombamento;0;0;0;0;0;1;0;0;0;0;0;0;0;0;0
25/01/2022;00:31:00;1;Sem vítima;41,260;BR-50/MG;Crescente;Choque;1;0;0;0;0;0;0;0;0;0;1;0;0;0;0
25/01/2022;09:26:00;77;Sem vítima;104,900;BR-50/MG;Decrescente;Colisão traseira;2;0;0;0;0;0;0;0;0;0;2;0;0;0;0
25/01/2022;12:40:00;145;Sem vítima;18,050;Contorno de Uberlândia/MG;Crescente;Colisão traseira;0;0;0;1;0;0;0;0;0;0;1;0;0;0;0
25/01/2022;12:47:00;148;Sem vítima;27,680;BR-50/MG;Crescente;Choque;0;0;0;0;0;0;0;0;0;1;1;0;0;0;0
25/01/2022;13:19:00;155;Sem vítima;38,400;BR-50/MG;Crescente;Choque;1;0;0;0;0;0;0;0;0;0;1;0;0;0;0
25/01/2022;17:28:00;243;Sem vítima;148,500;BR-50/MG;Decrescente;Tombamento;1;0;0;0;0;0;0;0;0;0;1;0;0;0;0
25/01/2022;17:37:00;245;Com vítima;81,850;BR-50/MG;Decrescente;Colisão traseira;2;0;0;0;0;0;0;0;0;0;5;1;0;0;0
26/01/2022;04:57:00;21;Sem vítima;229,600;BR-50/MG;Decrescente;Choque;0;0;0;0;0;0;0;0;0;1;1;0;0;0;0
26/01/2022;07:34:00;48;Com vítima;53,800;BR-50/MG;Crescente;Choque;1;0;0;0;0;0;0;0;0;0;2;2;0;0;0
27/01/2022;03:09:00;21;Com vítima;150,600;BR-50/MG;Crescente;Choque;0;0;1;0;0;0;0;0;0;0;0;1;0;0;0
27/01/2022;05:55:00;33;Sem vítima;168,250;BR-50/MG;Crescente;Choque;0;0;0;0;0;0;0;0;0;1;1;0;0;0;0
27/01/2022;07:41:00;70;Sem vítima;88,700;BR-50/MG;Decrescente;Tombamento;0;0;0;0;0;0;0;0;0;1;1;0;0;0;0
27/01/2022;09:12:00;118;Sem vítima;8,000;BR-50/MG;Crescente;Choque;1;0;0;0;0;0;0;0;0;0;3;0;0;0;0
27/01/2022;11:48:00;200;Com vítima;51,000;BR-50/MG;Decrescente;Colisão traseira;1;0;1;0;0;0;0;0;0;0;2;2;0;0;0
27/01/2022;20:40:00;354;Com vítima;283,000;BR-50/MG;Decrescente;Colisão transversal;1;0;0;1;0;0;0;0;0;0;4;0;1;0;0
27/01/2022;20:45:00;356;Com vítima;170,250;BR-50/MG;Crescente;Queda de moto;0;0;0;1;0;0;0;0;0;0;0;1;0;0;0
27/01/2022;22:25:00;383;Com vítima;170,000;BR-50/MG;Decrescente;Queda de moto;0;0;0;1;0;0;0;0;0;0;0;2;0;0;0
28/01/2022;00:17:00;4;Sem vítima;58,900;BR-50/MG;Crescente;Choque;1;0;0;0;0;0;0;0;0;0;2;0;0;0;0
28/01/2022;01:25:00;13;Sem vítima;61,500;BR-50/MG;Decrescente;Choque;1;0;0;0;0;0;0;0;0;0;1;0;0;0;0
28/01/2022;13:08:00;184;Com vítima;262,950;BR-50/MG;Crescente;Capotamento;1;0;0;0;0;0;0;0;0;0;0;2;0;0;0
28/01/2022;13:38:00;199;Com vítima;46,800;BR-50/MG;Crescente;Capotamento;1;0;0;0;0;0;0;0;0;0;0;1;0;0;0
28/01/2022;17:33:00;277;Sem vítima;29,700;BR-50/MG;Decrescente;Tombamento;0;0;0;0;0;1;0;0;0;0;2;0;0;0;0
28/01/2022;17:56:00;280;Sem vítima;50,080;BR-50/MG;Crescente;Colisão traseira;1;0;0;0;0;0;0;0;0;1;4;0;0;0;0
28/01/2022;18:44:00;291;Sem vítima;130,850;BR-50/MG;Crescente;Choque;1;0;0;0;0;0;0;0;0;0;1;0;0;0;0
28/01/2022;22:17:00;330;Com vítima;201,200;BR-50/MG;Crescente;Colisão traseira;0;0;0;0;0;0;0;0;0;2;8;2;0;0;0
29/01/2022;08:20:00;65;Sem vítima;173,500;BR-50/MG;Crescente;Choque;1;0;0;0;0;0;0;0;0;0;2;0;0;0;0
29/01/2022;20:02:00;252;Sem vítima;84,900;BR-50/MG;Decrescente;Choque;1;0;0;0;0;0;0;0;0;0;2;0;0;0;0
29/01/2022;21:16:00;263;Com vítima;170,500;BR-50/MG;Crescente;Queda de moto;0;0;0;1;0;0;0;0;0;0;0;0;1;0;0
30/01/2022;04:06:00;17;Sem vítima;117,750;BR-50/MG;Crescente;Choque;0;0;0;0;0;1;0;0;0;0;1;0;0;0;0
30/01/2022;12:50:00;135;Sem vítima;268,310;BR-50/MG;Decrescente;Choque;1;0;0;0;0;0;0;0;0;0;1;0;0;0;0
30/01/2022;13:59:00;149;Com vítima;167,800;BR-50/MG;Decrescente;Capotamento;0;0;0;0;0;0;0;0;0;1;2;2;0;0;0
30/01/2022;16:32:00;194;Com vítima;174,450;BR-50/MG;Decrescente;Queda de moto;0;0;0;1;0;0;0;0;0;0;0;0;1;0;0
30/01/2022;21:01:00;268;Sem vítima;174,300;BR-50/MG;Crescente;Colisão traseira;1;0;0;0;0;0;0;0;0;0;3;0;0;0;0
31/01/2022;10:55:00;119;Sem vítima;51,470;BR-50/MG;Crescente;Colisão traseira;0;0;1;0;0;1;0;0;0;0;2;0;0;0;0
31/01/2022;11:16:00;123;Sem vítima;16,480;Contorno de Uberlândia/MG;Decrescente;Capotamento;1;0;0;0;0;0;0;0;0;0;3;0;0;0;0
31/01/2022;19:35:00;277;Sem vítima;1,500;BR-50/MG;Decrescente;Choque;1;0;0;0;0;0;0;0;0;0;3;0;0;0;0
31/01/2022;19:38:00;280;Sem vítima;105,800;BR-50/MG;Crescente;Tombamento;0;0;0;0;0;1;0;0;0;0;1;0;0;0;0
31/01/2022;21:37:00;305;Com vítima;180,000;BR-50/MG;Crescente;Queda de moto;0;0;0;1;0;0;0;0;0;0;0;0;0;1;0
01/02/2022;08:13:00;52;Sem vítima;56,000;BR-50/MG;Decrescente;Colisão traseira;0;0;1;0;0;0;0;0;0;1;2;0;0;0;0
01/02/2022;08:44:00;63;Com vítima;248,130;BR-50/MG;Crescente;Colisão lateral no mesmo sentido;2;0;0;0;0;0;0;0;0;0;2;2;0;0;0
01/02/2022;10:33:00;104;Com vítima;185,300;BR-50/MG;Crescente;Colisão lateral no mesmo sentido;0;0;0;0;0;1;0;0;0;1;3;1;0;0;0
01/02/2022;13:22:00;148;Sem vítima;198,000;BR-50/MG;Crescente;Acidentes de outra natureza;0;0;0;0;0;0;0;0;0;1;1;0;0;0;0
01/02/2022;19:34:00;247;Sem vítima;189,500;BR-50/MG;Crescente;Tombamento;0;0;0;0;0;1;0;0;0;0;1;0;0;0;0
01/02/2022;22:53:00;276;Com vítima;55,500;BR-50/MG;Decrescente;Tombamento;0;0;0;0;0;1;0;0;0;0;0;0;0;1;0
02/02/2022;00:05:00;1;Sem vítima;55,800;BR-50/MG;Decrescente;Colisão lateral no mesmo sentido;0;0;0;0;0;2;0;0;0;0;2;0;0;0;0
02/02/2022;06:44:00;31;Sem vítima;14,900;Contorno de Uberlândia/MG;Decrescente;Colisão lateral no mesmo sentido;0;0;0;0;0;0;0;0;0;1;1;0;0;0;0
02/02/2022;10:30:00;126;Sem vítima;177,000;BR-50/MG;Crescente;Choque;0;0;0;0;0;1;0;0;0;0;1;0;0;0;0
02/02/2022;12:35:00;171;Com vítima;102,400;BR-50/MG;Crescente;Choque;1;0;0;0;0;0;0;0;0;0;0;1;0;0;0
02/02/2022;12:35:00;172;Sem vítima;101,950;BR-50/MG;Crescente;Choque;0;0;0;0;0;0;0;0;0;1;1;0;0;0;0
02/02/2022;16:50:00;238;Com vítima;84,900;BR-50/MG;Decrescente;Colisão frontal;1;0;0;0;0;1;0;0;0;0;1;1;1;0;0
02/02/2022;18:28:00;261;Com vítima;127,990;BR-50/MG;Decrescente;Atropelamento de animal;1;0;0;0;0;0;0;0;0;0;1;0;1;0;0
02/02/2022;19:08:00;276;Sem vítima;51,000;BR-50/MG;Crescente;Colisão lateral no mesmo sentido;1;0;0;0;0;0;0;0;0;0;2;0;0;0;0
02/02/2022;23:28:00;321;Sem vítima;195,200;BR-50/MG;Crescente;Choque;1;0;0;0;0;0;0;0;0;0;1;0;0;0;0
03/02/2022;08:44:00;95;Com vítima;160,650;BR-50/MG;Decrescente;Queda de moto;0;0;0;1;0;0;0;0;0;0;0;1;0;0;0
03/02/2022;10:37:00;142;Sem vítima;25,860;BR-50/MG;Crescente;Acidentes de outra natureza;1;0;0;0;0;0;0;0;0;1;2;0;0;0;0
03/02/2022;12:32:00;189;Com vítima;79,800;BR-50/MG;Decrescente;Choque;0;0;0;0;0;1;0;0;0;0;0;0;0;0;1
03/02/2022;13:17:00;202;Sem vítima;136,000;BR-50/MG;Crescente;Choque;0;0;1;0;0;0;0;0;0;0;1;0;0;0;0
03/02/2022;14:13:00;220;Sem vítima;257,000;BR-50/MG;Decrescente;Choque;1;0;0;0;0;0;0;0;0;0;1;0;0;0;0
03/02/2022;19:14:00;322;Com vítima;275,000;BR-50/MG;Decrescente;Colisão lateral no mesmo sentido;0;0;0;1;0;1;0;0;0;0;1;1;0;0;0
03/02/2022;19:24:00;324;Sem vítima;81,200;BR-50/MG;Crescente;Colisão traseira;0;0;1;0;0;1;0;0;0;0;4;0;0;0;0
04/02/2022;07:01:00;50;Sem vítima;2,470;BR-50/MG;Crescente;Choque;1;0;0;0;0;0;0;0;0;0;2;0;0;0;0
04/02/2022;08:26:00;80;Com vítima;95,700;BR-50/MG;Decrescente;Choque;1;0;0;0;0;0;0;0;0;0;1;0;1;0;0
04/02/2022;12:16:00;200;Com vítima;194,100;BR-50/MG;Crescente;Capotamento;1;0;0;0;0;0;0;0;0;0;0;1;0;0;0
04/02/2022;17:16:00;310;Sem vítima;246,400;BR-50/MG;Crescente;Colisão lateral no mesmo sentido;1;0;0;0;0;0;0;0;0;1;3;0;0;0;0
04/02/2022;17:33:00;320;Com vítima;266,750;BR-50/MG;Crescente;Choque;1;0;0;0;0;0;0;0;0;0;0;1;0;0;0
04/02/2022;17:52:00;325;Com vítima;113,000;BR-50/MG;Decrescente;Capotamento;1;0;0;0;0;0;0;0;0;0;0;0;2;0;0
04/02/2022;22:35:00;408;Com vítima;119,000;BR-50/MG;Crescente;Colisão traseira;1;0;0;0;0;1;0;0;0;0;1;1;0;0;0
05/02/2022;00:38:00;4;Com vítima;119,900;BR-50/MG;Crescente;Choque;1;0;0;0;0;0;0;0;0;0;0;1;0;0;0
05/02/2022;03:59:00;25;Sem vítima;151,850;BR-50/MG;Decrescente;Capotamento;0;0;0;0;0;0;0;0;0;1;1;0;0;0;0
05/02/2022;07:29:00;67;Com vítima;133,760;BR-50/MG;Crescente;Capotamento;1;0;0;0;0;0;0;0;0;0;0;0;2;0;0
05/02/2022;12:12:00;185;Sem vítima;198,000;BR-50/MG;Crescente;Choque;0;0;0;0;0;0;0;0;0;1;1;0;0;0;0
05/02/2022;15:32:00;251;Sem vítima;148,960;BR-50/MG;Decrescente;Choque;1;0;0;0;0;0;0;0;0;0;1;0;0;0;0
07/02/2022;10:27:00;119;Com vítima;197,000;BR-50/MG;Decrescente;Choque;0;0;0;0;0;0;0;0;0;1;3;0;1;0;0
07/02/2022;14:55:00;203;Com vítima;100,250;BR-50/MG;Decrescente;Choque;1;0;0;0;0;0;0;0;0;0;0;1;0;0;0
07/02/2022;16:44:00;236;Com vítima;260,000;BR-50/MG;Decrescente;Colisão transversal;2;0;0;0;0;0;0;0;0;0;0;1;3;0;0
07/02/2022;17:12:00;245;Com vítima;134,600;BR-50/MG;Crescente;Capotamento;1;0;0;0;0;0;0;0;0;0;2;0;3;0;0
07/02/2022;19:37:00;284;Sem vítima;50,400;BR-50/MG;Crescente;Capotamento;1;0;0;0;0;0;0;0;0;0;1;0;0;0;0
07/02/2022;20:48:00;299;Sem vítima;264,400;BR-50/MG;Crescente;Choque;1;0;0;0;0;0;0;0;0;0;1;0;0;0;0
07/02/2022;22:36:00;313;Com vítima;118,990;BR-50/MG;Decrescente;Colisão traseira;1;0;0;0;0;1;0;0;0;0;2;2;0;0;0
08/02/2022;10:21:00;105;Com vítima;78,800;BR-50/MG;Crescente;Capotamento;0;0;0;0;0;0;0;0;0;1;0;3;0;0;0
08/02/2022;16:16:00;214;Com vítima;116,700;BR-50/MG;Decrescente;Colisão lateral no mesmo sentido;1;0;0;0;0;1;0;0;0;0;4;0;1;0;0
09/02/2022;12:58:00;239;Sem vítima;130,410;BR-50/MG;Decrescente;Choque;0;0;0;0;0;0;0;0;0;1;2;0;0;0;0
09/02/2022;17:42:00;319;Sem vítima;190,500;BR-50/MG;Crescente;Choque;1;0;0;0;0;0;0;0;0;0;3;0;0;0;0
09/02/2022;20:12:00;365;Com vítima;174,400;BR-50/MG;Decrescente;Atropelamento de pedestre;1;0;0;0;0;0;0;0;0;0;2;0;0;0;1
09/02/2022;21:04:00;373;Sem vítima;83,000;BR-50/MG;Decrescente;Choque;0;0;0;0;0;1;0;0;0;0;1;0;0;0;0
10/02/2022;10:51:00;149;Sem vítima;115,180;BR-50/MG;Decrescente;Choque;1;0;0;0;0;0;0;0;0;0;2;0;0;0;0
10/02/2022;16:38:00;249;Com vítima;189,650;BR-50/MG;Crescente;Capotamento;0;0;0;0;0;0;0;0;0;1;3;1;0;0;0
10/02/2022;19:27:00;300;Com vítima;179,000;BR-50/MG;Crescente;Queda de moto;0;0;0;1;0;0;0;0;0;0;1;1;0;0;0
10/02/2022;22:07:00;333;Com vítima;50,700;BR-50/MG;Crescente;Queda de moto;0;0;0;1;0;0;0;0;0;0;0;1;0;0;0
11/02/2022;09:56:00;115;Com vítima;261,930;BR-50/MG;Decrescente;Capotamento;0;0;0;0;0;0;0;0;0;1;1;0;2;0;0
11/02/2022;14:13:00;203;Sem vítima;18,860;BR-50/MG;Crescente;Colisão lateral no mesmo sentido;1;0;1;0;0;0;0;0;0;0;4;0;0;0;0
11/02/2022;17:57:00;270;Com vítima;61,350;BR-50/MG;Crescente;Queda de moto;0;0;0;1;0;0;0;0;0;0;0;1;0;0;0
12/02/2022;13:59:00;184;Sem vítima;126,600;BR-50/MG;Decrescente;Choque;0;0;0;0;0;0;0;0;0;1;2;0;0;0;0
12/02/2022;15:46:00;213;Sem vítima;190,500;BR-50/MG;Crescente;Choque;0;0;1;0;0;0;0;0;0;0;1;0;0;0;0
12/02/2022;16:31:00;231;Sem vítima;62,710;BR-50/MG;Decrescente;Choque;1;0;0;0;0;0;0;0;0;0;4;0;0;0;0
12/02/2022;16:33:00;232;Com vítima;53,700;BR-50/MG;Crescente;Choque;1;0;0;0;0;0;0;0;0;0;1;1;0;0;0
12/02/2022;16:58:00;240;Com vítima;179,050;BR-50/MG;Crescente;Colisão frontal;1;0;0;0;0;0;0;0;0;1;0;1;0;2;0
12/02/2022;17:00:00;241;Sem vítima;179,950;BR-50/MG;Decrescente;Choque;1;0;0;0;0;0;0;0;0;0;4;0;0;0;0
12/02/2022;17:31:00;248;Sem vítima;6,900;Contorno de Uberlândia/MG;Crescente;Choque;1;0;0;0;0;0;0;0;0;0;3;0;0;0;0
12/02/2022;17:59:00;254;Sem vítima;26,900;BR-50/MG;Crescente;Choque;1;0;0;0;0;0;0;0;0;0;2;0;0;0;0
12/02/2022;18:47:00;269;Sem vítima;119,000;BR-50/MG;Crescente;Choque;1;0;0;0;0;0;0;0;0;0;1;0;0;0;0
12/02/2022;19:53:00;283;Com vítima;180,000;BR-50/MG;Decrescente;Queda de moto;0;0;0;1;0;0;0;0;0;0;0;1;0;0;0
12/02/2022;21:12:00;305;Sem vítima;104,400;BR-50/MG;Crescente;Choque;0;0;0;0;0;0;0;0;0;1;3;0;0;0;0
12/02/2022;21:35:00;311;Sem vítima;104,200;BR-50/MG;Crescente;Choque;1;0;0;0;0;0;0;0;0;0;2;0;0;0;0
12/02/2022;22:03:00;321;Sem vítima;205,300;BR-50/MG;Crescente;Choque;1;0;0;0;0;0;0;0;0;0;1;0;0;0;0
12/02/2022;22:36:00;325;Sem vítima;46,000;BR-50/MG;Crescente;Choque;1;0;0;0;0;0;0;0;0;0;1;0;0;0;0
12/02/2022;22:36:00;330;Sem vítima;46,000;BR-50/MG;Crescente;Choque;1;0;0;0;0;0;0;0;0;0;2;0;0;0;0
13/02/2022;04:33:00;17;Sem vítima;96,600;BR-50/MG;Decrescente;Colisão frontal;1;0;1;0;0;0;0;0;0;0;3;0;0;0;0
13/02/2022;06:01:00;24;Sem vítima;189,280;BR-50/MG;Crescente;Colisão lateral no mesmo sentido;1;0;1;0;0;0;0;0;0;0;2;0;0;0;0
13/02/2022;07:13:00;47;Sem vítima;169,400;BR-50/MG;Decrescente;Choque;0;0;0;0;0;1;0;0;0;0;1;0;0;0;0
13/02/2022;09:18:00;91;Com vítima;43,000;BR-50/MG;Decrescente;Choque;1;0;0;0;0;0;0;0;0;0;0;1;0;0;0
13/02/2022;09:55:00;102;Com vítima;174,500;BR-50/MG;Crescente;Colisão traseira;0;0;0;1;0;0;1;0;0;0;1;1;0;0;0
13/02/2022;11:32:00;125;Sem vítima;174,250;BR-50/MG;Decrescente;Choque;1;0;0;0;0;0;0;0;0;0;1;0;0;0;0
13/02/2022;13:38:00;157;Sem vítima;290,050;BR-50/MG;Crescente;Choque;0;0;0;0;0;0;0;0;0;1;3;0;0;0;0
13/02/2022;17:37:00;223;Sem vítima;146,650;BR-50/MG;Crescente;Choque;1;0;0;0;0;0;0;0;0;0;2;0;0;0;0
13/02/2022;18:43:00;236;Com vítima;77,300;BR-50/MG;Crescente;Queda de moto;0;0;0;1;0;0;0;0;0;0;0;1;0;0;0
13/02/2022;20:19:00;259;Com vítima;202,300;BR-50/MG;Decrescente;Colisão lateral no mesmo sentido;0;0;0;1;0;0;0;0;0;0;0;2;0;0;0
13/02/2022;22:48:00;291;Com vítima;203,950;BR-50/MG;Crescente;Colisão traseira;2;0;0;0;0;0;0;0;0;0;2;2;0;0;0
14/02/2022;00:29:00;2;Sem vítima;44,500;BR-50/MG;Crescente;Choque;1;0;0;0;0;0;0;0;0;0;1;0;0;0;0
14/02/2022;05:40:00;17;Sem vítima;141,850;BR-50/MG;Crescente;Choque;0;0;0;0;0;1;0;0;0;0;1;0;0;0;0
14/02/2022;08:08:00;65;Sem vítima;53,800;BR-50/MG;Crescente;Choque;0;0;1;0;0;0;0;0;0;0;1;0;0;0;0
15/02/2022;02:33:00;19;Com vítima;81,100;BR-50/MG;Crescente;Atropelamento de animal;0;0;1;0;0;0;0;0;0;0;0;0;1;0;0
15/02/2022;02:59:00;21;Sem vítima;150,900;BR-50/MG;Crescente;Tombamento;0;0;1;0;0;0;0;0;0;0;2;0;0;0;0
15/02/2022;07:06:00;66;Sem vítima;279,000;BR-50/MG;Crescente;Colisão transversal;0;0;0;0;0;0;0;0;0;1;1;0;0;0;0
15/02/2022;10:01:00;132;Com vítima;133,600;BR-50/MG;Crescente;Colisão lateral no mesmo sentido;0;0;1;0;0;1;0;0;0;0;1;0;1;0;0
15/02/2022;11:52:00;170;Sem vítima;177,100;BR-50/MG;Decrescente;Tombamento;0;0;0;0;0;0;0;0;0;1;2;0;0;0;0
15/02/2022;11:55:00;171;Sem vítima;153,500;BR-50/MG;Decrescente;Choque;0;0;0;0;0;0;0;0;0;1;1;0;0;0;0
16/02/2022;05:06:00;31;Sem vítima;46,000;BR-50/MG;Crescente;Choque;1;0;0;0;0;0;0;0;0;0;2;0;0;0;0
16/02/2022;18:43:00;317;Sem vítima;105,000;BR-50/MG;Crescente;Colisão traseira;1;0;1;0;0;0;0;0;0;0;5;0;0;0;0
17/02/2022;01:02:00;8;Sem vítima;46,500;BR-50/MG;Crescente;Choque;0;0;0;0;0;1;0;0;0;0;1;0;0;0;0
17/02/2022;02:02:00;15;Sem vítima;275,225;BR-50/MG;Decrescente;Choque;1;0;0;0;0;0;0;0;0;0;2;0;0;0;0
17/02/2022;07:16:00;52;Sem vítima;27,760;BR-50/MG;Crescente;Choque;1;0;0;0;0;0;0;0;0;0;2;0;0;0;0
17/02/2022;16:48:00;289;Sem vítima;110,400;BR-50/MG;Crescente;Choque;1;0;0;0;0;0;0;0;0;0;1;0;0;0;0
17/02/2022;17:03:00;298;Sem vítima;23,310;BR-50/MG;Decrescente;Choque;1;0;0;0;0;0;0;0;0;0;1;0;0;0;0
18/02/2022;06:43:00;61;Sem vítima;16,300;Contorno de Uberlândia/MG;Decrescente;Choque;0;0;0;0;0;0;0;0;0;1;1;0;0;0;0
18/02/2022;06:46:00;64;Com vítima;16,300;Contorno de Uberlândia/MG;Decrescente;Capotamento;1;0;0;0;0;0;0;0;0;0;0;5;0;0;0
18/02/2022;07:42:00;87;Com vítima;293,000;BR-50/MG;Crescente;Colisão traseira;0;0;0;0;0;1;0;0;0;0;1;0;2;0;0
18/02/2022;11:52:00;187;Com vítima;117,900;BR-50/MG;Decrescente;Choque;1;0;0;0;0;0;0;0;0;0;0;0;1;0;0