data;horario;n_da_ocorrencia;tipo_de_ocorrencia;km;trecho;sentido;tipo_de_acidente;automovel;bicicleta;caminhao;moto;onibus;outros;tracao_animal;transporte_de_cargas_especiais;trator_maquinas;utilitarios;ilesos;levemente_feridos;moderadamente_feridos;gravemente_feridos;mortos
18/02/2022;12:38:00;205;Sem vítima;58,200;BR-50/MG;Decrescente;Choque;0;0;0;0;0;0;0;0;0;1;1;0;0;0;0
19/02/2022;02:35:00;10;Sem vítima;98,000;BR-50/MG;Crescente;Choque;0;0;0;0;0;0;0;0;0;1;2;0;0;0;0
19/02/2022;05:09:00;20;Sem vítima;171,000;BR-50/MG;Crescente;Choque;1;0;0;0;0;0;0;0;0;0;4;0;0;0;0
19/02/2022;08:04:00;67;Sem vítima;10,500;BR-50/MG;Crescente;Colisão traseira;2;0;0;0;0;0;0;0;0;0;4;0;0;0;0
19/02/2022;09:23:00;97;Com vítima;48,200;BR-50/MG;Decrescente;Choque;1;0;0;0;0;0;0;0;0;0;0;2;0;0;0
19/02/2022;13:04:00;161;Sem vítima;302,500;BR-50/MG;Crescente;Queda de moto;0;0;0;1;0;0;0;0;0;0;1;0;0;0;0
19/02/2022;13:51:00;170;Com vítima;29,760;BR-50/MG;Decrescente;Choque;0;0;0;1;0;0;0;0;0;0;0;0;1;0;0
19/02/2022;13:56:00;172;Com vítima;53,600;BR-50/MG;Crescente;Choque;0;0;1;0;0;0;0;0;0;0;0;0;1;0;0
19/02/2022;19:48:00;254;Com vítima;111,280;BR-50/MG;Crescente;Choque;1;0;0;0;0;0;0;0;0;0;0;1;0;0;0
20/02/2022;05:55:00;34;Com vítima;54,160;BR-50/MG;Decrescente;Choque;1;0;0;0;0;0;0;0;0;0;0;0;2;0;0
20/02/2022;09:03:00;75;Sem vítima;95,700;BR-50/MG;Decrescente;Tombamento;0;0;0;0;0;1;0;0;0;0;1;0;0;0;0
20/02/2022;19:50:00;248;Com vítima;78,000;BR-50/MG;Crescente;Colisão traseira;0;0;0;1;0;1;0;0;0;0;1;0;0;0;1
20/02/2022;21:21:00;268;Com vítima;118,000;BR-50/MG;Decrescente;Queda de moto;0;0;0;1;0;0;0;0;0;0;0;1;0;0;0
20/02/2022;23:12:00;287;Com vítima;125,600;BR-50/MG;Crescente;Colisão lateral no mesmo sentido;2;0;0;0;0;0;0;0;0;0;3;1;0;0;0
21/02/2022;07:04:00;56;Sem vítima;144,150;BR-50/MG;Decrescente;Choque;1;0;0;0;0;0;0;0;0;0;5;0;0;0;0
21/02/2022;07:19:00;62;Com vítima;154,300;BR-50/MG;Decrescente;Colisão frontal;1;0;0;0;0;0;0;0;0;1;0;1;3;0;0
21/02/2022;16:48:00;299;Sem vítima;153,500;BR-50/MG;Crescente;Colisão lateral no mesmo sentido;1;0;0;0;0;0;0;0;0;0;1;0;0;0;0
21/02/2022;17:20:00;315;Com vítima;43,760;BR-50/MG;Decrescente;Colisão traseira;1;0;0;0;0;1;0;0;0;0;2;1;0;0;0
21/02/2022;17:28:00;316;Com vítima;172,150;BR-50/MG;Crescente;Queda de moto;0;0;0;1;0;0;0;0;0;0;0;2;0;0;0
22/02/2022;03:19:00;16;Sem vítima;121,000;BR-50/MG;Crescente;Capotamento;0;0;1;0;0;0;0;0;0;0;1;0;0;0;0
22/02/2022;09:12:00;89;Sem vítima;82,500;BR-50/MG;Crescente;Colisão traseira;0;0;1;0;0;0;0;0;0;0;1;0;0;0;0
22/02/2022;20:02:00;299;Sem vítima;166,000;BR-50/MG;Decrescente;Choque;1;0;0;0;0;0;0;0;0;0;2;0;0;0;0
23/02/2022;13:27:00;221;Sem vítima;177,950;BR-50/MG;Decrescente;Choque;0;0;0;0;0;1;0;0;0;0;1;0;0;0;0
23/02/2022;13:37:00;224;Sem vítima;178,050;BR-50/MG;Decrescente;Colisão traseira;1;0;0;0;0;0;0;0;0;1;4;0;0;0;0
23/02/2022;19:31:00;357;Sem vítima;178,500;BR-50/MG;Decrescente;Colisão traseira;2;0;0;0;0;0;0;0;0;0;3;0;0;0;0
24/02/2022;18:02:00;292;Sem vítima;175,900;BR-50/MG;Decrescente;Engavetamento;5;0;0;0;0;0;0;0;0;0;7;0;0;0;0
24/02/2022;18:17:00;296;Com vítima;176,000;BR-50/MG;Decrescente;Colisão traseira;1;0;0;1;0;0;0;0;0;0;1;0;2;0;0
25/02/2022;06:59:00;57;Sem vítima;32,000;BR-50/MG;Decrescente;Colisão lateral no mesmo sentido;1;0;1;0;0;0;0;0;0;0;3;0;0;0;0
25/02/2022;14:24:00;255;Sem vítima;149,400;BR-50/MG;Decrescente;Capotamento;1;0;0;0;0;0;0;0;0;0;1;0;0;0;0
25/02/2022;16:14:00;280;Sem vítima;80,050;BR-50/MG;Decrescente;Tombamento;0;0;1;0;0;0;0;0;0;0;1;0;0;0;0
25/02/2022;17:39:00;304;Sem vítima;169,000;BR-50/MG;Crescente;Colisão traseira;0;0;1;0;0;1;0;0;0;0;2;0;0;0;0
25/02/2022;19:24:00;339;Sem vítima;51,400;BR-50/MG;Decrescente;Colisão traseira;1;0;0;0;0;1;0;0;0;0;4;0;0;0;0
26/02/2022;00:16:00;3;Sem vítima;126,900;BR-50/MG;Crescente;Choque;0;0;0;0;0;1;0;0;0;0;1;0;0;0;0
26/02/2022;08:21:00;106;Sem vítima;4,000;Contorno de Uberlândia/MG;Decrescente;Atropelamento de animal;0;0;0;0;0;0;0;0;0;1;5;0;0;0;0
26/02/2022;17:11:00;321;Sem vítima;170,550;BR-50/MG;Crescente;Colisão lateral no mesmo sentido;1;0;0;0;0;0;0;0;0;0;2;0;0;0;0
26/02/2022;21:17:00;397;Sem vítima;162,500;BR-50/MG;Crescente;Colisão lateral no mesmo sentido;2;0;0;0;0;0;0;0;0;0;3;0;0;0;0
27/02/2022;05:06:00;23;Sem vítima;179,000;BR-50/MG;Crescente;Choque;1;0;0;0;0;0;0;0;0;0;2;0;0;0;0
27/02/2022;07:29:00;48;Com vítima;180,000;BR-50/MG;Crescente;Colisão traseira;1;0;0;1;0;0;0;0;0;0;1;2;0;0;0
27/02/2022;10:46:00;102;Com vítima;101,000;BR-50/MG;Decrescente;Colisão lateral no mesmo sentido;0;0;0;1;0;0;0;0;0;0;0;2;0;0;0
27/02/2022;17:09:00;228;Com vítima;16,640;BR-50/MG;Decrescente;Choque;0;0;0;0;0;0;0;0;0;1;0;4;0;0;0
27/02/2022;20:40:00;297;Sem vítima;283,600;BR-50/MG;Crescente;Tombamento;0;0;0;0;0;0;0;0;0;1;1;0;0;0;0
27/02/2022;23:00:00;327;Com vítima;162,880;BR-50/MG;Decrescente;Colisão traseira;1;0;0;0;0;0;0;0;0;0;0;2;1;0;0
27/02/2022;23:39:00;332;Sem vítima;155,000;BR-50/MG;Decrescente;Choque;0;0;0;0;0;0;0;0;0;1;2;0;0;0;0
28/02/2022;00:19:00;7;Com vítima;118,000;BR-50/MG;Decrescente;Choque;0;0;1;0;0;1;0;0;0;0;0;0;1;0;1
28/02/2022;01:27:00;15;Sem vítima;25,200;BR-50/MG;Decrescente;Choque;1;0;0;0;0;0;0;0;0;0;1;0;0;0;0
01/03/2022;11:08:00;170;Sem vítima;281,150;BR-50/MG;Decrescente;Colisão traseira;2;0;0;0;0;0;0;0;0;0;6;0;0;0;0
01/03/2022;20:14:00;363;Com vítima;97,600;BR-50/MG;Crescente;Colisão transversal;2;0;0;0;0;0;0;0;0;0;2;1;0;0;0
02/03/2022;01:54:00;14;Com vítima;174,500;BR-50/MG;Decrescente;Capotamento;1;0;0;0;0;0;0;0;0;0;0;0;1;0;0
02/03/2022;07:55:00;75;Com vítima;119,000;BR-50/MG;Decrescente;Colisão lateral no mesmo sentido;0;0;0;0;0;1;0;0;0;1;1;1;0;0;0
02/03/2022;08:31:00;93;Com vítima;178,350;BR-50/MG;Crescente;Queda de moto;0;0;0;1;0;0;0;0;0;0;0;2;0;0;0
02/03/2022;10:40:00;162;Com vítima;307,700;BR-50/MG;Decrescente;Colisão traseira;1;0;0;0;0;1;0;0;0;0;2;1;0;0;0
03/03/2022;16:19:00;283;Sem vítima;105,000;BR-50/MG;Crescente;Colisão lateral no mesmo sentido;0;0;1;0;0;1;0;0;0;0;2;0;0;0;0
03/03/2022;19:07:00;328;Com vítima;178,000;BR-50/MG;Decrescente;Choque;0;0;0;0;0;1;0;0;0;0;0;1;0;0;0
03/03/2022;20:07:00;339;Com vítima;53,500;BR-50/MG;Crescente;Choque;0;0;1;0;0;0;0;0;0;0;0;1;0;0;0
03/03/2022;21:41:00;359;Com vítima;115,800;BR-50/MG;Decrescente;Colisão traseira;0;0;0;0;0;2;0;0;0;0;1;1;0;0;0
04/03/2022;15:32:00;250;Com vítima;148,000;BR-50/MG;Crescente;Choque;0;0;1;0;0;0;0;0;0;0;0;0;1;0;0
04/03/2022;16:12:00;272;Com vítima;114,800;BR-50/MG;Decrescente;Choque;0;0;1;0;0;0;0;0;0;0;0;1;0;0;0
04/03/2022;16:20:00;276;Com vítima;175,500;BR-50/MG;Crescente;Choque;1;0;1;0;0;0;0;0;0;0;2;1;0;0;0
05/03/2022;00:23:00;6;Sem vítima;57,900;BR-50/MG;Decrescente;Choque;1;0;0;0;0;0;0;0;0;0;1;0;0;0;0
05/03/2022;07:46:00;73;Sem vítima;261,130;BR-50/MG;Crescente;Choque;1;0;0;0;0;0;0;0;0;0;2;0;0;0;0
05/03/2022;13:19:00;189;Sem vítima;59,900;BR-50/MG;Decrescente;Choque;1;0;0;0;0;0;0;0;0;0;2;0;0;0;0
06/03/2022;04:15:00;23;Sem vítima;125,900;BR-50/MG;Crescente;Choque;0;0;0;0;0;0;0;0;0;1;3;0;0;0;0
06/03/2022;07:11:00;42;Com vítima;89,460;BR-50/MG;Crescente;Queda de moto;0;0;0;1;0;0;0;0;0;0;0;0;0;1;0
06/03/2022;08:10:00;60;Sem vítima;21,300;Contorno de Uberlândia/MG;Decrescente;Tombamento;0;0;0;0;0;1;0;0;0;0;1;0;0;0;0
06/03/2022;17:28:00;218;Sem vítima;244,000;BR-50/MG;Crescente;Choque;1;0;0;0;0;0;0;0;0;0;2;0;0;0;0
06/03/2022;18:53:00;251;Com vítima;142,700;BR-50/MG;Crescente;Queda de moto;0;0;0;1;0;0;0;0;0;0;0;2;0;0;0
06/03/2022;19:42:00;266;Com vítima;57,000;BR-50/MG;Crescente;Colisão transversal;1;0;0;0;0;0;0;0;0;1;0;4;0;0;0
07/03/2022;00:11:00;3;Com vítima;126,500;BR-50/MG;Crescente;Choque;1;0;0;0;0;0;0;0;0;0;0;0;2;0;0
07/03/2022;06:19:00;34;Sem vítima;27,750;BR-50/MG;Crescente;Choque;1;0;0;0;0;0;0;0;0;0;2;0;0;0;0
07/03/2022;12:42:00;172;Sem vítima;177,000;BR-50/MG;Crescente;Choque;1;0;0;0;0;0;0;0;0;0;1;0;0;0;0
07/03/2022;12:44:00;183;Com vítima;177,000;BR-50/MG;Decrescente;Choque;1;0;0;0;0;0;0;0;0;0;0;0;1;0;0
07/03/2022;20:03:00;316;Sem vítima;94,400;BR-50/MG;Crescente;Choque;0;0;0;0;0;1;0;0;0;0;1;0;0;0;0
08/03/2022;00:29:00;6;Sem vítima;173,100;BR-50/MG;Crescente;Capotamento;0;0;0;0;0;0;0;0;0;1;1;0;0;0;0
08/03/2022;12:40:00;182;Com vítima;65,250;BR-50/MG;Crescente;Tombamento;0;0;0;0;0;1;0;0;0;0;0;1;0;0;0
08/03/2022;19:43:00;319;Com vítima;179,000;BR-50/MG;Decrescente;Colisão traseira;0;0;0;2;0;0;0;0;0;0;0;2;0;0;0
09/03/2022;05:11:00;27;Com vítima;184,500;BR-50/MG;Crescente;Colisão traseira;0;0;0;1;0;1;0;0;0;0;1;0;1;0;0
09/03/2022;15:10:00;223;Sem vítima;81,100;BR-50/MG;Crescente;Colisão lateral no mesmo sentido;1;0;0;0;0;1;0;0;0;0;4;0;0;0;0
09/03/2022;20:31:00;329;Sem vítima;134,000;BR-50/MG;Decrescente;Colisão lateral no mesmo sentido;0;0;0;0;0;0;0;0;0;1;1;0;0;0;0
10/03/2022;03:48:00;33;Sem vítima;89,700;BR-50/MG;Crescente;Choque;1;0;0;0;0;0;0;0;0;0;3;0;0;0;0
10/03/2022;05:11:00;43;Sem vítima;6,200;Contorno de Uberlândia/MG;Decrescente;Choque;1;0;0;0;0;0;0;0;0;0;1;0;0;0;0
10/03/2022;08:56:00;102;Com vítima;101,330;BR-50/MG;Crescente;Choque;1;0;0;0;0;0;0;0;0;0;0;1;0;0;0
10/03/2022;12:59:00;217;Sem vítima;135,000;BR-50/MG;Decrescente;Choque;1;0;0;0;0;0;0;0;0;0;1;0;0;0;0
10/03/2022;19:17:00;342;Sem vítima;123,300;BR-50/MG;Decrescente;Choque;1;0;0;0;0;0;0;0;0;0;2;0;0;0;0
10/03/2022;20:13:00;363;Com vítima;201,000;BR-50/MG;Decrescente;Atropelamento de pedestre;0;0;0;0;0;0;0;0;0;0;0;0;0;0;1
10/03/2022;21:48:00;392;Com vítima;147,000;BR-50/MG;Decrescente;Choque;0;0;0;0;0;1;0;0;0;0;0;1;0;0;0
11/03/2022;01:18:00;12;Sem vítima;271,600;BR-50/MG;Crescente;Choque;0;0;0;0;0;0;0;0;0;1;1;0;0;0;0
11/03/2022;07:28:00;52;Sem vítima;185,930;BR-50/MG;Crescente;Colisão traseira;1;0;0;0;0;0;0;0;0;1;4;0;0;0;0
11/03/2022;10:43:00;137;Com vítima;232,920;BR-50/MG;Crescente;Capotamento;1;0;0;0;0;0;0;0;0;0;1;1;0;0;0
11/03/2022;14:53:00;216;Sem vítima;145,200;BR-50/MG;Decrescente;Choque;1;0;0;0;0;0;0;0;0;0;1;0;0;0;0
11/03/2022;19:07:00;298;Sem vítima;199,000;BR-50/MG;Decrescente;Choque;1;0;0;0;0;0;0;0;0;0;1;0;0;0;0
11/03/2022;23:26:00;355;Com vítima;175,400;BR-50/MG;Crescente;Tombamento;0;0;0;0;0;1;0;0;0;0;0;1;0;0;0
12/03/2022;04:54:00;34;Com vítima;43,150;BR-50/MG;Decrescente;Colisão traseira;1;0;0;0;0;0;0;0;0;0;0;3;1;0;0
12/03/2022;13:29:00;152;Com vítima;62,240;BR-50/MG;Decrescente;Capotamento;1;0;0;0;0;0;0;0;0;0;0;1;0;0;0
12/03/2022;16:35:00;207;Sem vítima;147,000;BR-50/MG;Crescente;Choque;0;0;1;0;0;0;0;0;0;0;1;0;0;0;0
12/03/2022;17:58:00;234;Sem vítima;59,800;BR-50/MG;Decrescente;Choque;1;0;0;0;0;0;0;0;0;0;4;0;0;0;0
12/03/2022;17:59:00;235;Sem vítima;193,000;BR-50/MG;Crescente;Choque;1;0;0;0;0;0;0;0;0;1;2;0;0;0;0
12/03/2022;20:31:00;284;Com vítima;174,000;BR-50/MG;Crescente;Choque;1;0;0;0;0;0;0;0;0;0;3;1;0;0;0
13/03/2022;03:33:00;16;Sem vítima;78,000;BR-50/MG;Decrescente;Colisão traseira;1;0;0;0;0;0;0;0;0;1;3;0;0;0;0
13/03/2022;17:35:00;211;Sem vítima;235,050;BR-50/MG;Decrescente;Choque;1;0;0;0;0;0;0;0;0;0;4;0;0;0;0
13/03/2022;21:20:00;277;Sem vítima;174,000;BR-50/MG;Decrescente;Choque;1;0;0;0;0;0;0;0;0;0;4;0;0;0;0
14/03/2022;00:09:00;3;Com vítima;289,500;BR-50/MG;Decrescente;Choque;0;0;0;1;0;0;0;0;0;0;0;1;0;0;0
14/03/2022;07:01:00;43;Sem vítima;189,000;BR-50/MG;Crescente;Colisão lateral no mesmo sentido;1;0;0;0;0;1;0;0;0;0;2;0;0;0;0
14/03/2022;14:57:00;189;Com vítima;130,000;BR-50/MG;Crescente;Colisão frontal;0;0;1;0;0;1;0;0;0;0;1;1;0;0;0
14/03/2022;16:06:00;208;Sem vítima;61,000;BR-50/MG;Crescente;Colisão traseira;1;0;0;0;0;0;0;0;0;0;2;0;0;0;0
14/03/2022;16:39:00;217;Sem vítima;10,200;Contorno de Uberlândia/MG;Crescente;Choque;1;0;0;0;0;0;0;0;0;0;2;0;0;0;0
15/03/2022;15:08:00;196;Sem vítima;142,140;BR-50/MG;Crescente;Choque;1;0;0;0;0;0;0;0;0;0;2;0;0;0;0
15/03/2022;15:47:00;206;Sem vítima;178,050;BR-50/MG;Decrescente;Choque;0;0;0;0;0;0;0;0;0;1;1;0;0;0;0
15/03/2022;20:40:00;291;Com vítima;185,400;BR-50/MG;Decrescente;Colisão traseira;0;0;1;0;0;1;0;0;0;0;1;0;1;0;0
16/03/2022;16:10:00;231;Com vítima;56,000;BR-50/MG;Decrescente;Tombamento;0;0;0;0;0;1;0;0;0;0;0;0;1;0;0
16/03/2022;17:26:00;248;Sem vítima;55,700;BR-50/MG;Crescente;Tombamento;0;0;0;0;0;1;0;0;0;0;1;0;0;0;0
16/03/2022;19:31:00;272;Com vítima;54,200;BR-50/MG;Crescente;Choque;0;0;1;0;0;2;0;0;0;0;2;0;1;0;0
16/03/2022;19:32:00;273;Sem vítima;54,000;BR-50/MG;Crescente;Choque;0;0;0;0;0;1;0;0;0;0;3;0;0;0;0
17/03/2022;06:56:00;45;Sem vítima;78,100;BR-50/MG;Crescente;Colisão lateral no mesmo sentido;0;0;1;0;0;1;0;0;0;0;2;0;0;0;0
17/03/2022;14:14:00;209;Sem vítima;55,780;BR-50/MG;Decrescente;Choque;0;0;0;0;0;1;0;0;0;0;1;0;0;0;0
17/03/2022;14:25:00;216;Com vítima;18,400;Contorno de Uberlândia/MG;Decrescente;Atropelamento de animal;0;0;0;1;0;0;0;0;0;0;0;1;0;0;0
18/03/2022;03:03:00;21;Sem vítima;149,500;BR-50/MG;Crescente;Choque;1;0;0;0;0;0;0;0;0;0;1;0;0;0;0
18/03/2022;06:05:00;29;Sem vítima;77,840;BR-50/MG;Decrescente;Choque;0;0;0;0;0;0;0;0;0;1;5;0;0;0;0
18/03/2022;10:07:00;104;Sem vítima;258,000;BR-50/MG;Decrescente;Colisão transversal;1;0;0;0;0;1;0;0;0;0;2;0;0;0;0
18/03/2022;14:30:00;210;Sem vítima;125,300;BR-50/MG;Crescente;Colisão lateral no mesmo sentido;1;0;0;0;0;0;0;0;0;0;1;0;0;0;0
18/03/2022;16:05:00;244;Com vítima;11,600;Contorno de Uberlândia/MG;Decrescente;Choque;0;0;1;0;0;0;0;0;0;0;1;1;0;0;0
18/03/2022;22:01:00;341;Sem vítima;118,920;BR-50/MG;Crescente;Choque;1;0;0;0;0;0;0;0;0;0;1;0;0;0;0
18/03/2022;22:51:00;356;Sem vítima;24,700;BR-50/MG;Crescente;Choque;0;0;0;0;0;0;0;0;0;1;1;0;0;0;0
19/03/2022;09:05:00;86;Com vítima;21,000;Contorno de Uberlândia/MG;Crescente;Colisão traseira;0;1;0;1;0;0;0;0;0;0;0;2;0;0;0
19/03/2022;09:10:00;87;Sem vítima;62,000;BR-50/MG;Decrescente;Colisão lateral no mesmo sentido;1;0;0;0;0;0;0;0;0;0;1;0;0;0;0
19/03/2022;11:01:00;121;Com vítima;6,480;BR-50/MG;Crescente;Colisão traseira;0;0;0;0;0;2;0;0;0;0;1;1;0;0;0
19/03/2022;12:32:00;145;Com vítima;190,200;BR-50/MG;Decrescente;Capotamento;0;0;0;0;0;0;0;0;0;1;0;1;1;0;0
19/03/2022;12:45:00;148;Sem vítima;281,800;BR-50/MG;Decrescente;Atropelamento de animal;1;0;0;0;0;0;0;0;0;0;1;0;0;0;0
19/03/2022;14:25:00;174;Sem vítima;64,180;BR-50/MG;Crescente;Choque;1;0;0;0;0;0;0;0;0;0;1;0;0;0;0
19/03/2022;18:20:00;241;Sem vítima;27,700;BR-50/MG;Crescente;Choque;1;0;0;0;0;0;0;0;0;0;1;0;0;0;0
19/03/2022;20:01:00;271;Sem vítima;234,600;BR-50/MG;Decrescente;Colisão traseira;0;0;0;0;0;2;0;0;0;0;2;0;0;0;0
20/03/2022;02:42:00;18;Sem vítima;272,300;BR-50/MG;Decrescente;Choque;1;0;0;0;0;0;0;0;0;0;1;0;0;0;0
20/03/2022;05:36:00;35;Com vítima;90,000;BR-50/MG;Decrescente;Tombamento;0;0;1;0;0;0;0;0;0;0;0;1;0;0;0
20/03/2022;05:53:00;37;Sem vítima;199,300;BR-50/MG;Decrescente;Colisão lateral em sentido contrário;1;0;0;0;0;0;0;0;0;0;1;0;0;0;0
20/03/2022;15:32:00;190;Sem vítima;29,600;BR-50/MG;Decrescente;Choque;1;0;0;0;0;0;0;0;0;0;2;0;0;0;0
22/03/2022;09:32:00;115;Sem vítima;154,000;BR-50/MG;Crescente;Tombamento;0;0;0;0;0;1;0;0;0;0;1;0;0;0;0
22/03/2022;16:54:00;283;Com vítima;100,000;BR-50/MG;Decrescente;Colisão traseira;0;0;0;1;0;0;0;0;0;1;1;1;0;0;0
22/03/2022;22:11:00;351;Sem vítima;136,240;BR-50/MG;Decrescente;Choque;1;0;0;0;0;0;0;0;0;0;2;0;0;0;0
23/03/2022;04:15:00;20;Sem vítima;259,220;BR-50/MG;Crescente;Choque;1;0;0;0;0;0;0;0;0;0;3;0;0;0;0
23/03/2022;13:06:00;167;Sem vítima;172,700;BR-50/MG;Decrescente;Choque;1;0;0;0;0;0;0;0;0;0;2;0;0;0;0
23/03/2022;23:34:00;328;Com vítima;23,810;BR-50/MG;Decrescente;Choque;1;0;0;0;0;0;0;0;0;0;1;0;1;0;0
24/03/2022;06:16:00;35;Com vítima;179,050;BR-50/MG;Crescente;Queda de moto;0;0;0;1;0;0;0;0;0;0;0;1;0;0;0
25/03/2022;01:37:00;9;Sem vítima;273,100;BR-50/MG;Crescente;Choque;0;0;0;0;0;0;0;0;0;1;1;0;0;0;0
25/03/2022;08:04:00;78;Com vítima;97,850;BR-50/MG;Crescente;Colisão transversal;0;0;0;1;0;0;0;0;0;1;1;2;0;0;0
25/03/2022;10:18:00;124;Sem vítima;198,000;BR-50/MG;Decrescente;Colisão traseira;0;0;1;0;0;0;0;0;0;1;2;0;0;0;0
26/03/2022;04:00:00;30;Sem vítima;10,000;Contorno de Uberlândia/MG;Crescente;Atropelamento de animal;0;0;0;0;0;1;0;0;0;0;1;0;0;0;0
26/03/2022;19:25:00;296;Sem vítima;62,000;BR-50/MG;Crescente;Colisão lateral no mesmo sentido;1;0;0;0;0;1;0;0;0;0;2;0;0;0;0
27/03/2022;09:11:00;68;Com vítima;28,700;BR-50/MG;Decrescente;Tombamento;0;0;1;0;0;0;0;0;0;0;0;0;0;1;0
27/03/2022;19:23:00;265;Com vítima;41,030;BR-50/MG;Crescente;Colisão traseira;0;0;0;0;0;2;0;0;0;0;1;0;1;0;0
27/03/2022;20:28:00;276;Com vítima;131,000;BR-50/MG;Decrescente;Colisão traseira;0;0;1;0;0;0;0;0;0;1;1;0;0;1;0
28/03/2022;12:50:00;159;Sem vítima;115,500;BR-50/MG;Crescente;Choque;0;0;0;0;0;0;0;0;0;1;1;0;0;0;0
28/03/2022;12:53:00;160;Sem vítima;18,400;BR-50/MG;Decrescente;Colisão lateral no mesmo sentido;0;0;0;0;0;2;0;0;0;0;2;0;0;0;0
28/03/2022;14:19:00;195;Sem vítima;305,100;BR-50/MG;Decrescente;Choque;1;0;0;0;0;0;0;0;0;0;1;0;0;0;0
28/03/2022;17:24:00;257;Com vítima;83,500;BR-50/MG;Decrescente;Tombamento;0;0;1;0;0;0;0;0;0;0;0;2;0;0;0
28/03/2022;17:25:00;258;Com vítima;83,800;BR-50/MG;Decrescente;Colisão traseira;1;0;1;0;0;0;0;0;0;1;5;0;1;0;0
30/03/2022;01:12:00;13;Com vítima;180,200;BR-50/MG;Decrescente;Atropelamento de pedestre;1;0;0;0;0;0;0;0;0;0;1;0;0;1;0
30/03/2022;15:00:00;232;Com vítima;0,400;BR-50/MG;Crescente;Tombamento;0;0;0;0;0;1;0;0;0;0;0;1;0;0;0
30/03/2022;15:53:00;257;Sem vítima;103,000;BR-50/MG;Crescente;Choque;1;0;0;0;0;0;0;0;0;0;1;0;0;0;0
30/03/2022;19:59:00;340;Com vítima;263,500;BR-50/MG;Crescente;Choque;0;1;0;0;0;0;0;0;0;0;0;0;1;0;0
30/03/2022;20:08:00;345;Com vítima;263,500;BR-50/MG;Crescente;Colisão traseira;0;1;0;0;0;0;0;0;0;0;1;0;1;0;0
31/03/2022;16:21:00;209;Sem vítima;11,400;BR-50/MG;Decrescente;Colisão traseira;0;0;1;0;0;1;0;0;0;0;2;0;0;0;0
31/03/2022;19:53:00;271;Com vítima;168,600;BR-50/MG;Crescente;Choque;0;0;0;1;0;0;0;0;0;0;0;0;1;0;0
31/03/2022;23:41:00;319;Com vítima;124,480;BR-50/MG;Crescente;Choque;1;0;0;0;0;0;0;0;0;0;1;1;0;0;0
01/04/2022;04:07:00;19;Sem vítima;88,900;BR-50/MG;Crescente;Tombamento;0;0;1;0;0;0;0;0;0;0;2;0;0;0;0
01/04/2022;16:33:00;255;Sem vítima;176,000;BR-50/MG;Crescente;Colisão traseira;1;0;0;0;0;0;0;0;0;1;5;0;0;0;0
02/04/2022;05:10:00;27;Com vítima;18,200;Contorno de Uberlândia/MG;Decrescente;Colisão lateral em sentido contrário;0;0;0;1;0;0;0;0;0;1;1;0;0;2;0
02/04/2022;19:26:00;293;Com vítima;196,000;BR-50/MG;Decrescente;Queda de moto;0;0;0;1;0;0;0;0;0;0;0;1;0;0;0
02/04/2022;21:12:00;322;Com vítima;274,000;BR-50/MG;Decrescente;Queda de moto;0;0;0;1;0;0;0;0;0;0;0;1;0;0;0
03/04/2022;08:20:00;42;Com vítima;77,500;BR-50/MG;Decrescente;Choque;0;0;0;1;0;0;0;0;0;0;0;0;1;0;0
03/04/2022;12:47:00;137;Com vítima;233,100;BR-50/MG;Decrescente;Atropelamento de pedestre;1;0;0;0;0;0;0;0;0;0;3;0;1;0;0
03/04/2022;14:19:00;160;Sem vítima;13,000;Contorno de Uberlândia/MG;Decrescente;Choque;1;0;0;0;0;0;0;0;0;0;3;0;0;0;0
03/04/2022;15:10:00;175;Com vítima;78,000;BR-50/MG;Decrescente;Choque;1;0;0;0;0;0;0;0;0;0;0;0;1;0;0
03/04/2022;15:36:00;185;Com vítima;203,500;BR-50/MG;Crescente;Colisão traseira;1;0;0;0;0;0;0;0;0;0;2;1;0;0;0
03/04/2022;15:50:00;194;Sem vítima;13,700;BR-50/MG;Decrescente;Colisão traseira;1;0;0;0;0;0;0;0;0;1;4;0;0;0;0
03/04/2022;18:05:00;244;Com vítima;163,600;BR-50/MG;Decrescente;Colisão transversal;1;0;0;1;0;0;0;0;0;0;3;0;1;0;0
03/04/2022;19:37:00;267;Sem vítima;260,000;BR-50/MG;Decrescente;Choque;1;0;0;0;0;0;0;0;0;0;2;0;0;0;0
03/04/2022;19:40:00;268;Com vítima;278,600;BR-50/MG;Crescente;Colisão transversal;1;0;0;0;0;0;0;0;0;1;1;3;0;0;0
03/04/2022;21:40:00;295;Com vítima;18,000;Contorno de Uberlândia/MG;Decrescente;Queda de moto;0;0;0;1;0;0;0;0;0;0;0;2;0;0;0
04/04/2022;07:17:00;43;Com vítima;21,000;Contorno de Uberlândia/MG;Decrescente;Colisão traseira;0;0;0;1;0;0;0;0;0;1;0;2;0;0;0
04/04/2022;08:52:00;82;Com vítima;48,000;BR-50/MG;Crescente;Choque;0;0;1;0;0;0;0;0;0;0;0;1;0;0;0
04/04/2022;09:10:00;92;Com vítima;262,160;BR-50/MG;Crescente;Queda de moto;0;0;0;1;0;0;0;0;0;0;0;0;0;1;0
04/04/2022;10:47:00;123;Sem vítima;126,600;BR-50/MG;Decrescente;Colisão traseira;1;0;1;0;0;0;0;0;0;0;3;0;0;0;0
04/04/2022;15:23:00;201;Sem vítima;179,980;BR-50/MG;Crescente;Choque;1;0;0;0;0;0;0;0;0;0;1;0;0;0;0
04/04/2022;18:43:00;264;Com vítima;174,000;BR-50/MG;Crescente;Colisão traseira;0;0;0;1;0;0;0;0;0;1;1;1;0;0;0
04/04/2022;23:51:00;341;Com vítima;136,700;BR-50/MG;Crescente;Choque;0;0;0;0;0;1;0;0;0;0;0;1;0;0;0
05/04/2022;07:51:00;61;Sem vítima;171,800;BR-50/MG;Decrescente;Colisão lateral no mesmo sentido;2;0;0;0;0;0;0;0;0;0;10;0;0;0;0
05/04/2022;08:28:00;71;Sem vítima;169,000;BR-50/MG;Crescente;Colisão traseira;0;0;0;0;0;0;0;0;0;1;1;0;0;0;0