data;horario;n_da_ocorrencia;tipo_de_ocorrencia;km;trecho;sentido;tipo_de_acidente;automovel;bicicleta;caminhao;moto;onibus;outros;tracao_animal;transporte_de_cargas_especiais;trator_maquinas;utilitarios;ilesos;levemente_feridos;moderadamente_feridos;gravemente_feridos;mortos
05/04/2022;15:53:00;194;Com vítima;158,650;BR-50/MG;Decrescente;Tombamento;0;0;0;0;0;1;0;0;0;0;0;1;0;0;0
05/04/2022;17:00:00;213;Com vítima;32,000;BR-50/MG;Crescente;Colisão traseira;0;0;0;0;1;1;0;0;0;0;4;5;0;0;0
05/04/2022;23:44:00;312;Sem vítima;206,850;BR-50/MG;Decrescente;Choque;0;0;0;0;0;0;0;0;0;1;1;0;0;0;0
06/04/2022;01:54:00;18;Sem vítima;63,800;BR-50/MG;Decrescente;Choque;1;0;0;0;0;0;0;0;0;0;1;0;0;0;0
06/04/2022;09:25:00;97;Sem vítima;18,700;Contorno de Uberlândia/MG;Crescente;Choque;0;0;0;0;0;0;0;0;0;1;1;0;0;0;0
06/04/2022;16:52:00;257;Sem vítima;111,400;BR-50/MG;Crescente;Choque;0;0;0;0;0;1;0;0;0;0;1;0;0;0;0
06/04/2022;17:58:00;274;Com vítima;2,700;BR-50/MG;Crescente;Colisão traseira;0;0;0;0;0;0;0;0;0;1;0;2;0;0;0
06/04/2022;18:35:00;287;Com vítima;21,700;BR-50/MG;Decrescente;Colisão traseira;0;1;0;0;0;0;0;0;0;0;0;1;0;0;0
07/04/2022;03:00:00;30;Com vítima;44,500;BR-50/MG;Decrescente;Capotamento;1;0;0;0;0;0;0;0;0;0;0;1;0;0;0
07/04/2022;13:34:00;217;Com vítima;105,500;BR-50/MG;Crescente;Queda de moto;0;0;0;1;0;0;0;0;0;0;0;2;0;0;0
07/04/2022;15:11:00;244;Com vítima;126,000;BR-50/MG;Decrescente;Choque;0;0;0;0;0;0;0;0;0;1;2;1;0;0;0
07/04/2022;15:42:00;258;Sem vítima;117,700;BR-50/MG;Decrescente;Colisão traseira;0;0;1;0;0;0;0;0;0;1;4;0;0;0;0
07/04/2022;19:13:00;313;Sem vítima;154,800;BR-50/MG;Crescente;Capotamento;1;0;0;0;0;0;0;0;0;0;1;0;0;0;0
07/04/2022;23:39:00;361;Com vítima;148,500;BR-50/MG;Crescente;Choque;0;0;1;0;0;1;0;0;0;0;1;1;1;0;0
08/04/2022;00:37:00;5;Sem vítima;174,200;BR-50/MG;Crescente;Choque;1;0;0;0;0;0;0;0;0;0;1;0;0;0;0
08/04/2022;01:27:00;18;Com vítima;206,000;BR-50/MG;Decrescente;Queda de moto;0;0;0;1;0;0;0;0;0;0;0;1;0;0;0
08/04/2022;06:33:00;40;Sem vítima;52,900;BR-50/MG;Decrescente;Colisão lateral no mesmo sentido;0;0;0;0;0;2;0;0;0;0;3;0;0;0;0
08/04/2022;10:09:00;147;Com vítima;201,000;BR-50/MG;Crescente;Choque;0;0;1;0;0;0;0;0;0;1;1;0;1;0;0
08/04/2022;16:39:00;303;Sem vítima;198,000;BR-50/MG;Decrescente;Choque;1;0;0;0;0;0;0;0;0;0;1;0;0;0;0
08/04/2022;17:08:00;311;Sem vítima;57,000;BR-50/MG;Decrescente;Queda de moto;0;0;0;1;0;0;0;0;0;0;1;0;0;0;0
08/04/2022;18:30:00;329;Sem vítima;195,000;BR-50/MG;Crescente;Colisão lateral no mesmo sentido;1;0;0;0;0;1;0;0;0;0;3;0;0;0;0
08/04/2022;19:11:00;348;Com vítima;27,350;BR-50/MG;Decrescente;Capotamento;1;0;0;0;0;0;0;0;0;0;0;2;0;0;0
08/04/2022;19:14:00;349;Com vítima;281,000;BR-50/MG;Crescente;Colisão transversal;0;0;0;1;0;0;0;0;0;0;0;0;1;0;0
08/04/2022;23:08:00;414;Com vítima;193,000;BR-50/MG;Crescente;Colisão lateral no mesmo sentido;0;0;0;0;0;1;0;0;0;1;1;1;0;0;0
09/04/2022;03:26:00;30;Com vítima;119,800;BR-50/MG;Decrescente;Tombamento;0;0;0;0;0;1;0;0;0;0;0;0;1;0;0
09/04/2022;06:13:00;41;Com vítima;56,000;BR-50/MG;Crescente;Capotamento;1;0;0;0;0;0;0;0;0;0;0;1;0;0;0
09/04/2022;10:35:00;157;Sem vítima;59,000;BR-50/MG;Decrescente;Choque;0;0;0;0;0;1;0;0;0;0;1;0;0;0;0
09/04/2022;12:20:00;202;Com vítima;101,000;BR-50/MG;Decrescente;Colisão lateral no mesmo sentido;0;0;0;1;0;0;0;0;0;1;1;1;0;0;0
09/04/2022;13:13:00;217;Sem vítima;123,300;BR-50/MG;Crescente;Acidentes de outra natureza;0;0;0;0;0;0;0;0;0;1;1;0;0;0;0
09/04/2022;13:55:00;230;Sem vítima;118,750;BR-50/MG;Crescente;Choque;1;0;0;0;0;0;0;0;0;0;2;0;0;0;0
09/04/2022;20:55:00;359;Sem vítima;29,400;BR-50/MG;Decrescente;Choque;1;0;0;0;0;0;0;0;0;0;1;0;0;0;0
10/04/2022;02:11:00;17;Sem vítima;219,700;BR-50/MG;Decrescente;Choque;1;0;0;0;0;0;0;0;0;0;2;0;0;0;0
10/04/2022;03:15:00;24;Com vítima;282,800;BR-50/MG;Decrescente;Colisão transversal;2;0;0;0;0;0;0;0;0;0;0;4;1;0;0
10/04/2022;06:37:00;44;Com vítima;35,050;BR-50/MG;Decrescente;Queda de moto;0;0;0;1;0;0;0;0;0;0;0;2;0;0;0
10/04/2022;11:54:00;145;Sem vítima;13,000;BR-50/MG;Decrescente;Colisão traseira;1;0;0;0;0;0;0;0;0;0;3;0;0;0;0
10/04/2022;13:25:00;164;Com vítima;28,500;BR-50/MG;Decrescente;Choque;1;0;0;0;0;0;0;0;0;0;4;1;0;0;0
10/04/2022;13:45:00;170;Com vítima;0,500;BR-50/MG;Crescente;Tombamento;0;0;0;0;0;1;0;0;0;0;0;0;1;0;0
10/04/2022;16:02:00;201;Com vítima;244,000;BR-50/MG;Crescente;Tombamento;0;0;0;0;0;1;0;0;0;0;0;1;0;0;0
10/04/2022;16:28:00;212;Com vítima;62,990;BR-50/MG;Decrescente;Capotamento;1;0;0;0;0;0;0;0;0;0;0;0;1;0;0
10/04/2022;16:58:00;220;Sem vítima;83,400;BR-50/MG;Decrescente;Acidentes de outra natureza;1;0;0;0;0;0;0;0;0;0;2;0;0;0;0
10/04/2022;20:03:00;281;Com vítima;171,800;BR-50/MG;Decrescente;Colisão frontal;2;0;0;1;0;0;0;0;0;0;2;0;1;0;0
10/04/2022;20:33:00;290;Com vítima;170,300;BR-50/MG;Decrescente;Atropelamento de pedestre;0;0;0;1;0;0;0;0;0;0;0;0;0;0;1
10/04/2022;20:45:00;295;Com vítima;20,000;BR-50/MG;Decrescente;Colisão traseira;1;0;0;0;0;0;0;0;0;0;0;2;0;0;0
11/04/2022;12:30:00;162;Sem vítima;108,000;BR-50/MG;Decrescente;Choque;1;0;0;0;0;0;0;0;0;0;1;0;0;0;0
12/04/2022;06:08:00;29;Com vítima;149,900;BR-50/MG;Crescente;Capotamento;0;0;0;0;0;0;0;0;0;1;2;1;0;0;0
12/04/2022;11:07:00;175;Com vítima;149,900;BR-50/MG;Decrescente;Capotamento;1;0;0;0;0;0;0;0;0;0;1;1;0;0;0
12/04/2022;17:53:00;339;Sem vítima;178,000;BR-50/MG;Crescente;Engavetamento;1;0;0;0;0;0;0;0;0;1;6;0;0;0;0
12/04/2022;19:20:00;358;Sem vítima;186,000;BR-50/MG;Crescente;Choque;1;0;0;0;0;0;0;0;0;0;1;0;0;0;0
12/04/2022;19:22:00;359;Sem vítima;25,000;BR-50/MG;Crescente;Choque;0;0;0;0;0;0;0;0;0;1;1;0;0;0;0
12/04/2022;21:04:00;384;Sem vítima;85,500;BR-50/MG;Crescente;Tombamento;0;0;0;0;0;1;0;0;0;0;1;0;0;0;0
12/04/2022;22:58:00;404;Com vítima;63,700;BR-50/MG;Decrescente;Atropelamento de animal;1;0;0;0;0;0;0;0;0;0;0;0;1;0;0
13/04/2022;13:53:00;173;Sem vítima;61,120;BR-50/MG;Crescente;Choque;1;0;0;0;0;0;0;0;0;0;2;0;0;0;0
13/04/2022;14:28:00;183;Sem vítima;85,550;BR-50/MG;Crescente;Colisão lateral no mesmo sentido;1;0;0;0;0;0;0;0;0;1;4;0;0;0;0
13/04/2022;14:45:00;185;Sem vítima;137,200;BR-50/MG;Decrescente;Choque;1;0;0;0;0;0;0;0;0;0;2;0;0;0;0
13/04/2022;15:09:00;193;Sem vítima;55,050;BR-50/MG;Decrescente;Colisão lateral no mesmo sentido;2;0;0;0;0;1;0;0;0;0;3;0;0;0;0
13/04/2022;15:10:00;194;Sem vítima;140,200;BR-50/MG;Crescente;Choque;1;0;0;0;0;0;0;0;0;0;3;0;0;0;0
13/04/2022;23:36:00;332;Com vítima;203,000;BR-50/MG;Decrescente;Capotamento;0;0;1;0;0;0;0;0;0;0;0;0;1;0;0
14/04/2022;10:32:00;161;Sem vítima;206,700;BR-50/MG;Decrescente;Choque;0;0;1;0;0;2;0;0;0;0;1;0;0;0;0
14/04/2022;11:18:00;182;Sem vítima;28,520;BR-50/MG;Crescente;Choque;0;0;0;0;0;1;0;0;0;0;1;0;0;0;0
14/04/2022;18:40:00;343;Com vítima;0,300;BR-50/MG;Crescente;Tombamento;0;0;0;0;0;1;0;0;0;0;0;0;1;0;0
15/04/2022;16:46:00;231;Com vítima;21,480;Contorno de Uberlândia/MG;Crescente;Choque;0;0;0;0;0;0;0;0;0;1;0;1;0;0;0
15/04/2022;17:35:00;247;Com vítima;85,400;BR-50/MG;Decrescente;Capotamento;1;0;0;0;0;0;0;0;0;0;1;2;1;0;0
15/04/2022;19:41:00;276;Com vítima;173,600;BR-50/MG;Crescente;Colisão traseira;0;0;0;1;0;1;0;0;0;0;2;0;0;0;2
15/04/2022;19:49:00;279;Com vítima;173,600;BR-50/MG;Crescente;Choque;0;0;0;1;0;0;0;0;0;0;0;1;0;0;0
16/04/2022;03:20:00;23;Sem vítima;171,700;BR-50/MG;Crescente;Choque;1;0;0;0;0;0;0;0;0;0;1;0;0;0;0
16/04/2022;16:49:00;187;Sem vítima;22,000;BR-50/MG;Decrescente;Choque;0;0;0;1;0;0;0;0;0;0;1;0;0;0;0
17/04/2022;14:37:00;165;Com vítima;125,700;BR-50/MG;Decrescente;Queda de moto;0;0;0;1;0;0;0;0;0;0;0;2;0;0;0
18/04/2022;03:38:00;23;Com vítima;20,200;BR-50/MG;Decrescente;Colisão traseira;1;0;1;0;0;0;0;0;0;0;0;1;0;0;1
18/04/2022;04:14:00;28;Com vítima;210,600;BR-50/MG;Crescente;Capotamento;1;0;0;0;0;0;0;0;0;0;3;1;0;0;0
18/04/2022;15:07:00;218;Sem vítima;135,800;BR-50/MG;Decrescente;Choque;1;0;0;0;0;0;0;0;0;0;2;0;0;0;0
18/04/2022;21:19:00;314;Sem vítima;51,272;BR-50/MG;Crescente;Choque;0;0;0;0;0;1;0;0;0;0;1;0;0;0;0
19/04/2022;21:16:00;375;Sem vítima;198,000;BR-50/MG;Crescente;Colisão traseira;1;0;0;0;0;1;0;0;0;0;7;0;0;0;0
20/04/2022;06:35:00;26;Com vítima;106,000;BR-50/MG;Decrescente;Tombamento;0;0;0;0;0;1;0;0;0;0;0;0;1;0;0
21/04/2022;00:16:00;2;Com vítima;60,900;BR-50/MG;Decrescente;Tombamento;0;0;1;0;0;0;0;0;0;0;0;0;1;0;0
21/04/2022;09:52:00;133;Sem vítima;113,800;BR-50/MG;Decrescente;Colisão traseira;1;0;0;0;0;1;0;0;0;0;2;0;0;0;0
22/04/2022;20:23:00;301;Com vítima;177,500;BR-50/MG;Crescente;Choque;1;0;0;0;0;0;0;0;0;0;0;2;0;0;0
23/04/2022;21:21:00;327;Sem vítima;177,500;BR-50/MG;Crescente;Choque;0;0;0;0;0;0;0;0;0;1;3;0;0;0;0
24/04/2022;11:44:00;112;Com vítima;188,640;BR-50/MG;Crescente;Choque;1;0;0;0;0;0;0;0;0;0;0;1;0;0;0
24/04/2022;19:25:00;239;Sem vítima;203,400;BR-50/MG;Decrescente;Colisão lateral no mesmo sentido;1;0;0;0;0;0;0;0;0;0;2;0;0;0;0
24/04/2022;22:15:00;291;Com vítima;81,440;BR-50/MG;Decrescente;Colisão traseira;0;0;0;0;0;1;0;0;0;1;1;1;0;0;0
25/04/2022;00:30:00;2;Sem vítima;19,800;BR-50/MG;Crescente;Choque;0;0;0;0;0;1;0;0;0;0;1;0;0;0;0
25/04/2022;08:20:00;69;Sem vítima;180,000;BR-50/MG;Crescente;Engavetamento;1;0;1;0;0;0;0;0;0;0;2;0;0;0;0
25/04/2022;19:09:00;285;Com vítima;141,900;BR-50/MG;Decrescente;Tombamento;0;0;0;0;0;1;0;0;0;0;0;1;0;0;0
25/04/2022;21:12:00;306;Sem vítima;93,500;BR-50/MG;Crescente;Colisão lateral no mesmo sentido;0;0;1;0;0;0;0;0;0;0;1;0;0;0;0
26/04/2022;08:17:00;73;Sem vítima;50,220;BR-50/MG;Crescente;Choque;1;0;0;0;0;0;0;0;0;0;1;0;0;0;0
26/04/2022;10:06:00;113;Sem vítima;162,000;BR-50/MG;Decrescente;Colisão traseira;1;0;0;0;0;0;0;0;0;1;2;0;0;0;0
26/04/2022;16:14:00;217;Com vítima;190,100;BR-50/MG;Decrescente;Queda de moto;0;0;0;1;0;0;0;0;0;0;0;1;0;0;0
27/04/2022;04:32:00;22;Sem vítima;28,000;BR-50/MG;Crescente;Tombamento;0;0;0;0;0;1;0;0;0;0;1;0;0;0;0
27/04/2022;07:30:00;44;Sem vítima;179,900;BR-50/MG;Crescente;Engavetamento;0;0;2;0;1;1;0;0;0;0;10;0;0;0;0
27/04/2022;12:20:00;163;Sem vítima;0,380;BR-50/MG;Crescente;Choque;1;0;0;0;0;0;0;0;0;0;1;0;0;0;0
27/04/2022;15:55:00;226;Sem vítima;175,000;BR-50/MG;Decrescente;Colisão traseira;1;0;0;0;0;0;0;0;0;0;2;0;0;0;0
27/04/2022;16:23:00;239;Sem vítima;175,000;BR-50/MG;Decrescente;Engavetamento;1;0;0;0;0;1;0;0;0;2;4;0;0;0;0
27/04/2022;18:16:00;267;Com vítima;183,000;BR-50/MG;Decrescente;Atropelamento de pedestre;0;0;0;0;0;0;0;0;0;0;0;0;1;0;0
27/04/2022;20:33:00;314;Sem vítima;10,800;Contorno de Uberlândia/MG;Decrescente;Tombamento;1;0;0;0;0;0;0;0;0;0;1;0;0;0;0
28/04/2022;09:44:00;124;Com vítima;0,900;Contorno de Uberlândia/MG;Decrescente;Colisão traseira;0;0;1;0;0;1;0;0;0;0;1;1;0;0;0
28/04/2022;13:06:00;206;Sem vítima;173,500;BR-50/MG;Decrescente;Choque;1;0;0;0;0;0;0;0;0;0;2;0;0;0;0
28/04/2022;23:06:00;371;Com vítima;204,560;BR-50/MG;Crescente;Choque;0;0;1;0;0;0;0;0;0;0;0;0;1;0;0
29/04/2022;07:59:00;76;Com vítima;29,750;BR-50/MG;Decrescente;Tombamento;0;0;0;0;0;1;0;0;0;0;0;0;0;0;1
29/04/2022;12:02:00;175;Sem vítima;0,850;BR-50/MG;Crescente;Choque;0;0;0;0;0;1;0;0;0;0;1;0;0;0;0
29/04/2022;13:17:00;198;Com vítima;33,270;BR-50/MG;Decrescente;Tombamento;0;0;1;0;0;0;0;0;0;0;0;1;0;0;0
29/04/2022;17:03:00;288;Sem vítima;115,300;BR-50/MG;Decrescente;Choque;0;0;0;0;0;0;0;0;0;1;2;0;0;0;0
29/04/2022;18:18:00;312;Sem vítima;53,000;BR-50/MG;Crescente;Choque;1;0;0;0;0;0;0;0;0;0;1;0;0;0;0
29/04/2022;19:42:00;350;Sem vítima;82,000;BR-50/MG;Decrescente;Engavetamento;2;0;0;0;0;0;0;0;0;0;4;0;0;0;0
30/04/2022;08:47:00;86;Sem vítima;178,000;BR-50/MG;Crescente;Atropelamento de animal;1;0;0;0;0;0;0;0;0;0;5;0;0;0;0
30/04/2022;10:42:00;126;Com vítima;221,800;BR-50/MG;Decrescente;Capotamento;1;0;0;0;0;0;0;0;0;0;0;0;1;0;0
30/04/2022;10:44:00;127;Com vítima;170,000;BR-50/MG;Crescente;Colisão traseira;2;0;0;0;0;0;0;0;0;0;2;1;0;0;0
30/04/2022;18:46:00;251;Com vítima;177,200;BR-50/MG;Decrescente;Capotamento;1;0;0;0;0;0;0;0;0;0;0;0;1;0;0
01/05/2022;01:17:00;9;Com vítima;45,850;BR-50/MG;Decrescente;Choque;1;0;0;0;0;0;0;0;0;0;0;2;0;0;0
01/05/2022;04:09:00;21;Com vítima;177,500;BR-50/MG;Crescente;Queda de moto;0;0;0;1;0;0;0;0;0;0;0;1;0;0;0
01/05/2022;08:40:00;95;Sem vítima;308,300;BR-50/MG;Crescente;Queda de moto;0;0;0;1;0;0;0;0;0;0;1;0;0;0;0
01/05/2022;16:43:00;231;Sem vítima;284,000;BR-50/MG;Decrescente;Colisão lateral em sentido contrário;1;0;0;0;0;1;0;0;0;0;3;0;0;0;0
01/05/2022;22:57:00;325;Com vítima;235,000;BR-50/MG;Decrescente;Colisão traseira;0;0;1;0;0;0;0;0;0;1;2;1;0;0;0
02/05/2022;08:28:00;71;Com vítima;113,090;BR-50/MG;Crescente;Tombamento;0;0;1;0;0;0;0;0;0;0;0;1;0;0;0
02/05/2022;12:52:00;155;Com vítima;114,100;BR-50/MG;Decrescente;Choque;0;0;0;0;0;0;0;0;0;1;0;2;3;1;1
03/05/2022;06:57:00;44;Com vítima;98,950;BR-50/MG;Crescente;Queda de moto;0;0;0;1;0;0;0;0;0;0;0;0;1;0;0
04/05/2022;05:54:00;26;Com vítima;262,900;BR-50/MG;Decrescente;Colisão traseira;0;0;1;0;0;1;0;0;0;0;0;0;2;0;0
04/05/2022;07:50:00;56;Com vítima;44,100;BR-50/MG;Decrescente;Queda de moto;0;0;0;1;0;0;0;0;0;0;0;0;2;0;0
04/05/2022;15:20:00;184;Sem vítima;136,450;BR-50/MG;Decrescente;Colisão lateral no mesmo sentido;1;0;0;0;0;0;0;0;0;0;1;0;0;0;0
05/05/2022;04:03:00;32;Com vítima;82,100;BR-50/MG;Decrescente;Colisão traseira;0;0;1;0;0;1;0;0;0;0;1;0;1;0;0
05/05/2022;07:10:00;62;Com vítima;217,760;BR-50/MG;Crescente;Queda de moto;0;0;0;1;0;0;0;0;0;0;0;0;1;0;0
06/05/2022;07:51:00;81;Sem vítima;117,900;BR-50/MG;Decrescente;Atropelamento de animal;0;0;0;0;0;0;0;0;0;1;1;0;0;0;0
06/05/2022;10:44:00;145;Com vítima;0,300;BR-50/MG;Crescente;Tombamento;0;0;0;0;0;1;0;0;0;0;0;1;0;0;0
06/05/2022;12:38:00;175;Sem vítima;127,120;BR-50/MG;Crescente;Colisão traseira;0;0;0;0;0;0;0;0;0;2;4;0;0;0;0
06/05/2022;17:01:00;246;Com vítima;99,800;BR-50/MG;Crescente;Queda de moto;0;0;0;1;0;0;0;0;0;0;0;1;1;0;0
06/05/2022;21:17:00;323;Sem vítima;104,704;BR-50/MG;Crescente;Colisão traseira;1;0;0;0;0;1;0;0;0;0;2;0;0;0;0
07/05/2022;12:36:00;151;Sem vítima;0,600;BR-50/MG;Crescente;Choque;0;0;0;0;0;1;0;0;0;0;1;0;0;0;0
07/05/2022;13:38:00;161;Com vítima;7,000;Contorno de Uberlândia/MG;Crescente;Queda de moto;0;0;0;1;0;0;0;0;0;0;0;2;0;0;0
08/05/2022;05:22:00;34;Sem vítima;178,000;BR-50/MG;Crescente;Choque;1;0;0;0;0;0;0;0;0;0;1;0;0;0;0
08/05/2022;05:56:00;35;Sem vítima;62,000;BR-50/MG;Decrescente;Colisão lateral em sentido contrário;0;0;0;0;0;0;0;0;0;1;5;0;0;0;0
08/05/2022;11:10:00;98;Sem vítima;140,300;BR-50/MG;Decrescente;Tombamento;0;0;1;0;0;0;0;0;0;0;1;0;0;0;0
08/05/2022;15:36:00;176;Sem vítima;262,000;BR-50/MG;Crescente;Colisão traseira;1;0;0;0;0;0;0;0;0;1;4;0;0;0;0
08/05/2022;15:41:00;179;Sem vítima;166,450;BR-50/MG;Decrescente;Colisão lateral no mesmo sentido;1;0;0;0;0;0;0;0;0;0;1;0;0;0;0
08/05/2022;20:15:00;261;Com vítima;86,000;BR-50/MG;Decrescente;Colisão traseira;2;0;0;0;0;0;0;0;0;0;0;5;0;0;0
08/05/2022;20:24:00;263;Sem vítima;21,500;Contorno de Uberlândia/MG;Decrescente;Colisão traseira;0;0;0;1;0;0;0;0;0;0;1;0;0;0;0
09/05/2022;12:00:00;163;Com vítima;171,000;BR-50/MG;Crescente;Queda de moto;0;0;0;1;0;0;0;0;0;0;0;0;1;0;0
10/05/2022;06:48:00;39;Sem vítima;83,500;BR-50/MG;Decrescente;Choque;0;0;0;0;0;1;0;0;0;0;1;0;0;0;0
11/05/2022;08:56:00;125;Com vítima;183,400;BR-50/MG;Decrescente;Colisão lateral no mesmo sentido;1;0;0;0;0;1;0;0;0;0;2;6;0;0;0
11/05/2022;15:37:00;295;Sem vítima;112,350;BR-50/MG;Crescente;Tombamento;0;0;0;0;0;0;0;0;0;1;2;0;0;0;0
11/05/2022;22:37:00;393;Sem vítima;176,000;BR-50/MG;Decrescente;Colisão lateral no mesmo sentido;0;0;0;0;0;1;0;0;0;1;4;0;0;0;0
11/05/2022;22:55:00;398;Com vítima;135,200;BR-50/MG;Decrescente;Choque;0;0;0;0;0;0;0;0;0;1;0;1;0;0;0
11/05/2022;23:49:00;408;Sem vítima;132,200;BR-50/MG;Decrescente;Choque;1;0;0;0;0;0;0;0;0;0;1;0;0;0;0
12/05/2022;09:51:00;99;Sem vítima;297,100;BR-50/MG;Decrescente;Choque;0;0;0;0;0;0;0;0;0;1;1;0;0;0;0
12/05/2022;15:08:00;206;Sem vítima;57,100;BR-50/MG;Decrescente;Choque;0;0;1;0;0;0;0;0;0;0;3;0;0;0;0
12/05/2022;17:43:00;258;Sem vítima;78,000;BR-50/MG;Crescente;Atropelamento de animal;1;0;0;0;0;0;0;0;0;0;1;0;0;0;0
13/05/2022;00:34:00;6;Sem vítima;142,900;BR-50/MG;Decrescente;Atropelamento de animal;0;0;0;0;0;1;0;0;0;0;1;0;0;0;0
13/05/2022;07:08:00;59;Sem vítima;273,000;BR-50/MG;Crescente;Tombamento;0;0;0;0;0;1;0;0;0;0;1;0;0;0;0
13/05/2022;07:16:00;65;Sem vítima;281,000;BR-50/MG;Decrescente;Colisão lateral no mesmo sentido;0;0;0;0;0;1;0;0;0;1;2;0;0;0;0
13/05/2022;15:13:00;272;Sem vítima;180,000;BR-50/MG;Crescente;Colisão traseira;1;0;1;0;0;0;0;0;0;0;4;0;0;0;0
13/05/2022;17:25:00;319;Sem vítima;105,000;BR-50/MG;Crescente;Colisão traseira;1;0;0;0;0;1;0;0;0;0;5;0;0;0;0
13/05/2022;18:51:00;349;Sem vítima;117,400;BR-50/MG;Decrescente;Tombamento;0;0;0;0;0;1;0;0;0;0;1;0;0;0;0
13/05/2022;18:53:00;350;Sem vítima;17,000;Contorno de Uberlândia/MG;Crescente;Colisão traseira;1;0;1;0;0;0;0;0;0;0;2;0;0;0;0
13/05/2022;18:55:00;352;Com vítima;96,000;BR-50/MG;Decrescente;Colisão traseira;1;0;0;1;0;0;0;0;0;0;2;1;0;0;0
15/05/2022;04:48:00;19;Sem vítima;61,000;BR-50/MG;Crescente;Choque;1;0;0;0;0;0;0;0;0;0;2;0;0;0;0
15/05/2022;13:28:00;124;Sem vítima;96,000;BR-50/MG;Decrescente;Colisão transversal;2;0;0;0;0;0;0;0;0;0;6;0;0;0;0
15/05/2022;15:40:00;165;Sem vítima;233,200;BR-50/MG;Decrescente;Choque;0;0;0;0;0;0;0;0;0;1;2;0;0;0;0
15/05/2022;18:15:00;206;Sem vítima;137,000;BR-50/MG;Decrescente;Choque;1;0;0;0;0;0;0;0;0;0;1;0;0;0;0
15/05/2022;18:46:00;217;Sem vítima;147,200;BR-50/MG;Crescente;Choque;1;0;0;0;0;0;0;0;0;0;4;0;0;0;0
15/05/2022;18:51:00;221;Sem vítima;81,000;BR-50/MG;Decrescente;Choque;1;0;0;0;0;0;0;0;0;0;2;0;0;0;0
15/05/2022;20:58:00;245;Sem vítima;288,000;BR-50/MG;Crescente;Choque;0;0;0;0;0;1;0;0;0;0;1;0;0;0;0
16/05/2022;00:54:00;5;Com vítima;160,700;BR-50/MG;Crescente;Tombamento;0;0;1;0;0;0;0;0;0;0;0;0;1;0;0
16/05/2022;07:09:00;40;Sem vítima;169,700;BR-50/MG;Decrescente;Colisão lateral no mesmo sentido;0;0;0;0;0;1;0;0;0;1;2;0;0;0;0
16/05/2022;09:18:00;85;Com vítima;143,900;BR-50/MG;Crescente;Queda de moto;0;0;0;1;0;0;0;0;0;0;0;2;0;0;0
16/05/2022;14:11:00;192;Com vítima;155,900;BR-50/MG;Crescente;Choque;1;0;0;0;0;0;0;0;0;0;0;0;2;0;0
17/05/2022;05:26:00;28;Com vítima;160,700;BR-50/MG;Decrescente;Choque;1;0;0;0;0;0;0;0;0;0;0;0;1;0;0
17/05/2022;07:16:00;39;Sem vítima;306,150;BR-50/MG;Crescente;Choque;1;0;0;0;0;0;0;0;0;0;2;0;0;0;0
17/05/2022;18:31:00;274;Sem vítima;207,840;BR-50/MG;Crescente;Acidentes de outra natureza;0;0;0;0;0;1;0;0;0;1;2;0;0;0;0
18/05/2022;04:54:00;16;Com vítima;178,000;BR-50/MG;Decrescente;Atropelamento de animal;0;0;0;0;0;0;0;0;0;1;1;0;0;0;0
18/05/2022;09:06:00;91;Sem vítima;186,180;BR-50/MG;Crescente;Choque;1;0;0;0;0;0;0;0;0;0;3;0;0;0;0
19/05/2022;06:19:00;30;Sem vítima;97,830;BR-50/MG;Crescente;Atropelamento de animal;0;0;0;1;0;0;0;0;0;0;1;0;0;0;0
19/05/2022;06:37:00;32;Sem vítima;97,880;BR-50/MG;Crescente;Colisão traseira;1;0;0;0;0;0;0;0;0;0;1;0;0;0;0
19/05/2022;06:44:00;34;Sem vítima;207,000;BR-50/MG;Crescente;Colisão traseira;0;0;0;0;0;2;0;0;0;0;2;0;0;0;0
19/05/2022;09:54:00;120;Sem vítima;86,000;BR-50/MG;Crescente;Atropelamento de animal;1;0;0;0;0;0;0;0;0;0;1;0;0;0;0
19/05/2022;18:35:00;299;Com vítima;24,000;BR-50/MG;Crescente;Capotamento;1;0;0;0;0;0;0;0;0;0;0;1;0;0;0
20/05/2022;12:17:00;166;Sem vítima;14,300;BR-50/MG;Decrescente;Choque;1;0;0;0;0;0;0;0;0;0;1;0;0;0;0
21/05/2022;00:42:00;12;Sem vítima;12,800;BR-50/MG;Decrescente;Atropelamento de animal;0;0;0;0;0;0;0;0;0;1;4;0;0;0;0
21/05/2022;01:54:00;21;Com vítima;17,600;Contorno de Uberlândia/MG;Decrescente;Colisão traseira;0;0;0;1;0;0;0;0;0;0;0;2;0;0;0
21/05/2022;06:48:00;53;Com vítima;156,000;BR-50/MG;Decrescente;Capotamento;1;0;0;0;0;0;0;0;0;0;0;0;1;0;0
21/05/2022;16:26:00;204;Sem vítima;65,000;BR-50/MG;Crescente;Tombamento;0;0;1;0;0;0;0;0;0;0;1;0;0;0;0
21/05/2022;23:26:00;283;Sem vítima;1,450;Contorno de Uberlândia/MG;Decrescente;Atropelamento de animal;1;0;0;0;0;0;0;0;0;0;6;0;0;0;0
22/05/2022;11:36:00;114;Sem vítima;77,300;BR-50/MG;Crescente;Capotamento;1;0;0;0;0;0;0;0;0;0;1;0;0;0;0
22/05/2022;18:13:00;208;Com vítima;207,000;BR-50/MG;Crescente;Atropelamento de animal;1;0;0;0;0;0;0;0;0;0;2;0;1;0;0
23/05/2022;05:39:00;28;Com vítima;223,095;BR-50/MG;Crescente;Capotamento;1;0;0;0;0;0;0;0;0;0;1;1;0;0;0
23/05/2022;09:09:00;77;Sem vítima;178,500;BR-50/MG;Decrescente;Choque;1;0;0;0;0;0;0;0;0;0;1;0;0;0;0
23/05/2022;09:54:00;94;Sem vítima;123,800;BR-50/MG;Crescente;Choque;1;0;0;0;0;0;0;0;0;0;2;0;0;0;0
24/05/2022;12:25:00;178;Sem vítima;262,950;BR-50/MG;Decrescente;Choque;0;0;0;0;0;0;0;0;0;1;1;0;0;0;0
25/05/2022;06:51:00;40;Sem vítima;95,700;BR-50/MG;Crescente;Tombamento;0;0;0;0;0;1;0;0;0;0;1;0;0;0;0