data;horario;n_da_ocorrencia;tipo_de_ocorrencia;km;trecho;sentido;tipo_de_acidente;automovel;bicicleta;caminhao;moto;onibus;outros;tracao_animal;transporte_de_cargas_especiais;trator_maquinas;utilitarios;ilesos;levemente_feridos;moderadamente_feridos;gravemente_feridos;mortos
10/07/2022;11:26:00;112;Com vítima;269,990;BR-50/MG;Crescente;Queda de moto;0;0;0;1;0;0;0;0;0;0;0;0;2;0;0
10/07/2022;14:33:00;156;Sem vítima;55,820;BR-50/MG;Crescente;Queda de moto;0;0;0;1;0;0;0;0;0;0;2;0;0;0;0
10/07/2022;19:48:00;236;Com vítima;277,000;BR-50/MG;Decrescente;Choque;1;0;0;0;0;0;0;0;0;0;0;1;0;0;0
10/07/2022;20:05:00;241;Com vítima;175,300;BR-50/MG;Decrescente;Colisão lateral no mesmo sentido;1;0;0;0;0;1;0;0;0;0;0;4;0;0;0
10/07/2022;23:08:00;276;Sem vítima;207,450;BR-50/MG;Decrescente;Choque;1;0;0;0;0;0;0;0;0;0;1;0;0;0;0
11/07/2022;05:43:00;19;Sem vítima;98,000;BR-50/MG;Crescente;Colisão traseira;1;0;0;0;0;0;0;0;0;1;7;0;0;0;0
11/07/2022;14:11:00;193;Sem vítima;106,750;BR-50/MG;Decrescente;Colisão traseira;0;0;1;0;0;1;0;0;0;0;3;0;0;0;0
11/07/2022;18:17:00;270;Com vítima;97,650;BR-50/MG;Decrescente;Colisão traseira;1;0;0;0;0;0;0;0;0;1;2;1;0;0;0
12/07/2022;07:12:00;51;Com vítima;20,000;Contorno de Uberlândia/MG;Decrescente;Queda de moto;0;0;0;1;0;1;0;0;0;0;0;1;0;0;0
13/07/2022;15:06:00;159;Com vítima;84,000;BR-50/MG;Crescente;Capotamento;1;0;0;0;0;1;0;0;0;0;1;1;0;0;0
14/07/2022;00:23:00;2;Sem vítima;48,380;BR-50/MG;Decrescente;Choque;1;0;0;0;0;0;0;0;0;0;1;0;0;0;0
14/07/2022;06:38:00;35;Sem vítima;148,100;BR-50/MG;Crescente;Tombamento;0;0;0;0;0;1;0;0;0;0;1;0;0;0;0
14/07/2022;07:08:00;41;Com vítima;18,100;Contorno de Uberlândia/MG;Crescente;Colisão lateral no mesmo sentido;1;1;0;0;0;0;0;0;0;0;5;0;1;0;0
14/07/2022;07:49:00;52;Com vítima;3,680;BR-50/MG;Crescente;Choque;1;0;0;0;0;1;0;0;0;0;2;1;0;0;0
14/07/2022;17:11:00;248;Com vítima;98,000;BR-50/MG;Crescente;Colisão transversal;0;0;0;1;0;1;0;0;0;0;1;0;0;1;0
14/07/2022;19:26:00;281;Sem vítima;25,700;BR-50/MG;Decrescente;Choque;0;0;1;0;0;0;0;0;0;0;1;0;0;0;0
15/07/2022;01:03:00;17;Sem vítima;179,450;BR-50/MG;Decrescente;Atropelamento de animal;0;0;0;0;0;1;0;0;0;0;1;0;0;0;0
15/07/2022;20:20:00;344;Sem vítima;90,350;BR-50/MG;Crescente;Choque;1;0;0;0;0;0;0;0;0;0;2;0;0;0;0
15/07/2022;21:41:00;370;Sem vítima;115,000;BR-50/MG;Decrescente;Choque;1;0;0;0;0;0;0;0;0;0;2;0;0;0;0
16/07/2022;01:15:00;10;Com vítima;278,900;BR-50/MG;Crescente;Queda de moto;0;0;0;1;0;0;0;0;0;0;1;0;1;0;0
16/07/2022;10:48:00;115;Sem vítima;153,700;BR-50/MG;Decrescente;Capotamento;1;0;0;0;0;0;0;0;0;0;2;0;0;0;0
16/07/2022;19:50:00;279;Sem vítima;172,000;BR-50/MG;Decrescente;Capotamento;0;0;0;0;0;0;0;0;0;1;1;0;0;0;0
16/07/2022;20:45:00;290;Com vítima;83,850;BR-50/MG;Decrescente;Colisão traseira;1;0;0;0;0;0;0;0;0;1;0;3;0;0;0
16/07/2022;21:13:00;294;Com vítima;82,500;BR-50/MG;Decrescente;Colisão traseira;2;0;0;0;0;0;0;0;0;0;0;1;0;0;0
16/07/2022;21:44:00;301;Com vítima;174,000;BR-50/MG;Crescente;Colisão frontal;0;1;0;0;0;0;0;0;0;0;0;1;1;0;0
17/07/2022;02:29:00;19;Sem vítima;42,700;BR-50/MG;Decrescente;Choque;1;0;0;0;0;0;0;0;0;0;1;0;0;0;0
17/07/2022;04:50:00;26;Sem vítima;64,800;BR-50/MG;Crescente;Colisão traseira;1;0;0;0;0;1;0;0;0;0;2;0;0;0;0
17/07/2022;05:15:00;28;Sem vítima;98,000;BR-50/MG;Decrescente;Choque;1;0;0;0;0;0;0;0;0;0;2;0;0;0;0
17/07/2022;13:07:00;128;Sem vítima;198,060;BR-50/MG;Decrescente;Colisão traseira;1;0;0;0;0;1;0;0;0;0;2;0;0;0;0
17/07/2022;21:33:00;269;Com vítima;276,300;BR-50/MG;Decrescente;Choque;1;0;0;0;0;0;0;0;0;0;1;0;1;0;0
18/07/2022;04:51:00;28;Sem vítima;96,000;BR-50/MG;Crescente;Capotamento;1;0;0;0;0;0;0;0;0;0;1;0;0;0;0
18/07/2022;07:58:00;59;Sem vítima;138,700;BR-50/MG;Decrescente;Choque;1;0;0;0;0;0;0;0;0;0;3;0;0;0;0
20/07/2022;08:35:00;72;Sem vítima;209,100;BR-50/MG;Decrescente;Colisão lateral no mesmo sentido;1;0;0;0;0;1;0;0;0;0;5;0;0;0;0
20/07/2022;17:06:00;230;Com vítima;24,000;BR-50/MG;Decrescente;Acidentes de outra natureza;1;0;0;0;0;0;0;0;0;0;0;0;1;0;0
20/07/2022;19:45:00;277;Sem vítima;29,800;BR-50/MG;Decrescente;Choque;0;0;0;0;0;1;0;0;0;0;1;0;0;0;0
21/07/2022;15:19:00;239;Com vítima;19,500;BR-50/MG;Crescente;Colisão traseira;1;0;1;0;0;0;0;0;0;0;3;2;0;0;0
21/07/2022;16:17:00;265;Sem vítima;198,500;BR-50/MG;Decrescente;Choque;1;0;0;0;0;0;0;0;0;0;1;0;0;0;0
21/07/2022;21:02:00;358;Sem vítima;262,400;BR-50/MG;Decrescente;Atropelamento de animal;1;0;0;0;0;0;0;0;0;0;5;0;0;0;0
21/07/2022;22:31:00;378;Sem vítima;176,000;BR-50/MG;Decrescente;Colisão traseira;2;0;0;0;0;0;0;0;0;0;2;0;0;0;0
22/07/2022;02:44:00;17;Sem vítima;176,000;BR-50/MG;Crescente;Choque;1;0;0;0;0;0;0;0;0;0;3;0;0;0;0
22/07/2022;04:32:00;32;Com vítima;180,500;BR-50/MG;Crescente;Atropelamento de animal;0;0;0;0;0;1;0;0;0;0;0;0;1;0;0
22/07/2022;04:49:00;35;Com vítima;280,150;BR-50/MG;Crescente;Colisão traseira;1;0;0;1;0;0;0;0;0;0;0;0;0;0;1
22/07/2022;06:27:00;47;Sem vítima;98,200;BR-50/MG;Decrescente;Acidentes de outra natureza;1;0;0;0;0;0;0;0;0;0;3;0;0;0;0
22/07/2022;10:02:00;148;Sem vítima;219,000;BR-50/MG;Crescente;Choque;1;0;0;0;0;0;0;0;0;0;6;0;0;0;0
22/07/2022;17:23:00;295;Sem vítima;28,000;BR-50/MG;Crescente;Colisão traseira;1;0;0;0;0;1;0;0;0;0;2;0;0;0;0
22/07/2022;17:33:00;299;Sem vítima;97,500;BR-50/MG;Crescente;Colisão transversal;0;0;0;1;0;0;0;0;0;1;2;0;0;0;0
22/07/2022;22:58:00;388;Sem vítima;180,000;BR-50/MG;Decrescente;Queda de moto;0;0;0;1;0;0;0;0;0;0;1;0;0;0;0
23/07/2022;10:48:00;141;Com vítima;98,800;BR-50/MG;Decrescente;Colisão lateral no mesmo sentido;1;0;1;0;0;0;0;0;0;0;5;2;0;0;0
23/07/2022;16:43:00;245;Sem vítima;100,000;BR-50/MG;Crescente;Acidentes de outra natureza;1;0;0;0;0;0;0;0;0;0;2;0;0;0;0
24/07/2022;04:03:00;24;Sem vítima;157,000;BR-50/MG;Decrescente;Choque;1;0;0;0;0;0;0;0;0;0;2;0;0;0;0
24/07/2022;08:36:00;80;Com vítima;82,800;BR-50/MG;Decrescente;Colisão lateral no mesmo sentido;1;0;0;0;0;1;0;0;0;0;1;1;0;0;0
24/07/2022;12:44:00;159;Sem vítima;169,050;BR-50/MG;Crescente;Colisão lateral no mesmo sentido;1;0;0;0;0;1;0;0;0;0;3;0;0;0;0
24/07/2022;19:05:00;281;Sem vítima;96,800;BR-50/MG;Crescente;Colisão traseira;1;0;0;1;0;0;0;0;0;0;3;0;0;0;0
25/07/2022;08:43:00;75;Com vítima;179,320;BR-50/MG;Crescente;Queda de moto;0;0;0;1;0;0;0;0;0;0;0;1;0;0;0
25/07/2022;09:16:00;93;Com vítima;110,100;BR-50/MG;Crescente;Choque;1;0;0;0;0;0;0;0;0;0;0;1;0;0;0
25/07/2022;15:38:00;218;Sem vítima;171,700;BR-50/MG;Decrescente;Choque;0;0;1;0;0;0;0;0;0;0;1;0;0;0;0
25/07/2022;15:59:00;225;Sem vítima;171,600;BR-50/MG;Decrescente;Colisão traseira;0;0;2;0;0;0;0;0;0;0;2;0;0;0;0
25/07/2022;16:40:00;239;Sem vítima;171,700;BR-50/MG;Decrescente;Colisão lateral no mesmo sentido;1;0;0;0;0;1;0;0;0;0;2;0;0;0;0
25/07/2022;19:45:00;282;Sem vítima;39,000;BR-50/MG;Decrescente;Choque;1;0;0;0;0;0;0;0;0;0;1;0;0;0;0
26/07/2022;14:10:00;201;Com vítima;62,160;BR-50/MG;Decrescente;Choque;0;0;0;1;0;0;0;0;0;0;0;1;0;0;0
26/07/2022;21:07:00;318;Sem vítima;96,400;BR-50/MG;Decrescente;Colisão traseira;0;0;1;0;0;0;0;0;0;1;3;0;0;0;0
26/07/2022;21:23:00;323;Sem vítima;165,950;BR-50/MG;Crescente;Tombamento;0;0;0;0;0;1;0;0;0;0;1;0;0;0;0
27/07/2022;15:27:00;246;Sem vítima;190,000;BR-50/MG;Crescente;Colisão traseira;0;0;1;0;0;1;0;0;0;0;2;0;0;0;0
27/07/2022;16:12:00;260;Com vítima;300,000;BR-50/MG;Crescente;Choque;0;0;0;1;0;0;0;0;0;0;0;0;1;0;0
27/07/2022;17:32:00;278;Sem vítima;119,060;BR-50/MG;Decrescente;Colisão transversal;0;0;0;0;0;1;0;0;0;1;2;0;0;0;0
27/07/2022;19:54:00;324;Com vítima;79,080;BR-50/MG;Decrescente;Queda de moto;0;0;0;1;0;0;0;0;0;0;0;1;0;0;0
27/07/2022;20:17:00;333;Sem vítima;22,300;BR-50/MG;Crescente;Colisão lateral no mesmo sentido;1;0;0;0;0;1;0;0;0;0;2;0;0;0;0
27/07/2022;21:22:00;343;Com vítima;115,300;BR-50/MG;Decrescente;Colisão traseira;0;0;1;0;0;1;0;0;0;0;0;1;0;0;1
28/07/2022;06:33:00;39;Com vítima;105,200;BR-50/MG;Decrescente;Colisão traseira;1;0;0;0;0;1;0;0;0;0;2;1;0;0;0
28/07/2022;13:25:00;201;Sem vítima;250,000;BR-50/MG;Decrescente;Colisão traseira;0;0;0;0;0;1;0;0;0;1;3;0;0;0;0
28/07/2022;17:47:00;290;Com vítima;9,800;Contorno de Uberlândia/MG;Decrescente;Colisão traseira;0;0;1;1;0;0;0;0;0;0;3;0;1;0;0
29/07/2022;18:47:00;337;Com vítima;169,500;BR-50/MG;Crescente;Choque;0;0;1;1;0;0;0;0;0;0;1;1;0;0;0
29/07/2022;20:50:00;373;Com vítima;14,390;BR-50/MG;Crescente;Choque;0;0;0;0;0;1;0;0;0;0;0;1;0;0;0
30/07/2022;14:27:00;209;Com vítima;22,000;BR-50/MG;Decrescente;Queda de moto;0;0;0;1;0;0;0;0;0;0;0;1;1;0;0
30/07/2022;17:43:00;257;Com vítima;8,000;Contorno de Uberlândia/MG;Crescente;Choque;0;0;0;1;0;0;0;0;0;0;0;0;0;1;0
30/07/2022;20:55:00;305;Com vítima;28,500;BR-50/MG;Crescente;Choque;0;0;0;0;0;1;0;0;0;0;0;0;1;0;0
31/07/2022;06:45:00;42;Sem vítima;194,430;BR-50/MG;Decrescente;Choque;0;0;0;0;1;0;0;0;0;0;7;0;0;0;0
31/07/2022;15:00:00;181;Sem vítima;283,000;BR-50/MG;Decrescente;Acidentes de outra natureza;1;0;0;0;0;0;0;0;0;0;2;0;0;0;0
31/07/2022;15:53:00;198;Com vítima;174,500;BR-50/MG;Decrescente;Capotamento;1;0;0;0;0;0;0;0;0;0;0;1;0;0;0
31/07/2022;17:17:00;232;Com vítima;195,950;BR-50/MG;Decrescente;Queda de moto;0;0;0;1;0;0;0;0;0;0;0;1;1;0;0
31/07/2022;18:47:00;264;Com vítima;18,000;Contorno de Uberlândia/MG;Decrescente;Colisão traseira;1;0;0;0;0;0;0;0;0;1;2;1;0;0;0
31/07/2022;20:47:00;294;Com vítima;149,000;BR-50/MG;Crescente;Queda de moto;0;0;0;1;0;0;0;0;0;0;0;1;0;0;0
01/08/2022;04:10:00;22;Sem vítima;98,000;BR-50/MG;Decrescente;Choque;1;0;0;0;0;0;0;0;0;0;1;0;0;0;0
01/08/2022;07:35:00;51;Com vítima;172,150;BR-50/MG;Decrescente;Engavetamento;1;0;1;0;0;1;0;0;0;1;4;2;0;0;0
01/08/2022;08:59:00;87;Com vítima;23,650;BR-50/MG;Crescente;Capotamento;2;0;0;0;0;0;0;0;0;0;1;1;0;0;0
01/08/2022;13:16:00;177;Com vítima;188,000;BR-50/MG;Crescente;Choque;0;0;1;0;0;1;0;0;0;0;0;1;0;1;0
01/08/2022;14:06:00;194;Sem vítima;174,000;BR-50/MG;Decrescente;Choque;1;0;0;0;0;0;0;0;0;0;3;0;0;0;0
01/08/2022;18:30:00;266;Com vítima;278,650;BR-50/MG;Crescente;Colisão lateral em sentido contrário;1;1;0;0;0;0;0;0;0;0;1;1;0;0;0
01/08/2022;19:22:00;281;Sem vítima;176,600;BR-50/MG;Decrescente;Colisão lateral no mesmo sentido;1;0;0;0;0;1;0;0;0;0;1;0;0;0;0
02/08/2022;16:01:00;222;Sem vítima;10,000;Contorno de Uberlândia/MG;Crescente;Colisão traseira;1;0;0;0;0;1;0;0;0;0;3;0;0;0;0
02/08/2022;19:25:00;312;Com vítima;276,840;BR-50/MG;Crescente;Colisão traseira;0;0;0;1;0;1;0;0;0;0;0;1;0;1;0
02/08/2022;20:22:00;326;Sem vítima;275,400;BR-50/MG;Decrescente;Choque;1;0;0;0;0;0;0;0;0;0;5;0;0;0;0
03/08/2022;04:34:00;22;Sem vítima;147,000;BR-50/MG;Decrescente;Colisão traseira;0;0;0;0;0;2;0;0;0;0;1;0;0;0;0
03/08/2022;10:55:00;136;Sem vítima;13,700;BR-50/MG;Crescente;Choque;0;0;0;1;0;1;0;0;0;0;3;0;0;0;0
03/08/2022;14:37:00;203;Sem vítima;128,000;BR-50/MG;Crescente;Choque;0;0;1;0;0;0;0;0;0;0;3;0;0;0;0
04/08/2022;16:22:00;248;Sem vítima;145,100;BR-50/MG;Decrescente;Colisão lateral no mesmo sentido;0;0;0;0;0;2;0;0;0;0;1;0;0;0;0
04/08/2022;18:20:00;282;Com vítima;178,000;BR-50/MG;Crescente;Atropelamento de pedestre;0;0;0;1;0;0;0;0;0;0;0;0;1;0;0
04/08/2022;18:21:00;295;Com vítima;259,850;BR-50/MG;Decrescente;Queda de bicicleta;0;1;0;0;0;0;0;0;0;0;0;1;0;0;0
04/08/2022;20:07:00;311;Sem vítima;21,850;BR-50/MG;Crescente;Colisão lateral no mesmo sentido;0;0;0;0;0;2;0;0;0;0;1;0;0;0;0
05/08/2022;06:04:00;31;Com vítima;180,100;BR-50/MG;Decrescente;Queda de moto;0;0;0;1;0;0;0;0;0;0;0;2;0;0;0
05/08/2022;07:01:00;42;Sem vítima;175,000;BR-50/MG;Crescente;Choque;1;0;0;0;0;0;0;0;0;0;3;0;0;0;0
05/08/2022;16:46:00;264;Sem vítima;21,600;Contorno de Uberlândia/MG;Crescente;Colisão traseira;1;0;0;1;0;0;0;0;0;0;0;0;0;0;0
06/08/2022;07:46:00;71;Com vítima;103,600;BR-50/MG;Crescente;Colisão lateral no mesmo sentido;1;0;0;0;0;1;0;0;0;0;5;1;0;0;0
06/08/2022;17:32:00;285;Com vítima;81,900;BR-50/MG;Crescente;Queda de moto;0;0;0;1;0;0;0;0;0;0;0;1;0;0;0
06/08/2022;17:57:00;290;Com vítima;81,900;BR-50/MG;Decrescente;Colisão traseira;0;0;0;0;0;1;0;0;0;1;1;1;0;0;0
07/08/2022;00:05:00;1;Sem vítima;95,700;BR-50/MG;Decrescente;Queda de moto;0;0;0;1;0;0;0;0;0;0;1;0;0;0;0
07/08/2022;12:12:00;154;Sem vítima;280,200;BR-50/MG;Crescente;Colisão lateral em sentido contrário;2;0;0;0;0;0;0;0;0;0;4;0;0;0;0
07/08/2022;21:26:00;305;Com vítima;261,950;BR-50/MG;Decrescente;Queda de moto;0;0;0;1;0;0;0;0;0;0;0;0;1;0;0
07/08/2022;21:47:00;306;Com vítima;195,500;BR-50/MG;Decrescente;Choque;1;0;0;0;0;0;0;0;0;0;1;2;0;0;0
08/08/2022;09:53:00;105;Sem vítima;192,600;BR-50/MG;Crescente;Capotamento;1;0;0;0;0;0;0;0;0;0;3;0;0;0;0
08/08/2022;12:08:00;165;Sem vítima;182,000;BR-50/MG;Crescente;Colisão traseira;0;0;2;0;0;0;0;0;0;0;2;0;0;0;0
08/08/2022;19:40:00;283;Com vítima;178,000;BR-50/MG;Decrescente;Queda de moto;0;0;0;1;0;0;0;0;0;0;0;0;0;1;0
09/08/2022;00:54:00;9;Com vítima;5,165;Contorno de Uberlândia/MG;Crescente;Atropelamento de animal;0;0;0;1;0;0;0;0;0;0;0;1;0;0;0
09/08/2022;06:31:00;41;Com vítima;151,520;BR-50/MG;Decrescente;Colisão traseira;1;0;0;0;0;1;0;0;0;0;1;1;0;0;0
09/08/2022;11:14:00;161;Sem vítima;144,000;BR-50/MG;Decrescente;Colisão traseira;1;0;0;0;0;0;0;0;0;1;0;0;0;0;0
09/08/2022;11:32:00;169;Com vítima;169,000;BR-50/MG;Decrescente;Capotamento;1;0;0;0;0;0;0;0;0;0;0;1;0;0;0
09/08/2022;12:08:00;183;Sem vítima;184,000;BR-50/MG;Crescente;Colisão lateral no mesmo sentido;0;0;1;0;0;1;0;0;0;0;2;0;0;0;0
09/08/2022;17:35:00;292;Sem vítima;27,300;BR-50/MG;Crescente;Choque;0;0;0;0;0;1;0;0;0;0;1;0;0;0;0
09/08/2022;22:31:00;354;Com vítima;278,700;BR-50/MG;Decrescente;Colisão transversal;1;0;0;1;0;0;0;0;0;0;1;0;1;0;0
09/08/2022;22:54:00;356;Sem vítima;95,600;BR-50/MG;Decrescente;Capotamento;1;0;0;0;0;0;0;0;0;0;0;0;0;0;0
10/08/2022;05:42:00;17;Com vítima;29,060;BR-50/MG;Decrescente;Choque;0;0;1;0;0;0;0;0;0;0;1;1;0;0;0
10/08/2022;06:36:00;22;Sem vítima;179,200;BR-50/MG;Crescente;Choque;1;0;0;0;0;0;0;0;0;1;1;0;0;0;0
10/08/2022;10:48:00;100;Com vítima;97,800;BR-50/MG;Crescente;Colisão transversal;0;0;0;0;0;0;0;0;0;2;2;2;0;0;0
10/08/2022;12:31:00;141;Sem vítima;177,900;BR-50/MG;Decrescente;Colisão traseira;0;0;0;0;0;1;0;0;0;1;2;0;0;0;0
10/08/2022;14:03:00;156;Sem vítima;180,000;BR-50/MG;Decrescente;Colisão lateral no mesmo sentido;1;0;1;0;0;0;0;0;0;0;2;0;0;0;0
10/08/2022;22:52:00;279;Sem vítima;95,700;BR-50/MG;Crescente;Capotamento;0;0;0;0;0;0;0;0;0;1;1;0;0;0;0
11/08/2022;15:00:00;182;Sem vítima;24,880;BR-50/MG;Crescente;Tombamento;0;0;0;0;0;1;0;0;0;0;1;0;0;0;0
12/08/2022;11:07:00;130;Com vítima;101,000;BR-50/MG;Decrescente;Capotamento;0;0;0;0;0;1;0;0;0;1;11;2;1;0;0
12/08/2022;19:47:00;316;Com vítima;62,900;BR-50/MG;Decrescente;Colisão traseira;0;0;0;0;0;0;0;0;0;2;2;2;1;0;0
12/08/2022;20:23:00;327;Sem vítima;63,500;BR-50/MG;Decrescente;Choque;1;0;1;0;0;0;0;0;0;0;2;0;0;0;0
13/08/2022;03:45:00;36;Com vítima;280,400;BR-50/MG;Decrescente;Choque;1;0;0;0;0;1;0;0;0;0;1;1;1;0;0
13/08/2022;11:11:00;157;Com vítima;175,200;BR-50/MG;Crescente;Queda de moto;0;0;0;1;0;0;0;0;0;0;0;1;0;0;0
13/08/2022;13:25:00;199;Sem vítima;141,000;BR-50/MG;Crescente;Atropelamento de animal;0;0;0;0;0;0;0;0;0;1;1;0;0;0;0
15/08/2022;03:22:00;15;Com vítima;16,970;BR-50/MG;Decrescente;Tombamento;0;0;1;0;0;0;0;0;0;0;0;0;1;0;0
15/08/2022;09:02:00;67;Com vítima;166,750;BR-50/MG;Decrescente;Queda de moto;0;0;0;1;0;0;0;0;0;0;0;0;1;0;0
15/08/2022;13:13:00;130;Sem vítima;169,000;BR-50/MG;Decrescente;Tombamento;0;0;1;0;0;0;0;0;0;0;1;0;0;0;0
15/08/2022;14:14:00;143;Sem vítima;123,650;BR-50/MG;Decrescente;Tombamento;0;0;0;0;0;1;0;0;0;0;1;0;0;0;0
15/08/2022;16:41:00;195;Sem vítima;23,100;BR-50/MG;Crescente;Capotamento;1;0;0;0;0;0;0;0;0;0;1;0;0;0;0
15/08/2022;17:11:00;211;Com vítima;116,800;BR-50/MG;Decrescente;Capotamento;1;0;0;0;0;0;0;0;0;0;0;3;0;0;0
16/08/2022;03:48:00;24;Com vítima;247,800;BR-50/MG;Crescente;Tombamento;0;0;0;0;0;1;0;0;0;0;0;2;0;0;0
16/08/2022;05:51:00;36;Com vítima;261,730;BR-50/MG;Crescente;Colisão traseira;0;0;2;0;0;0;0;0;0;0;0;2;0;0;0
16/08/2022;06:47:00;48;Sem vítima;6,520;BR-50/MG;Crescente;Choque;0;0;0;0;0;0;0;0;0;1;2;0;0;0;0
16/08/2022;10:38:00;150;Sem vítima;147,000;BR-50/MG;Decrescente;Choque;0;0;0;0;0;1;0;0;0;0;1;0;0;0;0
16/08/2022;13:18:00;205;Sem vítima;17,080;BR-50/MG;Crescente;Choque;0;0;0;0;0;0;0;0;0;1;1;0;0;0;0
17/08/2022;00:09:00;1;Sem vítima;156,100;BR-50/MG;Decrescente;Choque;0;0;1;0;0;0;0;0;0;0;1;0;0;0;0
17/08/2022;05:14:00;19;Com vítima;80,350;BR-50/MG;Decrescente;Colisão traseira;0;0;1;0;0;1;0;0;0;0;1;0;1;0;0
17/08/2022;09:31:00;95;Com vítima;178,030;BR-50/MG;Crescente;Choque;0;0;0;0;0;0;0;0;0;1;0;1;0;0;0
17/08/2022;15:03:00;212;Com vítima;19,800;BR-50/MG;Decrescente;Capotamento;0;0;1;0;0;0;0;0;0;0;0;0;1;0;0
18/08/2022;12:48:00;222;Sem vítima;271,700;BR-50/MG;Crescente;Tombamento;0;0;0;0;0;1;0;0;0;1;1;0;0;0;0
18/08/2022;15:22:00;280;Sem vítima;173,500;BR-50/MG;Decrescente;Choque;1;0;0;0;0;0;0;0;0;0;3;0;0;0;0
18/08/2022;16:03:00;302;Sem vítima;284,900;BR-50/MG;Crescente;Queda de bicicleta;0;1;0;0;0;0;0;0;0;0;1;0;0;0;0
18/08/2022;16:56:00;323;Com vítima;104,300;BR-50/MG;Decrescente;Colisão traseira;0;0;1;0;0;1;0;0;0;0;0;2;0;0;1
19/08/2022;05:43:00;25;Sem vítima;152,450;BR-50/MG;Decrescente;Choque;0;0;0;0;0;0;0;0;0;1;3;0;0;0;0
19/08/2022;08:56:00;69;Sem vítima;10,000;Contorno de Uberlândia/MG;Crescente;Choque;1;0;0;0;0;0;0;0;0;0;2;0;0;0;0
19/08/2022;23:05:00;346;Sem vítima;177,000;BR-50/MG;Crescente;Choque;0;0;0;0;0;0;0;0;0;1;1;0;0;0;0
20/08/2022;09:10:00;98;Com vítima;13,550;Contorno de Uberlândia/MG;Decrescente;Queda de bicicleta;0;1;0;0;0;0;0;0;1;0;0;2;0;0;0
20/08/2022;10:52:00;138;Com vítima;82,150;BR-50/MG;Decrescente;Colisão traseira;0;0;1;0;0;1;0;0;0;0;1;0;1;0;0
20/08/2022;16:57:00;258;Com vítima;115,400;BR-50/MG;Crescente;Capotamento;1;0;0;0;0;0;0;0;0;0;0;1;1;0;0
20/08/2022;17:05:00;261;Sem vítima;192,900;BR-50/MG;Crescente;Colisão traseira;0;0;0;0;0;2;0;0;0;0;1;0;0;0;0
20/08/2022;21:41:00;331;Com vítima;176,500;BR-50/MG;Decrescente;Colisão traseira;1;0;0;0;0;0;0;0;0;1;0;2;0;0;0
21/08/2022;00:14:00;4;Com vítima;244,000;BR-50/MG;Decrescente;Choque;1;0;0;0;0;0;0;0;0;0;0;1;0;0;0
21/08/2022;09:04:00;84;Com vítima;233,700;BR-50/MG;Decrescente;Colisão lateral no mesmo sentido;0;0;0;0;0;2;0;0;0;0;0;1;0;0;0
22/08/2022;11:38:00;176;Sem vítima;198,300;BR-50/MG;Crescente;Choque;1;0;0;0;0;0;0;0;0;0;3;0;0;0;0
22/08/2022;14:01:00;215;Com vítima;1,700;BR-50/MG;Decrescente;Acidentes de outra natureza;2;0;0;0;0;1;0;0;0;0;2;3;4;0;0
22/08/2022;20:25:00;312;Com vítima;3,100;Contorno de Uberlândia/MG;Decrescente;Atropelamento de animal;0;0;0;0;0;0;0;0;0;1;0;1;0;0;0
23/08/2022;12:28:00;150;Com vítima;173,450;BR-50/MG;Decrescente;Colisão lateral no mesmo sentido;0;0;0;1;0;1;0;0;0;0;0;1;0;0;0
23/08/2022;14:58:00;189;Com vítima;162,950;BR-50/MG;Crescente;Queda de moto;0;0;0;1;0;0;0;0;0;0;0;1;0;0;0
23/08/2022;18:35:00;263;Sem vítima;172,500;BR-50/MG;Decrescente;Engavetamento;3;0;0;0;0;0;0;0;0;0;5;0;0;0;0
23/08/2022;19:31:00;275;Sem vítima;168,400;BR-50/MG;Crescente;Colisão traseira;0;0;0;0;0;1;0;0;0;1;1;0;0;0;0
24/08/2022;03:40:00;17;Sem vítima;103,800;BR-50/MG;Decrescente;Colisão traseira;2;0;0;0;0;0;0;0;0;0;2;0;0;0;0
24/08/2022;05:07:00;22;Com vítima;203,400;BR-50/MG;Decrescente;Colisão traseira;0;0;0;0;0;1;0;0;0;1;0;1;0;0;0
24/08/2022;11:01:00;137;Sem vítima;51,000;BR-50/MG;Decrescente;Colisão traseira;1;0;0;0;0;0;0;0;0;1;2;0;0;0;0
24/08/2022;18:50:00;277;Com vítima;279,000;BR-50/MG;Crescente;Atropelamento de pedestre;0;0;0;1;0;0;0;0;0;0;1;1;0;0;0
25/08/2022;03:02:00;20;Sem vítima;179,700;BR-50/MG;Crescente;Tombamento;0;0;1;0;0;1;0;0;0;0;2;0;0;0;0
25/08/2022;05:45:00;33;Sem vítima;132,000;BR-50/MG;Crescente;Tombamento;0;0;0;0;0;0;0;0;0;1;6;0;0;0;0
25/08/2022;18:51:00;338;Sem vítima;272,000;BR-50/MG;Decrescente;Atropelamento de animal;1;0;0;0;0;0;0;0;0;0;1;0;0;0;0
25/08/2022;19:43:00;352;Com vítima;124,280;BR-50/MG;Decrescente;Colisão lateral no mesmo sentido;0;0;0;0;0;2;0;0;0;0;1;1;0;0;0
26/08/2022;01:44:00;16;Com vítima;106,500;BR-50/MG;Decrescente;Tombamento;0;0;0;0;0;1;0;0;0;0;0;1;0;0;0
26/08/2022;08:01:00;64;Sem vítima;312,760;BR-50/MG;Crescente;Colisão traseira;1;0;0;0;0;0;0;0;0;1;6;0;0;0;0
26/08/2022;18:20:00;317;Sem vítima;93,100;BR-50/MG;Crescente;Colisão transversal;1;0;0;0;0;1;0;0;0;0;4;0;0;0;0
27/08/2022;01:56:00;16;Com vítima;169,300;BR-50/MG;Crescente;Queda de moto;0;0;0;1;0;0;0;0;0;0;0;1;0;0;0
27/08/2022;14:36:00;190;Sem vítima;9,200;BR-50/MG;Crescente;Colisão traseira;0;0;1;0;0;1;0;0;0;0;0;0;0;0;0
27/08/2022;18:35:00;260;Sem vítima;178,000;BR-50/MG;Decrescente;Choque;1;0;0;0;0;0;0;0;0;0;2;0;0;0;0