data;horario;n_da_ocorrencia;tipo_de_ocorrencia;km;trecho;sentido;tipo_de_acidente;automovel;bicicleta;caminhao;moto;onibus;outros;tracao_animal;transporte_de_cargas_especiais;trator_maquinas;utilitarios;ilesos;levemente_feridos;moderadamente_feridos;gravemente_feridos;mortos
07/10/2022;21:35:00;351;Sem vítima;87,900;BR-50/MG;Crescente;Choque;1;0;0;0;0;0;0;0;0;0;3;0;0;0;0
08/10/2022;07:12:00;58;Com vítima;29,700;BR-50/MG;Decrescente;Colisão traseira;1;0;0;0;0;1;0;0;0;0;0;1;0;0;0
08/10/2022;07:58:00;78;Sem vítima;51,700;BR-50/MG;Crescente;Colisão traseira;2;0;0;0;0;0;0;0;0;0;4;0;0;0;0
08/10/2022;14:10:00;269;Sem vítima;28,600;BR-50/MG;Decrescente;Choque;0;0;0;0;0;0;0;0;0;1;1;0;0;0;0
08/10/2022;19:17:00;378;Sem vítima;252,000;BR-50/MG;Decrescente;Colisão frontal;1;0;0;0;0;1;0;0;0;0;2;0;0;0;0
10/10/2022;05:59:00;22;Sem vítima;1,000;BR-50/MG;Decrescente;Choque;1;0;0;0;0;0;0;0;0;0;1;0;0;0;0
10/10/2022;07:05:00;35;Com vítima;179,390;BR-50/MG;Crescente;Queda de moto;0;0;0;1;0;0;0;0;0;0;0;0;1;0;0
11/10/2022;07:08:00;53;Sem vítima;280,950;BR-50/MG;Decrescente;Colisão transversal;1;0;0;0;0;1;0;0;0;0;2;0;0;0;0
11/10/2022;08:50:00;82;Sem vítima;178,300;BR-50/MG;Decrescente;Colisão traseira;0;0;1;0;0;1;0;0;0;0;2;0;0;0;0
11/10/2022;18:21:00;304;Com vítima;161,000;BR-50/MG;Crescente;Capotamento;1;0;0;0;0;0;0;0;0;0;0;0;1;0;0
12/10/2022;03:16:00;33;Sem vítima;162,000;BR-50/MG;Decrescente;Tombamento;0;0;0;0;0;1;0;0;0;0;1;0;0;0;0
12/10/2022;19:27:00;352;Sem vítima;235,500;BR-50/MG;Crescente;Choque;1;0;0;0;0;0;0;0;0;0;3;0;0;0;0
12/10/2022;20:22:00;371;Com vítima;106,180;BR-50/MG;Decrescente;Choque;0;0;0;0;0;1;0;0;0;0;0;1;0;0;0
13/10/2022;00:21:00;2;Sem vítima;161,800;BR-50/MG;Decrescente;Choque;0;0;0;0;0;1;0;0;0;0;1;0;0;0;0
13/10/2022;14:20:00;241;Com vítima;57,400;BR-50/MG;Decrescente;Choque;1;0;0;0;0;0;0;0;0;0;0;1;0;0;0
13/10/2022;19:10:00;366;Com vítima;174,000;BR-50/MG;Crescente;Atropelamento de pedestre;1;0;0;0;0;0;0;0;0;0;2;0;1;0;0
13/10/2022;21:55:00;413;Com vítima;92,250;BR-50/MG;Decrescente;Choque;0;0;0;0;0;0;0;0;0;1;1;0;1;0;0
14/10/2022;08:57:00;85;Sem vítima;114,150;BR-50/MG;Decrescente;Colisão traseira;1;0;1;0;0;0;0;0;0;0;4;0;0;0;0
14/10/2022;12:54:00;177;Com vítima;61,060;BR-50/MG;Decrescente;Queda de moto;0;0;0;1;0;0;0;0;0;0;0;1;0;0;0
15/10/2022;09:48:00;117;Sem vítima;60,800;BR-50/MG;Crescente;Choque;0;0;0;0;0;0;0;0;0;1;1;0;0;0;0
15/10/2022;10:51:00;141;Sem vítima;85,300;BR-50/MG;Crescente;Colisão traseira;0;0;1;0;0;1;0;0;0;0;2;0;0;0;0
15/10/2022;13:43:00;189;Sem vítima;58,950;BR-50/MG;Crescente;Choque;1;0;0;0;0;0;0;0;0;0;1;0;0;0;0
15/10/2022;15:59:00;231;Sem vítima;51,300;BR-50/MG;Crescente;Colisão traseira;2;0;0;0;0;0;0;0;0;0;5;0;0;0;0
15/10/2022;18:39:00;290;Sem vítima;80,800;BR-50/MG;Crescente;Choque;1;0;0;0;0;0;0;0;0;0;1;0;0;0;0
15/10/2022;18:50:00;293;Sem vítima;311,800;BR-50/MG;Crescente;Choque;1;0;0;0;0;0;0;0;0;0;1;0;0;0;0
16/10/2022;12:29:00;182;Com vítima;16,800;Contorno de Uberlândia/MG;Crescente;Engavetamento;2;0;0;0;0;2;0;0;0;0;4;0;1;0;0
16/10/2022;17:06:00;272;Sem vítima;154,000;BR-50/MG;Crescente;Choque;1;0;0;0;0;0;0;0;0;0;1;0;0;0;0
16/10/2022;19:28:00;318;Sem vítima;51,800;BR-50/MG;Crescente;Colisão transversal;1;0;0;0;0;1;0;0;0;0;3;0;0;0;0
16/10/2022;20:01:00;325;Com vítima;206,500;BR-50/MG;Decrescente;Colisão traseira;0;0;0;2;0;0;0;0;0;0;0;0;2;0;0
16/10/2022;22:31:00;363;Com vítima;106,800;BR-50/MG;Decrescente;Tombamento;0;0;1;0;0;0;0;0;0;0;0;0;1;0;0
17/10/2022;01:29:00;8;Sem vítima;176,200;BR-50/MG;Crescente;Colisão traseira;0;0;0;0;1;1;0;0;0;0;3;0;0;0;0
17/10/2022;10:42:00;191;Sem vítima;105,000;BR-50/MG;Crescente;Choque;1;0;0;0;0;1;0;0;0;0;2;0;0;0;0
18/10/2022;06:48:00;44;Sem vítima;18,400;Contorno de Uberlândia/MG;Decrescente;Colisão traseira;1;1;0;0;0;0;0;0;0;0;2;0;0;0;0
18/10/2022;06:58:00;50;Com vítima;171,000;BR-50/MG;Decrescente;Colisão traseira;1;0;0;1;0;0;0;0;0;0;1;1;0;0;0
18/10/2022;10:19:00;158;Sem vítima;171,700;BR-50/MG;Decrescente;Engavetamento;1;0;0;0;1;1;0;0;0;1;38;0;0;0;0
18/10/2022;17:05:00;317;Sem vítima;280,500;BR-50/MG;Crescente;Colisão traseira;0;0;0;1;0;1;0;0;0;0;3;0;0;0;0
18/10/2022;18:09:00;335;Sem vítima;279,000;BR-50/MG;Decrescente;Colisão traseira;0;0;0;0;0;1;0;0;0;1;2;0;0;0;0
18/10/2022;22:27:00;390;Com vítima;274,120;BR-50/MG;Decrescente;Colisão traseira;1;0;0;0;0;1;0;0;0;0;1;0;1;0;0
19/10/2022;09:11:00;112;Sem vítima;97,160;BR-50/MG;Crescente;Colisão traseira;0;0;1;0;0;1;0;0;0;0;0;0;0;0;0
19/10/2022;11:59:00;183;Com vítima;176,950;BR-50/MG;Decrescente;Atropelamento de pedestre;0;0;0;0;0;1;0;0;0;0;1;0;0;0;1
19/10/2022;15:50:00;271;Sem vítima;55,500;BR-50/MG;Decrescente;Tombamento;0;0;0;0;0;1;0;0;0;0;1;0;0;0;0
19/10/2022;15:53:00;273;Sem vítima;243,400;BR-50/MG;Decrescente;Choque;1;0;0;0;0;0;0;0;0;0;1;0;0;0;0
19/10/2022;16:04:00;282;Sem vítima;13,700;BR-50/MG;Decrescente;Choque;1;0;0;0;0;1;0;0;0;0;2;0;0;0;0
19/10/2022;16:42:00;299;Sem vítima;154,000;BR-50/MG;Crescente;Colisão lateral no mesmo sentido;0;0;1;0;0;0;0;0;0;1;5;0;0;0;0
19/10/2022;21:27:00;379;Sem vítima;192,500;BR-50/MG;Crescente;Colisão traseira;0;0;0;0;0;2;0;0;0;0;2;0;0;0;0
20/10/2022;04:50:00;28;Com vítima;3,500;BR-50/MG;Crescente;Colisão traseira;0;0;1;0;0;1;0;0;0;0;1;0;1;0;0
20/10/2022;07:27:00;66;Com vítima;192,880;BR-50/MG;Decrescente;Capotamento;0;0;0;0;0;1;0;0;0;0;0;0;0;1;0
20/10/2022;11:23:00;197;Com vítima;157,000;BR-50/MG;Decrescente;Tombamento;0;0;1;0;0;0;0;0;0;0;0;0;1;0;0
20/10/2022;14:44:00;272;Sem vítima;157,700;BR-50/MG;Decrescente;Colisão traseira;0;0;0;0;0;1;0;0;0;1;3;0;0;0;0
20/10/2022;19:39:00;364;Sem vítima;167,000;BR-50/MG;Decrescente;Choque;1;0;0;0;0;0;0;0;0;0;4;0;0;0;0
20/10/2022;22:21:00;396;Com vítima;182,000;BR-50/MG;Decrescente;Colisão traseira;1;0;0;0;0;0;0;0;0;1;1;1;0;0;0
21/10/2022;01:06:00;4;Sem vítima;207,000;BR-50/MG;Decrescente;Choque;0;0;1;0;0;0;0;0;0;0;1;0;0;0;0
21/10/2022;01:42:00;8;Com vítima;173,000;BR-50/MG;Decrescente;Tombamento;0;0;1;0;0;0;0;0;0;0;0;1;0;0;0
21/10/2022;05:18:00;23;Sem vítima;35,300;BR-50/MG;Decrescente;Choque;1;0;0;0;0;0;0;0;0;0;2;0;0;0;0
21/10/2022;06:19:00;35;Com vítima;206,500;BR-50/MG;Crescente;Choque;0;0;1;0;0;0;0;0;0;0;0;1;0;0;0
21/10/2022;06:53:00;51;Sem vítima;173,600;BR-50/MG;Decrescente;Engavetamento;2;0;0;0;0;1;0;0;0;0;3;0;0;0;0
21/10/2022;08:26:00;97;Com vítima;39,650;BR-50/MG;Crescente;Choque;0;0;0;0;0;0;0;0;0;1;0;1;0;0;0
21/10/2022;09:54:00;135;Sem vítima;16,960;BR-50/MG;Crescente;Choque;0;0;0;0;0;0;0;0;0;1;2;0;0;0;0
21/10/2022;12:04:00;185;Sem vítima;198,060;BR-50/MG;Decrescente;Colisão traseira;1;0;0;0;0;1;0;0;0;0;3;0;0;0;0
21/10/2022;12:52:00;196;Sem vítima;280,500;BR-50/MG;Crescente;Colisão lateral no mesmo sentido;0;0;0;0;0;1;0;0;0;1;2;0;0;0;0
22/10/2022;20:54:00;334;Sem vítima;128,800;BR-50/MG;Crescente;Tombamento;0;0;0;0;0;1;0;0;0;0;1;0;0;0;0
22/10/2022;22:26:00;361;Com vítima;7,000;BR-50/MG;Crescente;Choque;0;0;0;0;0;0;0;0;0;1;0;1;0;0;0
23/10/2022;01:04:00;10;Sem vítima;7,000;Contorno de Uberlândia/MG;Crescente;Choque;1;0;0;0;0;0;0;0;0;0;1;0;0;0;0
23/10/2022;02:44:00;16;Sem vítima;128,000;BR-50/MG;Decrescente;Choque;1;0;0;0;0;0;0;0;0;0;1;0;0;0;0
23/10/2022;05:42:00;32;Sem vítima;214,500;BR-50/MG;Crescente;Choque;0;0;1;0;0;0;0;0;0;0;2;0;0;0;0
23/10/2022;12:03:00;165;Com vítima;87,800;BR-50/MG;Decrescente;Capotamento;1;0;0;0;0;0;0;0;0;0;0;2;2;0;0
23/10/2022;12:17:00;169;Sem vítima;60,260;BR-50/MG;Crescente;Choque;1;0;0;0;0;0;0;0;0;0;1;0;0;0;0
23/10/2022;15:46:00;229;Com vítima;192,300;BR-50/MG;Crescente;Choque;0;0;0;0;0;0;0;0;0;1;1;1;0;0;0
24/10/2022;09:06:00;143;Com vítima;175,600;BR-50/MG;Decrescente;Choque;1;0;0;0;0;0;0;0;0;0;2;1;0;0;0
24/10/2022;11:49:00;224;Sem vítima;106,600;BR-50/MG;Decrescente;Choque;0;0;0;0;0;1;0;0;0;0;1;0;0;0;0
24/10/2022;15:39:00;311;Com vítima;54,400;BR-50/MG;Crescente;Tombamento;0;0;0;0;0;1;0;0;0;0;0;1;1;0;0
24/10/2022;16:59:00;343;Sem vítima;156,000;BR-50/MG;Decrescente;Colisão traseira;0;0;0;0;0;0;0;0;0;2;3;0;0;0;0
24/10/2022;17:12:00;349;Sem vítima;151,900;BR-50/MG;Crescente;Acidentes de outra natureza;1;0;0;0;0;0;0;0;0;0;1;0;0;0;0
24/10/2022;17:21:00;353;Com vítima;59,000;BR-50/MG;Crescente;Colisão traseira;0;0;0;0;0;1;0;0;0;1;1;0;1;0;0
25/10/2022;02:15:00;22;Com vítima;101,000;BR-50/MG;Decrescente;Capotamento;0;0;1;0;0;0;0;0;0;0;0;0;0;1;0
25/10/2022;12:51:00;223;Com vítima;169,150;BR-50/MG;Decrescente;Engavetamento;1;0;1;0;0;1;0;0;0;0;1;0;1;1;0
25/10/2022;13:44:00;238;Com vítima;7,000;Contorno de Uberlândia/MG;Crescente;Colisão traseira;0;0;2;0;0;0;0;0;0;0;1;1;0;0;0
25/10/2022;15:26:00;270;Com vítima;105,650;BR-50/MG;Decrescente;Capotamento;1;0;0;0;0;0;0;0;0;0;0;1;0;0;0
25/10/2022;16:45:00;290;Sem vítima;88,800;BR-50/MG;Crescente;Engavetamento;0;0;1;0;0;2;0;0;0;0;3;0;0;0;0
25/10/2022;19:41:00;321;Com vítima;29,920;BR-50/MG;Decrescente;Capotamento;1;0;0;0;0;0;0;0;0;0;0;2;0;0;0
25/10/2022;20:24:00;332;Sem vítima;59,100;BR-50/MG;Crescente;Choque;0;0;0;0;0;1;0;0;0;1;4;0;0;0;0
25/10/2022;20:34:00;337;Sem vítima;57,000;BR-50/MG;Crescente;Choque;0;0;0;0;0;1;0;0;0;1;0;0;0;0;0
26/10/2022;13:56:00;265;Com vítima;63,000;BR-50/MG;Crescente;Choque;1;0;0;0;0;0;0;0;0;0;1;1;0;0;0
26/10/2022;17:13:00;332;Com vítima;0,500;BR-50/MG;Crescente;Colisão frontal;0;0;0;1;0;1;0;0;0;0;1;0;0;1;0
27/10/2022;08:06:00;99;Com vítima;172,850;BR-50/MG;Decrescente;Engavetamento;1;0;0;1;0;0;0;0;0;1;2;1;0;0;0
27/10/2022;13:54:00;249;Sem vítima;176,200;BR-50/MG;Decrescente;Choque;0;0;1;0;0;0;0;0;0;0;1;0;0;0;0
28/10/2022;01:26:00;14;Com vítima;104,000;BR-50/MG;Decrescente;Choque;1;0;0;0;0;0;0;0;0;0;1;1;0;0;0
28/10/2022;05:37:00;36;Com vítima;119,000;BR-50/MG;Crescente;Capotamento;1;0;0;0;0;0;0;0;0;0;2;2;0;0;0
28/10/2022;10:26:00;193;Com vítima;172,000;BR-50/MG;Decrescente;Tombamento;0;0;1;0;0;0;0;0;0;0;2;0;1;0;0
28/10/2022;15:21:00;307;Sem vítima;116,000;BR-50/MG;Decrescente;Tombamento;0;0;0;0;0;0;0;0;0;1;1;0;0;0;0
28/10/2022;16:30:00;329;Sem vítima;29,800;BR-50/MG;Decrescente;Choque;1;0;0;0;0;0;0;0;0;0;4;0;0;0;0
28/10/2022;23:23:00;448;Com vítima;118,950;BR-50/MG;Decrescente;Colisão traseira;1;0;0;0;0;1;0;0;0;0;0;1;0;0;0
29/10/2022;08:37:00;89;Com vítima;164,900;BR-50/MG;Decrescente;Atropelamento de pedestre;0;0;1;0;0;0;0;0;0;0;1;1;0;0;0
29/10/2022;09:35:00;118;Com vítima;52,000;BR-50/MG;Decrescente;Colisão lateral no mesmo sentido;1;0;0;1;0;1;0;0;0;0;3;0;1;0;0
29/10/2022;13:11:00;200;Com vítima;162,400;BR-50/MG;Decrescente;Capotamento;1;0;0;0;0;0;0;0;0;0;3;0;1;0;0
29/10/2022;15:27:00;237;Sem vítima;78,020;BR-50/MG;Crescente;Colisão traseira;1;0;0;0;0;1;0;0;0;0;6;0;0;0;0
29/10/2022;15:49:00;242;Com vítima;105,100;BR-50/MG;Decrescente;Capotamento;1;0;0;0;0;0;0;0;0;0;0;2;0;0;0
29/10/2022;16:16:00;252;Sem vítima;177,300;BR-50/MG;Crescente;Choque;1;0;0;0;0;0;0;0;0;0;1;0;0;0;0
29/10/2022;17:29:00;267;Sem vítima;59,800;BR-50/MG;Crescente;Choque;1;0;0;0;0;0;0;0;0;0;1;0;0;0;0
29/10/2022;19:07:00;287;Com vítima;18,000;Contorno de Uberlândia/MG;Crescente;Queda de moto;0;0;0;1;0;0;0;0;0;0;0;0;1;0;0
30/10/2022;00:13:00;3;Com vítima;178,000;BR-50/MG;Crescente;Colisão traseira;0;0;0;1;0;1;0;0;0;0;0;1;0;0;0
30/10/2022;00:24:00;6;Sem vítima;178,000;BR-50/MG;Crescente;Choque;0;0;0;1;0;1;0;0;0;0;0;0;0;0;0
30/10/2022;01:22:00;12;Com vítima;40,000;BR-50/MG;Crescente;Choque;1;0;0;0;0;0;0;0;0;0;0;1;0;0;0
30/10/2022;04:06:00;25;Sem vítima;147,000;BR-50/MG;Decrescente;Capotamento;1;0;0;0;0;0;0;0;0;0;1;0;0;0;0
30/10/2022;10:08:00;122;Com vítima;96,600;BR-50/MG;Crescente;Colisão traseira;1;0;0;0;0;0;0;0;0;1;3;2;0;0;0
30/10/2022;13:25:00;202;Com vítima;91,100;BR-50/MG;Decrescente;Capotamento;1;0;0;0;0;0;0;0;0;0;0;2;0;0;0
30/10/2022;13:31:00;204;Sem vítima;246,190;BR-50/MG;Crescente;Choque;1;0;0;0;0;0;0;0;0;0;1;0;0;0;0
30/10/2022;17:26:00;282;Sem vítima;0,700;BR-50/MG;Decrescente;Choque;0;0;0;0;0;1;0;0;0;0;1;0;0;0;0
30/10/2022;20:20:00;324;Com vítima;168,070;BR-50/MG;Crescente;Choque;0;0;1;1;0;0;0;0;0;0;0;0;1;0;0
31/10/2022;08:05:00;92;Com vítima;280,000;BR-50/MG;Crescente;Colisão lateral no mesmo sentido;0;0;0;1;0;0;0;0;0;1;3;1;0;0;0
31/10/2022;11:31:00;167;Com vítima;59,400;BR-50/MG;Crescente;Choque;0;0;0;0;0;0;0;0;0;1;1;4;0;0;0
31/10/2022;12:07:00;185;Sem vítima;36,940;BR-50/MG;Crescente;Choque;1;0;0;0;0;0;0;0;0;0;1;0;0;0;0
31/10/2022;12:27:00;193;Com vítima;268,120;BR-50/MG;Decrescente;Capotamento;0;0;0;0;0;0;0;0;0;1;0;1;0;0;0
31/10/2022;13:21:00;206;Sem vítima;140,000;BR-50/MG;Crescente;Choque;0;0;0;0;0;1;0;0;0;0;1;0;0;0;0
31/10/2022;14:14:00;217;Sem vítima;130,000;BR-50/MG;Crescente;Choque;0;0;1;0;0;0;0;0;0;0;1;0;0;0;0
31/10/2022;20:53:00;305;Com vítima;168,000;BR-50/MG;Crescente;Choque;1;0;0;0;0;0;0;0;0;0;1;1;0;0;0
01/11/2022;00:51:00;6;Com vítima;249,540;BR-50/MG;Crescente;Tombamento;0;0;0;0;0;1;0;0;0;0;0;2;0;0;0
01/11/2022;04:39:00;19;Com vítima;176,000;BR-50/MG;Crescente;Atropelamento de pedestre;0;0;0;0;0;1;0;0;0;0;0;0;1;0;0
01/11/2022;18:14:00;194;Sem vítima;176,500;BR-50/MG;Decrescente;Colisão traseira;1;0;0;0;0;1;0;0;0;0;2;0;0;0;0
01/11/2022;21:30:00;234;Com vítima;176,000;BR-50/MG;Decrescente;Colisão traseira;1;0;0;1;0;0;0;0;0;0;2;1;0;0;0
02/11/2022;01:32:00;10;Com vítima;133,700;BR-50/MG;Crescente;Capotamento;0;0;0;0;0;0;0;0;0;1;1;2;1;0;0
02/11/2022;11:38:00;124;Sem vítima;17,500;Contorno de Uberlândia/MG;Crescente;Colisão traseira;1;0;0;0;0;0;0;0;0;1;2;0;0;0;0
02/11/2022;16:58:00;208;Com vítima;79,300;BR-50/MG;Crescente;Choque;1;0;0;0;0;0;0;0;0;0;0;1;0;0;0
02/11/2022;17:35:00;213;Sem vítima;166,000;BR-50/MG;Decrescente;Choque;1;0;0;0;0;0;0;0;0;0;2;0;0;0;0
03/11/2022;07:03:00;33;Com vítima;307,250;BR-50/MG;Decrescente;Colisão traseira;2;0;0;0;0;0;0;0;0;0;3;0;1;0;0
03/11/2022;17:56:00;257;Sem vítima;192,000;BR-50/MG;Crescente;Colisão traseira;0;0;2;0;0;0;0;0;0;0;2;0;0;0;0
03/11/2022;21:19:00;293;Com vítima;184,000;BR-50/MG;Crescente;Colisão traseira;0;0;0;0;0;1;0;0;0;1;1;1;0;0;0
04/11/2022;06:24:00;35;Com vítima;51,000;BR-50/MG;Crescente;Tombamento;0;0;0;0;0;1;0;0;0;0;0;1;0;0;0
04/11/2022;07:58:00;65;Com vítima;171,400;BR-50/MG;Decrescente;Queda de moto;0;0;0;1;0;0;0;0;0;0;0;1;0;0;0
04/11/2022;10:39:00;152;Sem vítima;190,500;BR-50/MG;Decrescente;Engavetamento;1;0;0;0;0;0;0;0;0;2;3;0;0;0;0
04/11/2022;14:09:00;220;Com vítima;104,900;BR-50/MG;Decrescente;Colisão traseira;1;0;0;0;0;0;0;0;0;1;2;1;0;0;0
04/11/2022;15:20:00;247;Com vítima;152,750;BR-50/MG;Decrescente;Colisão traseira;2;0;0;0;0;0;0;0;0;0;1;1;1;0;0
05/11/2022;13:12:00;168;Com vítima;6,645;BR-50/MG;Crescente;Choque;1;0;0;0;0;0;0;0;0;0;0;1;0;0;0
06/11/2022;06:06:00;28;Com vítima;62,680;BR-50/MG;Decrescente;Colisão transversal;1;0;0;0;0;1;0;0;0;0;1;1;2;1;0
06/11/2022;06:15:00;31;Sem vítima;62,550;BR-50/MG;Decrescente;Choque;1;0;0;0;0;0;0;0;0;1;2;0;0;0;0
06/11/2022;09:36:00;117;Com vítima;27,820;BR-50/MG;Crescente;Queda de moto;0;0;0;1;0;0;0;0;0;0;0;0;1;0;0
06/11/2022;09:56:00;129;Sem vítima;18,500;Contorno de Uberlândia/MG;Crescente;Capotamento;0;0;1;0;0;0;0;0;0;0;1;0;0;0;0
06/11/2022;13:28:00;193;Sem vítima;34,100;BR-50/MG;Decrescente;Colisão traseira;1;0;0;0;0;0;0;0;0;1;9;0;0;0;0
06/11/2022;15:59:00;241;Sem vítima;99,100;BR-50/MG;Decrescente;Colisão traseira;2;0;0;0;0;0;0;0;0;0;4;0;0;0;0
07/11/2022;04:57:00;31;Sem vítima;203,900;BR-50/MG;Decrescente;Choque;0;0;1;0;0;0;0;0;0;0;1;0;0;0;0
07/11/2022;17:55:00;245;Sem vítima;174,000;BR-50/MG;Decrescente;Colisão traseira;1;0;0;0;0;0;0;0;0;1;4;0;0;0;0
07/11/2022;18:50:00;268;Com vítima;174,000;BR-50/MG;Crescente;Colisão traseira;0;1;0;0;0;1;0;0;0;0;0;0;0;0;1
07/11/2022;19:33:00;281;Sem vítima;265,000;BR-50/MG;Crescente;Capotamento;1;0;0;0;0;0;0;0;0;0;2;0;0;0;0
08/11/2022;02:56:00;21;Sem vítima;133,000;BR-50/MG;Decrescente;Choque;0;0;0;0;0;0;0;0;0;1;1;0;0;0;0
08/11/2022;11:07:00;141;Com vítima;134,000;BR-50/MG;Decrescente;Queda de moto;0;0;0;1;0;0;0;0;0;0;0;1;0;0;0
08/11/2022;11:51:00;153;Com vítima;180,000;BR-50/MG;Decrescente;Queda de moto;0;0;0;1;0;0;0;0;0;0;0;1;0;0;0
08/11/2022;13:40:00;200;Sem vítima;240,200;BR-50/MG;Decrescente;Tombamento;0;0;1;0;0;0;0;0;0;0;2;0;0;0;0
08/11/2022;14:13:00;215;Sem vítima;271,800;BR-50/MG;Decrescente;Colisão lateral no mesmo sentido;1;0;0;0;0;1;0;0;0;0;3;0;0;0;0
08/11/2022;14:45:00;229;Sem vítima;172,000;BR-50/MG;Decrescente;Colisão traseira;0;0;1;0;0;1;0;0;0;0;2;0;0;0;0
08/11/2022;19:26:00;313;Sem vítima;56,500;BR-50/MG;Crescente;Choque;1;0;0;0;0;0;0;0;0;0;1;0;0;0;0
09/11/2022;10:23:00;150;Com vítima;84,050;BR-50/MG;Crescente;Choque;0;0;1;0;0;0;0;0;0;0;0;2;0;0;0
09/11/2022;19:06:00;359;Com vítima;55,300;BR-50/MG;Crescente;Choque;1;0;0;0;0;0;0;0;0;0;0;2;0;0;0
10/11/2022;00:15:00;1;Com vítima;96,000;BR-50/MG;Decrescente;Colisão transversal;1;0;0;1;0;0;0;0;0;0;1;0;1;0;0
10/11/2022;16:50:00;313;Sem vítima;98,000;BR-50/MG;Decrescente;Colisão transversal;1;0;0;0;0;0;0;0;0;1;2;0;0;0;0
10/11/2022;17:55:00;336;Sem vítima;172,800;BR-50/MG;Decrescente;Colisão traseira;0;0;0;0;0;1;0;0;0;1;1;0;0;0;0
10/11/2022;21:07:00;401;Sem vítima;20,000;BR-50/MG;Crescente;Colisão traseira;0;0;1;0;0;1;0;0;0;0;2;0;0;0;0
11/11/2022;07:50:00;70;Sem vítima;246,000;BR-50/MG;Crescente;Colisão traseira;0;0;0;0;0;2;0;0;0;0;2;0;0;0;0
11/11/2022;07:54:00;71;Sem vítima;7,200;Contorno de Uberlândia/MG;Crescente;Choque;0;0;0;0;0;1;0;0;0;0;1;0;0;0;0
11/11/2022;15:19:00;255;Com vítima;243,000;BR-50/MG;Decrescente;Choque;1;0;0;0;0;0;0;0;0;0;0;1;0;0;0
11/11/2022;23:15:00;399;Sem vítima;201,800;BR-50/MG;Decrescente;Colisão traseira;0;0;2;0;0;0;0;0;0;0;1;0;0;0;0
12/11/2022;06:40:00;55;Sem vítima;180,000;BR-50/MG;Decrescente;Colisão traseira;1;0;0;1;0;0;0;0;0;0;2;0;0;0;0
12/11/2022;15:05:00;274;Com vítima;273,000;BR-50/MG;Decrescente;Choque;0;0;0;1;0;0;0;0;0;0;0;0;1;0;1
12/11/2022;19:37:00;357;Com vítima;263,500;BR-50/MG;Crescente;Capotamento;2;0;0;0;0;0;0;0;0;0;3;2;2;0;0
13/11/2022;12:26:00;141;Com vítima;194,800;BR-50/MG;Crescente;Choque;1;0;0;0;0;0;0;0;0;0;3;1;0;0;0
13/11/2022;20:37:00;287;Com vítima;190,200;BR-50/MG;Decrescente;Queda de moto;0;0;0;1;0;0;0;0;0;0;0;0;1;0;0
14/11/2022;07:15:00;49;Com vítima;2,500;Contorno de Uberlândia/MG;Decrescente;Capotamento;1;0;0;0;0;0;0;0;0;0;0;2;0;0;0
14/11/2022;08:05:00;64;Sem vítima;58,120;BR-50/MG;Decrescente;Tombamento;0;0;0;0;0;0;0;0;0;1;1;0;0;0;0
14/11/2022;08:54:00;77;Sem vítima;18,900;BR-50/MG;Crescente;Choque;0;0;0;0;0;0;0;0;0;1;2;0;0;0;0
14/11/2022;11:19:00;126;Com vítima;126,780;BR-50/MG;Decrescente;Capotamento;1;0;0;0;0;0;0;0;0;0;4;1;0;0;0
14/11/2022;12:35:00;150;Com vítima;260,000;BR-50/MG;Decrescente;Capotamento;1;0;0;0;0;0;0;0;0;0;3;0;1;0;0
15/11/2022;10:38:00;145;Sem vítima;14,000;BR-50/MG;Decrescente;Colisão lateral no mesmo sentido;1;0;0;0;0;1;0;0;0;0;4;0;0;0;0
15/11/2022;14:11:00;221;Sem vítima;248,400;BR-50/MG;Decrescente;Choque;1;0;0;0;0;0;0;0;0;0;2;0;0;0;0
15/11/2022;14:22:00;225;Sem vítima;51,272;BR-50/MG;Crescente;Colisão traseira;0;0;0;0;0;1;0;0;0;1;5;0;0;0;0
15/11/2022;14:58:00;238;Sem vítima;246,280;BR-50/MG;Crescente;Choque;1;0;0;0;0;0;0;0;0;0;2;0;0;0;0
15/11/2022;16:53:00;299;Com vítima;29,840;BR-50/MG;Crescente;Capotamento;0;0;0;0;0;0;0;0;0;1;2;1;0;0;0
16/11/2022;06:52:00;52;Sem vítima;36,000;BR-50/MG;Decrescente;Colisão lateral no mesmo sentido;0;0;0;0;0;1;0;0;0;1;1;0;0;0;0
16/11/2022;07:57:00;78;Sem vítima;27,720;BR-50/MG;Crescente;Choque;0;0;0;0;0;0;0;0;0;1;5;0;0;0;0
16/11/2022;16:36:00;297;Sem vítima;188,020;BR-50/MG;Decrescente;Choque;0;0;0;0;1;0;0;0;0;0;11;0;0;0;0
16/11/2022;20:44:00;379;Com vítima;119,400;BR-50/MG;Decrescente;Capotamento;1;0;0;0;0;0;0;0;0;0;2;2;0;0;0
17/11/2022;00:34:00;10;Sem vítima;10,500;BR-50/MG;Crescente;Colisão traseira;0;0;1;0;0;0;0;0;0;0;1;0;0;0;0
18/11/2022;14:56:00;271;Sem vítima;153,700;BR-50/MG;Crescente;Choque;0;0;1;0;0;0;0;0;0;0;1;0;0;0;0
19/11/2022;13:24:00;203;Sem vítima;284,200;BR-50/MG;Crescente;Queda de moto;0;0;0;1;0;0;0;0;0;0;1;0;0;0;0
19/11/2022;16:57:00;272;Sem vítima;111,300;BR-50/MG;Decrescente;Choque;1;0;0;0;0;0;0;0;0;0;1;0;0;0;0
20/11/2022;06:41:00;42;Com vítima;81,000;BR-50/MG;Decrescente;Queda de moto;0;0;0;1;0;0;0;0;0;0;0;2;0;0;0
20/11/2022;19:37:00;301;Sem vítima;189,000;BR-50/MG;Decrescente;Engavetamento;3;0;0;0;0;0;0;0;0;0;11;0;0;0;0
20/11/2022;23:42:00;364;Com vítima;206,600;BR-50/MG;Decrescente;Capotamento;1;0;0;0;0;0;0;0;0;0;0;0;0;0;1
21/11/2022;07:32:00;55;Com vítima;180,050;BR-50/MG;Decrescente;Colisão lateral no mesmo sentido;1;0;0;1;0;0;0;0;0;0;1;1;0;0;0
22/11/2022;06:12:00;20;Com vítima;81,700;BR-50/MG;Decrescente;Colisão traseira;1;0;0;0;0;1;0;0;0;0;1;1;0;0;0